Mean,Std,Problems_nonattribue,Problems_pasassez,Problems_tropnombreux,TMnonouverts,NbEnvie1,NbEnvie3,NbEnvie9,NbEnvie2
5.79372197309417,3.3801961739823767,1,0,0,[22],32,75,115.0,
5.632286995515695,3.3983617765195926,1,0,0,[24],35,77,110.0,
5.708520179372197,3.377224866701451,0,1,1,[24],34,77,112.0,
5.641255605381166,3.514000600192802,1,0,0,[],46,62,114.0,
5.654708520179372,3.439576600314577,2,0,0,[],37,72,112.0,
5.551569506726457,3.420366235245886,1,0,0,[15],38,76,108.0,
5.802690582959642,3.4019856321959496,1,0,0,[15],34,72,116.0,
5.869955156950673,3.4190962793330946,0,0,0,[],37,67,119.0,
5.47085201793722,3.4087596077735154,1,0,0,[],38,79,105.0,
5.654708520179372,3.408001023065481,2,0,0,[15],34,76,111.0,
5.632286995515695,3.465302616449084,3,0,0,[],38,70,112.0,
5.47085201793722,3.47160978452658,1,0,0,[],44,71,107.0,
5.609865470852018,3.455677073436469,2,0,0,[],39,71,111.0,
5.986547085201794,3.4777022296983207,2,0,0,[],39,57,125.0,
5.937219730941704,3.4071474133864346,1,0,0,[22],34,67,121.0,
5.834080717488789,3.4594569345120667,0,0,0,[24],41,63,119.0,
5.8923766816143495,3.4624218470112806,3,0,0,"[15, 22]",36,63,121.0,
5.565022421524664,3.4672256835886026,0,0,1,[],44,69,110.0,
5.591928251121076,3.443145345277016,2,0,0,[],38,73,110.0,
5.488789237668161,3.4260015127388743,3,0,0,[],36,78,106.0,
5.381165919282512,3.4981339278036927,1,0,0,[],48,69,105.0,
5.600896860986548,3.461161485925898,0,0,0,[24],43,69,111.0,
5.708520179372197,3.381223865302867,2,0,0,[],31,78,112.0,
5.42152466367713,3.429060151234644,2,0,1,"[22, 30]",39,78,104.0,
5.699551569506727,3.4542505185425,2,0,1,[24],38,69,114.0,
5.618834080717488,3.414727573361411,2,0,0,[15],35,76,110.0,
5.802690582959642,3.4059555588255552,3,0,0,[22],31,73,116.0,
5.376681614349776,3.4066434461717776,0,0,0,[22],41,80,102.0,
5.556053811659193,3.3537993295719426,2,0,0,[24],30,85,106.0,
5.443946188340807,3.50228324968944,3,1,0,[31],44,69,107.0,
5.542600896860987,3.4921696781112903,1,0,0,[],45,67,110.0,
5.452914798206278,3.427009573787923,1,0,0,[24],40,77,105.0,
5.582959641255606,3.4836912484575966,2,0,0,[],42,68,111.0,
5.7040358744394615,3.384161817335932,1,0,0,[23],33,77,112.0,
5.820627802690583,3.4490011036671766,3,0,0,[24],35,67,118.0,
5.591928251121076,3.4392183474847533,0,1,0,[],41,72,110.0,
5.41255605381166,3.465430854125747,0,0,0,[23],46,72,105.0,
5.390134529147982,3.363193929175629,1,0,0,[22],35,86,101.0,
5.426008968609866,3.489062154883447,3,0,0,[],43,71,106.0,
5.430493273542601,3.4200473139211187,2,0,0,[22],38,79,104.0,
5.614349775784754,3.417518514364585,1,0,0,[24],37,75,110.0,
5.860986547085202,3.401569975999318,2,0,0,[22],32,71,118.0,
5.73542600896861,3.3834454789001485,2,0,0,[],31,77,113.0,
5.484304932735426,3.424668766296886,0,0,0,[],41,76,106.0,
5.847533632286996,3.383063369714409,1,0,0,[],32,73,117.0,
5.569506726457399,3.464538921092584,1,0,0,[],42,70,110.0,
5.520179372197309,3.4547650816636555,2,0,0,[],40,73,108.0,
5.659192825112108,3.4680645059753354,3,0,0,[],38,69,113.0,
5.41255605381166,3.4693281816158192,2,0,1,[24],43,73,105.0,
5.807174887892376,3.461960934834692,2,0,0,[],38,65,118.0,
5.721973094170403,3.4319394956752247,3,0,0,[],34,72,114.0,
5.520179372197309,3.3916027681687684,2,0,0,[22],34,81,106.0,
5.426008968609866,3.4225860487620268,1,0,0,[],40,78,104.0,
5.645739910313901,3.6061842858095607,4,0,1,[],50,52,117.0,
5.5874439461883405,3.4143607971881567,1,0,1,[24],37,76,109.0,
5.726457399103139,3.425075721754712,2,0,0,[],35,72,114.0,
5.5291479820627805,3.44163729768456,0,0,0,[],42,73,108.0,
5.690582959641255,3.432522136445124,2,0,0,[22],36,72,113.0,
5.327354260089686,3.397868395802836,3,0,0,[],36,84,100.0,
5.8923766816143495,3.4585167369313083,1,0,0,[23],39,62,121.0,
5.569506726457399,3.4331929336332307,1,0,0,[22],39,74,109.0,
5.901345291479821,3.41685646346879,1,0,0,[],35,67,120.0,
5.542600896860987,3.398028901005885,1,0,0,[23],36,79,107.0,
5.457399103139013,3.392722266268672,2,0,0,[],35,82,104.0,
5.569506726457399,3.4015580993616634,1,0,0,[24],36,78,108.0,
5.726457399103139,3.425075721754712,2,0,0,[],35,72,114.0,
5.847533632286996,3.383063369714409,1,0,1,[22],32,73,117.0,
5.542600896860987,3.4610739438075715,1,0,1,[24],42,71,109.0,
5.502242152466367,3.4378319685232945,0,0,0,[],42,74,107.0,
5.556053811659193,3.38588041124512,2,0,0,[],33,81,107.0,
5.659192825112108,3.464165756799019,1,0,0,[],41,68,113.0,
5.515695067264574,3.4259838248098085,1,0,0,[22],39,76,107.0,
5.762331838565022,3.4487258304120245,2,0,0,[23],37,68,116.0,
5.605381165919282,3.430962320420932,3,0,0,[15],35,75,110.0,
5.695067264573991,3.4296432811585,3,0,0,[],34,73,113.0,
5.847533632286996,3.446382189475776,1,0,1,[24],38,65,119.0,
5.914798206278027,3.3714361670459123,2,0,0,[23],29,73,119.0,
5.748878923766816,3.398421215144583,1,0,0,"[15, 24]",34,74,114.0,
5.565022421524664,3.408261805602827,2,0,1,[],35,78,108.0,
5.47085201793722,3.47160978452658,1,0,0,[],44,71,107.0,
5.538116591928251,3.436309832600136,2,0,0,[],38,75,108.0,
5.699551569506727,3.4188599564193742,0,0,0,[],38,72,113.0,
5.7174887892376685,3.4972330077447427,2,0,1,"[15, 22]",42,63,116.0,
5.533632286995516,3.4702712708096626,1,0,0,[],43,70,109.0,
5.591928251121076,3.47440154341996,2,0,0,[],41,69,111.0,
5.461883408071749,3.5115164513564348,1,0,1,[],48,66,108.0,
5.708520179372197,3.413047178623507,2,0,0,[23],34,74,113.0,
5.834080717488789,3.463360984473125,2,0,1,[],38,64,119.0,
5.686098654708521,3.4393240653156605,3,0,0,"[22, 30]",35,72,113.0,
5.654708520179372,3.3761301451512726,2,0,0,[],31,80,110.0,
5.856502242152466,3.404692093438271,1,0,0,[],34,70,118.0,
5.62780269058296,3.4328222461272646,0,0,1,[],40,72,111.0,
5.596412556053812,3.3769736505098806,3,0,0,"[15, 22]",30,82,108.0,
5.618834080717488,3.4813537395292324,4,0,0,[],38,69,112.0,
5.668161434977579,3.359432026606421,1,0,0,[23],31,81,110.0,
5.721973094170403,3.396316454444768,1,0,0,[],34,75,113.0,
5.865470852017937,3.4301026470342864,3,0,1,[],33,68,119.0,
5.757847533632287,3.392442426377924,3,1,1,[23],30,76,114.0,
5.63677130044843,3.427221759384918,2,0,0,[22],36,74,111.0,
5.542600896860987,3.4296962880534303,1,0,0,[],39,75,108.0,
5.614349775784754,3.421470418263433,3,0,0,[23],34,76,110.0,
5.7309417040358746,3.4181922559136537,1,0,0,[22],36,72,114.0,
5.73542600896861,3.4152480912674665,2,0,0,[23],34,73,114.0,
5.7847533632287,3.3902803316517325,1,0,0,[],33,74,115.0,
5.408071748878924,3.471807607990538,1,0,0,[],45,72,105.0,
5.520179372197309,3.4233296004425675,2,0,1,"[23, 15]",37,77,107.0,
5.269058295964125,3.4873364873303454,4,0,0,[23],44,74,101.0,
5.434977578475336,3.476307955863449,1,0,2,[],45,71,106.0,
5.556053811659193,3.3858804112451204,2,0,0,[],33,81,107.0,
5.497757847533633,3.3488931067140904,1,0,0,"[29, 23]",32,86,104.0,
5.668161434977579,3.489652623583158,3,0,1,[22],40,66,114.0,
5.663677130044843,3.4924473109282186,2,0,0,[],42,65,114.0,
5.484304932735426,3.459999913597206,2,0,0,[22],41,73,107.0,
5.5874439461883405,3.418316351715033,3,0,0,[],34,77,109.0,
5.865470852017937,3.366477645367511,3,1,0,[],27,76,117.0,
5.439461883408072,3.4737968527234044,2,0,0,[23],43,72,106.0,
5.336322869955157,3.4207737025582747,3,0,0,[22],38,81,101.0,
5.605381165919282,3.427021362221303,1,0,0,[],38,74,110.0,
5.677130044843049,3.417465318585235,3,0,0,[24],33,75,112.0,
5.955156950672646,3.4533907932278707,3,0,0,[22],35,62,123.0,
5.192825112107624,3.5213048616579496,1,0,0,[],54,68,100.0,
5.582959641255606,3.4564310387147694,4,0,1,[23],36,73,110.0,
5.573991031390134,3.4304736284126305,2,0,0,[],37,75,109.0,
5.838565022421525,3.361271437910304,1,0,0,[24],30,76,116.0,
5.596412556053812,3.3769736505098806,3,0,0,[23],30,82,108.0,
5.62780269058296,3.4641715878002426,0,0,0,[],43,68,112.0,
5.26457399103139,3.3914240906651454,1,0,0,"[22, 29]",40,84,98.0,
5.713004484304933,3.410128189048846,3,0,0,[],32,75,113.0,
5.233183856502242,3.391745703394488,2,0,0,[],39,85,97.0,
5.57847533632287,3.427746272957838,3,0,1,[],35,76,109.0,
5.57847533632287,3.486380632860066,1,0,0,[],44,67,111.0,
5.663677130044843,3.457447754683576,0,0,0,[],42,68,113.0,
5.766816143497758,3.3824363783273013,3,0,0,[],29,77,114.0,
5.41255605381166,3.5080633263987697,6,0,0,[],40,71,106.0,
5.556053811659193,3.4803498111399773,2,0,0,[],42,69,110.0,
5.874439461883408,3.447472180690359,1,0,0,[15],38,64,120.0,
5.654708520179372,3.4708649362439616,2,0,0,[],40,68,113.0,
5.609865470852018,3.517689080675958,2,0,0,[],45,63,113.0,
5.5291479820627805,3.38222735536925,2,0,0,[],33,82,106.0,
5.542600896860987,3.464976171856124,3,0,0,[],39,72,109.0,
5.7757847533632285,3.43195715290942,1,0,0,[],37,69,116.0,
5.376681614349776,3.41060795113894,2,0,0,[],38,81,102.0,
5.520179372197309,3.4547650816636555,2,0,1,[24],40,73,108.0,
5.417040358744394,3.497885620439748,3,0,1,[],44,70,106.0,
5.798206278026906,3.4050302498366665,0,0,0,[],36,71,116.0,
6.044843049327354,3.37555572302095,1,0,0,[],31,67,124.0,
5.672645739910314,3.388575891452436,2,0,0,[23],32,78,111.0,
5.533632286995516,3.407396404965892,1,0,0,[24],37,78,107.0,
5.556053811659193,3.417660365728233,2,0,0,[],36,77,108.0,
5.5874439461883405,3.382549842523999,1,0,0,[],34,80,108.0,
5.721973094170403,3.332046372171288,1,0,0,[23],28,83,111.0,
5.560538116591928,3.4149464371473863,3,0,0,[],34,78,108.0,
5.520179372197309,3.4547650816636555,2,0,0,[22],40,73,108.0,
5.484304932735426,3.396934937507671,2,0,0,[23],35,81,105.0,
5.753363228699552,3.395436111236468,2,0,0,[],32,75,114.0,
5.493273542600897,3.355605710762016,2,1,0,[],31,86,104.0,
5.62780269058296,3.4367565524100288,2,0,0,[],37,73,111.0,
5.278026905829597,3.474982877551027,2,0,0,[],46,74,101.0,
5.475336322869955,3.4416725125547174,4,0,0,[29],36,77,106.0,
5.461883408071749,3.386130966646451,1,0,0,[22],36,82,104.0,
5.699551569506727,3.422810311518141,2,0,0,[23],35,73,113.0,
5.955156950672646,3.449475459214632,1,0,0,[23],38,61,123.0,
5.569506726457399,3.437126815608667,3,0,0,[22],36,75,109.0,
5.762331838565022,3.4172347939722982,2,0,0,[],34,72,115.0,
5.582959641255606,3.393299735207373,4,0,0,[24],30,81,108.0,
5.659192825112108,3.468064505975336,3,0,0,[22],38,69,113.0,
5.47085201793722,3.444253955043312,3,0,0,[22],38,76,106.0,
5.502242152466367,3.473029209068648,2,0,0,[22],42,71,108.0,
5.551569506726457,3.424314852673034,3,0,0,[],35,77,108.0,
5.968609865470852,3.4982494135956146,2,0,1,[30],41,55,125.0,
5.609865470852018,3.4242499645408806,2,0,0,[22],36,75,110.0,
5.7847533632287,3.3582412824227457,1,0,0,[22],30,78,114.0,
5.614349775784754,3.449006960306247,1,0,1,[],40,71,111.0,
5.484304932735426,3.4286124286475514,2,0,0,[],38,77,106.0,
5.618834080717488,3.410767856839232,0,0,0,[],38,75,110.0,
5.426008968609866,3.3588186656543444,1,0,0,[24],34,86,102.0,
5.62780269058296,3.4719646950648144,4,0,0,[22],37,70,112.0,
5.57847533632287,3.427746272957838,3,1,0,[22],35,76,109.0,
5.457399103139013,3.324320218717772,0,0,0,[22],32,89,102.0,
5.551569506726457,3.424314852673034,3,0,0,[],35,77,108.0,
5.614349775784754,3.421470418263433,3,0,0,[],34,76,110.0,
5.524663677130045,3.3528355283358446,1,0,0,[22],32,85,105.0,
5.7174887892376685,3.434851711213587,2,0,0,[],36,71,114.0,
5.573991031390134,3.4344106251672275,4,0,1,[],34,76,109.0,
5.802690582959642,3.370057866780845,1,0,0,[],31,76,115.0,
5.309417040358745,3.44300454389155,1,0,0,[22],44,77,101.0,
5.533632286995516,3.5358509799574938,3,0,0,[],46,63,111.0,
5.434977578475336,3.480193102548556,3,0,1,[],42,72,106.0,
5.62780269058296,3.4051548253078083,2,0,0,[24],34,77,110.0,
5.816143497757848,3.3888143262613544,2,0,0,[],31,74,116.0,
5.300448430493273,3.4555543193328817,3,0,0,[],42,77,101.0,
5.632286995515695,3.465302616449083,3,0,0,[],38,70,112.0,
5.286995515695067,3.52828486457165,2,0,1,[],51,67,103.0,
5.726457399103139,3.456495322717765,2,0,0,[],38,68,115.0,
5.623318385650224,3.439541363985954,1,0,0,[],39,72,111.0,
5.551569506726457,3.3925972342765545,3,0,0,[],32,81,107.0,
5.37219730941704,3.3852539416093914,3,0,0,[23],34,85,101.0,
5.641255605381166,3.5178441189430774,3,0,0,[22],43,63,114.0,
5.457399103139013,3.424438726601988,2,0,0,[],38,78,105.0,
5.430493273542601,3.5135981953131328,2,0,0,[],47,67,107.0,
5.686098654708521,3.470614677902988,3,0,0,[],38,68,114.0,
5.5291479820627805,3.4767960153073,2,0,0,[22],42,70,109.0,
5.493273542600897,3.351576145498059,0,0,0,[],34,85,104.0,
5.556053811659193,3.449147516660582,2,0,0,[23],39,73,109.0,
5.79372197309417,3.4159873269449266,3,0,0,[],32,72,116.0,
5.273542600896861,3.481168063616141,3,0,0,[],45,74,101.0,
5.551569506726457,3.486884661509408,3,0,0,[29],41,69,110.0,
5.520179372197309,3.4897915428755524,4,0,0,[],40,70,109.0,
5.524663677130045,3.448210366076837,1,0,0,[30],41,73,108.0,
5.62780269058296,3.4367565524100288,2,0,0,[24],37,73,111.0,
5.524663677130045,3.452127134933877,3,0,0,[],38,74,108.0,
5.448430493273543,3.401878754024603,2,0,0,[],36,81,104.0,
5.614349775784754,3.389726184640219,3,0,0,[],31,80,109.0,
5.3408071748878925,3.542597061497182,4,0,0,[],48,66,105.0,
5.766816143497758,3.476999353189551,3,0,0,[],38,65,117.0,
5.322869955156951,3.5251690670775817,2,0,0,[],50,67,104.0,
5.327354260089686,3.4609163624144643,3,0,0,[],42,76,102.0,
5.506726457399103,3.371675813924993,1,0,0,[],34,83,105.0,
5.457399103139013,3.4870063126819657,2,0,0,"[24, 30]",44,70,107.0,
5.829596412556054,3.5587252650435306,1,0,1,[],49,51,122.0,
5.524663677130045,3.4521271349338774,3,0,0,[],38,74,108.0,
5.766816143497758,3.4731106338631847,1,0,0,"[15, 22]",41,64,117.0,
5.672645739910314,3.388575891452436,2,0,0,[],32,78,111.0,
5.7757847533632285,3.4943901230169714,1,0,0,[15],43,61,118.0,
5.663677130044843,3.4299789776582177,2,0,0,[],36,73,112.0,
5.493273542600897,3.4820905431886056,2,0,0,[],43,70,108.0,
5.36322869955157,3.5154603682325973,1,0,0,"[15, 24]",50,67,105.0,
5.484304932735426,3.396934937507671,2,0,0,[22],35,81,105.0,
5.448430493273543,3.433510633928517,2,0,0,[],39,77,105.0,
5.560538116591928,3.4737968527234044,1,0,1,[],43,69,110.0,
5.973094170403588,3.304268714002424,3,1,0,"[23, 15]",21,80,119.0,
5.479820627802691,3.403534988527536,3,0,0,[],34,81,105.0,
5.394618834080718,3.4597255154630955,4,0,0,[23],39,76,104.0,
5.569506726457399,3.40552852437914,3,0,0,[],33,79,108.0,
5.417040358744394,3.466841155499187,3,0,0,[],41,74,105.0,
5.73542600896861,3.477981017391916,2,0,0,[],40,65,116.0,
5.511210762331839,3.3689907951642835,2,1,0,[],32,84,105.0,
5.753363228699552,3.395436111236468,2,1,1,[],32,75,114.0,
5.744394618834081,3.405368372655802,2,0,1,"[15, 23]",33,74,114.0,
5.488789237668161,3.390316079961544,1,1,0,[22],36,81,105.0,
5.721973094170403,3.4002929999868097,3,0,0,[],31,76,113.0,
5.654708520179372,3.4395766003145765,2,0,0,[24],37,72,112.0,
5.493273542600897,3.423382705097126,4,0,0,[],34,79,106.0,
5.708520179372197,3.475819827888423,2,0,0,[],40,66,115.0,
5.605381165919282,3.493413069847397,3,0,0,[],41,67,112.0,
5.560538116591928,3.383140989135601,3,0,0,"[15, 24]",31,82,107.0,
5.618834080717488,3.4462415203364567,2,0,0,[23],38,72,111.0,
5.7040358744394615,3.48256039166446,3,0,0,[],39,66,115.0,
5.506726457399103,3.435204539272618,1,0,0,[],40,75,107.0,
5.650224215246637,3.442394338005148,1,0,0,[24],39,71,112.0,
5.99103139013453,3.4432216102901045,3,0,0,[15],34,62,124.0,
5.7040358744394615,3.4474604621876184,1,0,0,[],39,69,114.0,
5.654708520179372,3.501873730142767,2,0,0,[],43,64,114.0,
5.573991031390134,3.4304736284126305,2,0,1,[24],37,75,109.0,
5.672645739910314,3.4517935924045497,2,0,0,[],38,70,113.0,
5.556053811659193,3.445227360372437,0,0,1,[23],42,72,109.0,
5.219730941704036,3.4025912117544435,1,0,0,[22],42,83,97.0,
5.354260089686099,3.466060315722856,3,0,0,[24],42,75,103.0,
5.73542600896861,3.508926926220425,2,0,1,[15],43,61,117.0,
5.457399103139013,3.455864118924189,2,0,0,[],41,74,106.0,
5.417040358744394,3.4355161739172067,3,0,0,[24],38,78,104.0,
5.57847533632287,3.423801612936901,1,0,0,[],38,75,109.0,
5.632286995515695,3.433963600178757,3,0,1,[],35,74,111.0,
5.623318385650224,3.5056959728461643,3,0,0,[23],42,65,113.0,
5.502242152466367,3.473029209068647,2,0,0,[],42,71,108.0,
5.618834080717488,3.5122699321023707,4,0,1,"[23, 15]",41,65,113.0,
5.79372197309417,3.509646430411045,3,0,0,[],41,60,119.0,
5.600896860986548,3.402092507009673,2,0,0,[24],34,78,109.0,
5.641255605381166,3.388707032673451,1,0,0,[22],34,78,110.0,
5.856502242152466,3.5332449876866687,3,0,0,[],43,55,122.0,
5.645739910313901,3.4491240909992937,2,0,1,[],38,71,112.0,
5.811659192825112,3.5780170196964107,1,0,0,[22],51,49,122.0,
5.403587443946188,3.415437350838,2,0,1,[],38,80,103.0,
5.681614349775785,3.4421830876875994,2,0,0,[],37,71,113.0,
5.484304932735426,3.4286124286475514,2,0,0,[24],38,77,106.0,
5.757847533632287,3.4867340398914264,3,0,0,[],39,64,117.0,
5.286995515695067,3.4664624119025085,2,0,0,[],45,75,101.0,
5.650224215246637,3.4463177168329864,3,0,0,[23],36,72,112.0,
5.5291479820627805,3.350111291762089,2,0,0,"[22, 15]",30,86,105.0,
5.713004484304933,3.410128189048846,3,0,1,"[15, 23]",32,75,113.0,
5.408071748878924,3.475697785183287,3,0,0,[],42,73,105.0,
5.695067264573991,3.488245754157961,1,0,1,[],43,64,115.0,
5.600896860986548,3.4337224177949475,2,0,0,[24],37,74,110.0,
5.47085201793722,3.444253955043312,3,0,0,[23],38,76,106.0,
5.856502242152466,3.440228407295702,3,0,0,[22],34,67,119.0,
5.677130044843049,3.417465318585235,3,0,0,[23],33,75,112.0,
5.573991031390134,3.430473628412631,2,0,0,[22],37,75,109.0,
5.5291479820627805,3.38222735536925,2,0,0,[24],33,82,106.0,
5.605381165919282,3.430962320420932,3,0,0,[],35,75,110.0,
5.569506726457399,3.468437250807976,3,0,0,[],39,71,110.0,
5.650224215246637,3.442394338005148,1,0,0,[15],39,71,112.0,
5.681614349775785,3.4421830876875985,2,0,0,[],37,71,113.0,
5.488789237668161,3.426001512738874,3,0,0,[15],36,78,106.0,
5.41255605381166,3.374550249011723,2,0,0,[24],34,85,102.0,
5.434977578475336,3.4489893903592,3,0,0,[],39,76,105.0,
5.439461883408072,3.4109869746978805,2,0,0,[],37,80,104.0,
5.443946188340807,3.471278114014924,3,0,0,[],41,73,106.0,
5.883408071748879,3.5342396061937578,3,0,0,[],43,54,123.0,
5.663677130044843,3.398314224871075,2,0,0,[22],33,77,111.0,
5.515695067264574,3.488523699258882,1,0,0,[],45,68,109.0,
5.551569506726457,3.486884661509408,3,0,0,[22],41,69,110.0,
5.5874439461883405,3.4143607971881567,1,0,1,"[23, 15]",37,76,109.0,
5.300448430493273,3.4201772484210364,1,0,0,[],42,80,100.0,
5.663677130044843,3.4299789776582177,2,0,0,"[15, 22]",36,73,112.0,
5.677130044843049,3.381689808437438,1,0,0,[],33,78,111.0,
5.511210762331839,3.4639208458840853,2,0,0,[],41,72,108.0,
5.466367713004484,3.3835171195683813,2,0,0,[],34,83,104.0,
5.466367713004484,3.415319064835456,2,0,0,"[29, 24]",37,79,105.0,
5.807174887892376,3.4930487729972666,2,0,0,[],41,61,119.0,
5.233183856502242,3.423471211024154,2,0,0,[22],42,81,98.0,
5.565022421524664,3.4398349890288724,2,0,0,[22],38,74,109.0,
5.708520179372197,3.448497395497512,4,0,0,[22],34,71,114.0,
5.582959641255606,3.452519152497757,2,0,1,[23],39,72,110.0,
5.878923766816143,3.4443653828475744,2,0,0,[23],36,65,120.0,
5.946188340807175,3.3647311313074595,1,0,0,[24],30,72,120.0,
5.659192825112108,3.4680645059753354,3,0,1,[23],38,69,113.0,
5.538116591928251,3.3405952489003696,2,0,0,[22],29,87,105.0,
5.488789237668161,3.390316079961544,1,0,0,[],36,81,105.0,
5.780269058295964,3.4289658987060143,2,0,0,[],35,70,116.0,
5.5291479820627805,3.445561538536281,2,0,0,[],39,74,108.0,
5.5874439461883405,3.48099398345283,3,0,0,[],40,69,111.0,
5.484304932735426,3.459999913597206,2,0,0,[],41,73,107.0,
5.695067264573991,3.461021417473728,3,0,1,[23],37,69,114.0,
5.506726457399103,3.407556461373752,3,0,0,[23],34,80,106.0,
5.336322869955157,3.544934073996174,3,0,0,[22],50,65,105.0,
5.403587443946188,3.415437350838,2,0,0,[],38,80,103.0,
5.62780269058296,3.4051548253078083,2,0,0,[24],34,77,110.0,
5.672645739910314,3.388575891452436,2,0,0,[15],32,78,111.0,
5.565022421524664,3.376393389300901,2,0,0,[22],32,82,107.0,
5.708520179372197,3.3490981787755114,2,0,0,"[22, 15]",28,82,111.0,
5.466367713004484,3.5434864479098014,4,0,0,[22],46,64,109.0,
5.475336322869955,3.437743832319051,2,0,0,[24],39,76,106.0,
5.690582959641255,3.463874194222708,2,0,0,"[22, 15]",39,68,114.0,
5.403587443946188,3.3836365173113787,2,0,0,[23],35,84,102.0,
5.582959641255606,3.4836912484575966,2,0,1,[23],42,68,111.0,
5.394618834080718,3.4243915370621885,2,0,0,[],39,79,103.0,
5.910313901345291,3.40654264378196,1,0,2,[23],34,68,120.0,
5.385650224215246,3.464643866308491,2,0,0,[15],43,74,104.0,
5.309417040358745,3.44300454389155,1,0,1,[15],44,77,101.0,
5.600896860986548,3.4337224177949475,2,0,0,[22],37,74,110.0,
5.551569506726457,3.420366235245886,1,0,0,[23],38,76,108.0,
5.565022421524664,3.4082618056028275,2,0,0,[],35,78,108.0,
5.551569506726457,3.3925972342765545,3,0,0,[23],32,81,107.0,
5.713004484304933,3.472953598621495,3,0,0,[24],38,67,115.0,
5.497757847533633,3.506588958129856,1,0,1,[],47,66,109.0,
5.381165919282512,3.408125489947468,3,0,0,[],36,82,102.0,
5.47085201793722,3.5026119842535945,1,0,0,[22],47,67,108.0,
5.367713004484305,3.3877412374674263,2,0,0,[],36,84,101.0,
5.116591928251121,3.468629431710621,2,0,0,[],49,76,96.0,
5.439461883408072,3.5047797063734616,2,0,0,[],46,68,107.0,
5.672645739910314,3.4517935924045497,2,0,0,[23],38,70,113.0,
5.511210762331839,3.463920845884085,2,0,0,[],41,72,108.0,
5.502242152466367,3.441760548153776,2,0,0,[],39,75,107.0,
5.560538116591928,3.4737968527234044,1,0,0,[24],43,69,110.0,
5.618834080717488,3.3789230765188294,0,0,0,[],35,79,109.0,
5.600896860986548,3.402092507009673,2,0,0,[],34,78,109.0,
5.502242152466367,3.4102051924497987,2,0,0,[23],36,79,106.0,
5.672645739910314,3.384585579521612,0,0,1,[],35,77,111.0,
5.573991031390134,3.426532108153591,0,0,0,[24],40,74,109.0,
5.322869955156951,3.400287059443035,2,0,1,[],38,83,100.0,
5.798206278026906,3.40899663087686,2,0,0,[22],33,72,116.0,
5.57847533632287,3.4902545672499,3,0,0,[],41,68,111.0,
5.475336322869955,3.374262915692144,2,0,0,[22],33,84,104.0,
5.197309417040358,3.425736184213525,2,0,0,[],43,81,97.0,
5.42152466367713,3.460443575179572,2,0,0,[24],42,74,105.0,
5.591928251121076,3.379765884831426,2,0,1,[],32,81,108.0,
5.63677130044843,3.4586218648787943,2,0,0,[],39,70,112.0,
5.304932735426009,3.4217537874519235,4,0,0,[],37,82,100.0,
5.645739910313901,3.4452039080560493,0,0,1,[],41,70,112.0,
5.57847533632287,3.4591416172213254,3,0,0,[],38,72,110.0,
5.753363228699552,3.551065680407744,2,0,0,[],47,55,119.0,
5.533632286995516,3.375519818392163,1,0,0,[22],34,82,106.0,
5.466367713004484,3.3835171195683813,2,0,0,"[15, 22]",34,83,104.0,
5.533632286995516,3.4389775336269204,1,0,0,[22],40,74,108.0,
5.565022421524664,3.4711209958691267,2,0,0,[],41,70,110.0,
5.645739910313901,3.417636724243156,2,0,0,"[23, 15]",35,75,111.0,
5.349775784753363,3.468466369811026,2,0,1,[],44,74,103.0,
5.600896860986548,3.465063615387717,2,0,0,[],40,70,111.0,
5.426008968609866,3.4225860487620268,1,0,0,[],40,78,104.0,
5.506726457399103,3.466532336911832,1,0,0,[24],43,71,108.0,
5.699551569506727,3.422810311518141,2,0,1,[23],35,73,113.0,
5.690582959641255,3.4008810624556656,2,0,0,[],33,76,112.0,
5.591928251121076,3.47440154341996,2,0,0,[22],41,69,111.0,
5.542600896860987,3.4336341761047446,3,0,1,[15],36,76,108.0,
5.538116591928251,3.529429686829449,2,0,1,[22],47,63,111.0,
5.434977578475336,3.47630795586345,1,0,0,[24],45,71,106.0,
5.668161434977579,3.516655317552462,1,0,2,[23],46,61,115.0,
5.596412556053812,3.46779074597353,1,0,0,[22],42,69,111.0,
5.466367713004484,3.47805071082366,2,0,0,[30],43,71,107.0,
5.448430493273543,3.464853747204407,2,0,0,[23],42,73,106.0,
5.260089686098655,3.5265497508291754,4,0,0,[],48,69,102.0,
5.573991031390134,3.4304736284126305,2,0,0,[],37,75,109.0,
5.26457399103139,3.3634161463539893,3,0,0,[],34,89,97.0,
5.748878923766816,3.4925514175446914,1,0,1,[23],43,62,117.0,
5.430493273542601,3.4515126894848978,2,0,0,[],41,75,105.0,
5.686098654708521,3.4745061907417414,5,0,0,[],35,69,114.0,
5.57847533632287,3.486380632860066,1,0,0,[],44,67,111.0,
5.551569506726457,3.420366235245886,1,0,1,"[15, 24]",38,76,108.0,
5.699551569506727,3.5162876840900776,2,0,0,[22],44,61,116.0,
5.605381165919282,3.5242234737310336,3,0,1,[],44,63,113.0,
5.865470852017937,3.492568768345736,3,0,1,[],39,60,121.0,
5.672645739910314,3.4829721820280626,2,0,0,[],41,66,114.0,
5.699551569506727,3.48540712988703,2,0,0,[],41,65,115.0,
5.542600896860987,3.433634176104744,3,0,0,[22],36,76,108.0,
5.695067264573991,3.425700805524121,1,0,0,[15],37,72,113.0,
2.219730941704036,0.7359286094945166,1,0,0,"[29, 23]",38,89,,95.0
2.1659192825112106,0.7965606997651175,2,0,0,[31],49,90,,82.0
2.2600896860986546,0.7620349658758897,1,0,1,[],40,100,,82.0
2.31390134529148,0.7413978331369494,1,0,0,[23],34,106,,82.0
2.201793721973094,0.7995474015640326,2,0,0,[],47,96,,78.0
2.282511210762332,0.7569551194104447,3,0,0,[22],32,101,,87.0
2.25560538116592,0.7723559758844531,2,0,0,[],39,100,,82.0
2.15695067264574,0.826113026038257,2,0,1,[],55,94,,72.0
2.282511210762332,0.7918554835673833,2,0,0,[],41,108,,72.0
2.273542600896861,0.7835984830488433,2,0,1,[],40,105,,76.0
2.291479820627803,0.7535316598715653,1,0,0,[],37,104,,81.0
2.242152466367713,0.7737930643130791,1,0,1,[22],43,99,,80.0
2.2152466367713006,0.7874813352141813,2,0,0,[],44,96,,81.0
2.251121076233184,0.7995979274828522,1,0,0,[],47,105,,70.0
2.242152466367713,0.8135224455674764,2,0,0,[],47,105,,69.0
2.219730941704036,0.8004311446786861,2,0,1,[],46,99,,76.0
2.242152466367713,0.8079664352144086,2,0,2,[],46,104,,71.0
2.2645739910313902,0.7455276096818708,0,1,0,[23],40,99,,84.0
2.2376681614349776,0.7545763904514801,1,0,1,[],40,95,,87.0
2.2152466367713006,0.7988397031499672,1,0,1,[22],49,99,,74.0
2.2645739910313902,0.7575153033543164,1,0,0,[],39,100,,83.0
2.201793721973094,0.7995474015640325,3,0,0,[],44,95,,81.0
2.2600896860986546,0.7967128361408033,2,0,1,[],43,105,,73.0
2.219730941704036,0.7480701412906083,1,0,0,[23],40,91,,91.0
2.233183856502242,0.7765552237890551,1,0,0,[],44,98,,80.0
2.2466367713004485,0.7694474956432639,1,0,0,[],42,99,,81.0
2.286995515695067,0.7816369027416427,1,0,0,[22],42,108,,72.0
2.2242152466367715,0.7792039067118192,1,0,0,[22],45,97,,80.0
2.25560538116592,0.7665016271838024,1,0,0,[23],41,100,,81.0
2.201793721973094,0.7766852717232122,1,0,0,[22],46,93,,83.0
2.233183856502242,0.8161501569301647,3,0,0,[],45,103,,72.0
2.2242152466367715,0.7734013959296636,1,0,0,[],44,96,,82.0
2.2152466367713006,0.7759567225642754,1,0,0,[],45,95,,82.0
2.2780269058295963,0.7733230384485761,1,0,0,[],41,105,,76.0
2.2062780269058297,0.7955711041838471,1,0,0,[],49,97,,76.0
2.2242152466367715,0.767555020970447,0,0,0,[],46,96,,81.0
2.1121076233183858,0.8334161474626786,1,0,0,[],63,90,,69.0
2.251121076233184,0.7709162085400901,2,0,0,[],39,99,,83.0
2.282511210762332,0.7803954695138334,2,0,0,[],39,106,,76.0
2.304932735426009,0.7511689808541343,2,0,0,[23],33,105,,83.0
2.2645739910313902,0.7866857567421867,1,0,0,[],44,105,,73.0
2.210762331838565,0.8028501324352476,2,0,0,[],47,98,,76.0
2.2286995515695067,0.809115641324424,1,0,0,[],50,103,,69.0
2.233183856502242,0.7648659997516241,3,0,0,"[15, 22]",36,94,,90.0
2.2645739910313902,0.7575153033543164,1,0,0,[22],39,100,,83.0
2.242152466367713,0.7737930643130791,1,0,1,[23],43,99,,80.0
2.31390134529148,0.7827731536295985,2,0,1,[22],38,112,,71.0
2.3004484304932737,0.7559671186571336,1,0,0,[],37,106,,79.0
2.2242152466367715,0.7906811912857035,2,0,1,[23],44,98,,79.0
2.31390134529148,0.7594061982938979,3,0,0,[],31,107,,82.0
2.2242152466367715,0.7675550209704469,1,0,0,[],43,95,,84.0
2.2152466367713006,0.7988397031499672,1,0,0,[],49,99,,74.0
2.2286995515695067,0.8146638141250923,1,0,0,[23],51,104,,67.0
2.269058295964125,0.7529416851728671,2,0,1,[22],35,99,,87.0
2.233183856502242,0.782334343233811,1,0,0,[],45,99,,78.0
2.273542600896861,0.7720159095630285,1,0,0,[],41,104,,77.0
2.273542600896861,0.7835984830488432,1,0,0,[],43,106,,73.0
2.233183856502242,0.782334343233811,1,0,0,[23],45,99,,78.0
2.2780269058295963,0.7436285879054765,1,0,0,[23],36,100,,86.0
2.273542600896861,0.7778287559787431,1,0,0,[],42,105,,75.0
2.2242152466367715,0.8019942420435432,2,0,1,[],46,100,,75.0
2.269058295964125,0.7880198191194248,2,0,2,[],41,105,,75.0
2.201793721973094,0.8051615094853983,3,0,0,[],45,96,,79.0
2.291479820627803,0.7942751572923953,4,0,1,[22],35,108,,76.0
2.2376681614349776,0.8065151022193358,2,0,0,[],46,103,,72.0
2.25560538116592,0.7781662820332395,1,0,0,[],43,102,,77.0
2.125560538116592,0.8395738540794152,1,0,0,[],63,93,,66.0
2.251121076233184,0.7882504853261142,3,0,0,[],39,101,,80.0
2.219730941704036,0.7775949982706908,2,0,0,[],42,95,,84.0
2.233183856502242,0.7937663652619052,1,0,0,[],47,101,,74.0
2.219730941704036,0.8171395501373426,1,0,1,[],52,103,,67.0
2.2286995515695067,0.809115641324424,2,0,0,[],47,102,,72.0
2.291479820627803,0.7885835507305808,2,0,0,[],40,109,,72.0
2.2376681614349776,0.7722775123320708,2,0,0,[23],40,97,,84.0
2.2645739910313902,0.7866857567421867,2,0,0,[],41,104,,76.0
2.2286995515695067,0.7749929464077592,1,0,0,[],44,97,,81.0
2.174887892376681,0.783211718172919,2,0,2,[22],46,89,,86.0
2.286995515695067,0.7462587980543306,2,1,1,[],33,101,,87.0
2.242152466367713,0.7853494282146278,2,0,0,[],42,100,,79.0
2.318385650224215,0.7895563209406283,2,0,2,"[23, 15]",39,114,,68.0
2.2152466367713006,0.7988397031499673,3,0,0,[],43,97,,80.0
2.286995515695067,0.7873787250977494,2,0,1,[],40,108,,73.0
2.201793721973094,0.793893593839116,1,0,0,[22],49,96,,77.0
2.2242152466367715,0.8075913405182144,1,0,1,[22],50,102,,70.0
2.25560538116592,0.783933524925707,2,0,0,[22],41,102,,78.0
2.233183856502242,0.7648659997516241,1,0,0,[23],42,96,,84.0
2.1838565022421523,0.8094650758651472,2,0,0,[],50,95,,76.0
2.201793721973094,0.7995474015640325,1,1,1,[],50,97,,75.0
2.242152466367713,0.7910643042168266,2,0,0,[23],43,101,,77.0
2.192825112107623,0.773166299662698,1,0,0,[],46,91,,85.0
2.2152466367713006,0.7817402665218806,1,0,1,[22],46,96,,80.0
2.273542600896861,0.7893260363407869,2,0,0,[22],41,106,,74.0
2.1390134529147984,0.7904001237816577,1,0,2,[],53,86,,83.0
2.192825112107623,0.812926312772057,1,0,0,[],53,98,,71.0
2.273542600896861,0.7543086487581878,2,0,0,[],35,100,,86.0
2.2645739910313902,0.7980554478725429,2,0,0,[23],43,106,,72.0
2.273542600896861,0.8173619985603089,2,0,0,[],46,111,,64.0
2.161434977578476,0.7946565375336264,1,0,1,[],52,90,,80.0
2.304932735426009,0.7747844047433289,2,0,0,[],37,109,,75.0
2.2152466367713006,0.8044587499292531,1,0,1,[23],50,100,,72.0
2.1434977578475336,0.809315336679183,1,0,1,[],56,90,,76.0
2.233183856502242,0.7994210727958736,2,0,0,[],45,101,,75.0
2.2466367713004485,0.7810681574419153,2,0,0,[],41,100,,80.0
2.219730941704036,0.8004311446786861,3,0,0,[23],43,98,,79.0
2.286995515695067,0.7462587980543306,1,0,1,[22],36,102,,84.0
2.2466367713004485,0.7694474956432639,1,0,0,[22],42,99,,81.0
2.273542600896861,0.7543086487581878,2,0,0,[23],35,100,,86.0
2.210762331838565,0.7915493144038954,2,0,0,[24],45,96,,80.0
2.273542600896861,0.7720159095630285,2,0,0,[],38,103,,80.0
2.3004484304932737,0.7851950901118867,1,0,0,[23],42,111,,69.0
2.2376681614349776,0.7722775123320708,1,0,0,[],43,98,,81.0
2.174887892376681,0.783211718172919,1,0,0,[],49,90,,83.0
2.219730941704036,0.7775949982706908,2,0,0,[],42,95,,84.0
2.1838565022421523,0.7982579100938181,2,0,0,[],48,93,,80.0
2.25560538116592,0.8065902352114611,2,1,0,[],45,106,,70.0
2.1390134529147984,0.856061016389701,2,0,1,[],62,97,,62.0
2.179372197309417,0.7850664518485827,1,0,0,[],49,91,,82.0
2.251121076233184,0.7767372848002319,1,0,0,[],43,101,,78.0
2.2286995515695067,0.8201744564748722,3,0,0,[],46,103,,71.0
2.2242152466367715,0.7849635260596319,2,0,0,[24],43,97,,81.0
2.210762331838565,0.7742888931828027,1,1,0,[],45,94,,83.0
2.1838565022421523,0.809465075865147,1,0,0,[15],53,96,,73.0
2.309417040358744,0.7463129316584098,2,0,0,[],32,105,,84.0
2.25560538116592,0.7781662820332395,1,0,0,[],43,102,,77.0
2.233183856502242,0.782334343233811,3,0,0,[30],39,97,,84.0
2.31390134529148,0.7534512359789333,1,0,0,[],36,108,,78.0
2.201793721973094,0.793893593839116,2,0,0,[29],46,95,,80.0
2.2286995515695067,0.7922380286307942,3,0,0,[23],41,98,,81.0
2.2600896860986546,0.7679233674179199,0,0,1,[],44,102,,77.0
2.2645739910313902,0.7455276096818708,1,0,0,[],37,98,,87.0
2.210762331838565,0.7324344523868239,1,0,1,[],38,87,,97.0
2.219730941704036,0.8004311446786861,2,0,1,[],46,99,,76.0
2.201793721973094,0.8051615094853983,1,0,0,[],51,98,,73.0
2.219730941704036,0.8060390973027554,3,0,0,[24],44,99,,77.0
2.251121076233184,0.7591401600309455,1,0,0,[23],40,98,,84.0
2.233183856502242,0.7937663652619054,2,0,0,[],44,100,,77.0
2.251121076233184,0.7995979274828522,1,0,0,[22],47,105,,70.0
2.2062780269058297,0.772591318729553,1,0,0,[],45,93,,84.0
2.192825112107623,0.7961294888208481,1,0,0,[22],50,95,,77.0
2.2600896860986546,0.7910387691273503,2,0,0,[],42,104,,75.0
2.233183856502242,0.7648659997516241,2,0,0,[],39,95,,87.0
2.210762331838565,0.8028501324352476,1,0,0,[],50,99,,73.0
2.25560538116592,0.7953425611146823,1,0,1,[],46,105,,71.0
2.219730941704036,0.8116083017007957,3,0,0,[],45,100,,75.0
2.295964125560538,0.7607084408895175,1,0,0,[22],38,106,,78.0
2.2645739910313902,0.7809388393798953,2,0,0,[23],40,103,,78.0
2.295964125560538,0.778270106754453,2,0,0,[],38,108,,75.0
2.2062780269058297,0.7955711041838472,2,0,0,[],46,96,,79.0
2.2466367713004485,0.7868141302612184,1,0,0,[],45,102,,75.0
2.269058295964125,0.7706803541663586,1,0,1,[23],41,103,,78.0
2.242152466367713,0.7795926599115939,1,0,0,[],44,100,,78.0
2.201793721973094,0.7995474015640326,1,0,0,[],50,97,,75.0
2.2645739910313902,0.7575153033543164,1,0,0,[],39,100,,83.0
2.25560538116592,0.7723559758844534,1,0,0,[22],42,101,,79.0
2.2152466367713006,0.7759567225642754,2,0,0,[],42,94,,85.0
2.286995515695067,0.7700248240865551,2,0,0,[23],37,105,,79.0
2.273542600896861,0.7893260363407869,2,0,1,"[23, 30]",41,106,,74.0
2.219730941704036,0.7775949982706908,2,0,0,[],42,95,,84.0
2.242152466367713,0.7737930643130791,1,0,0,[],43,99,,80.0
2.2286995515695067,0.7632797972983183,2,0,0,[23],39,94,,88.0
2.233183856502242,0.7707327724867163,2,0,1,[],40,96,,85.0
2.219730941704036,0.8060390973027554,1,0,1,[22],50,101,,71.0
2.161434977578476,0.7832375084397543,1,0,1,[],50,88,,84.0
2.2466367713004485,0.7810681574419153,0,0,0,[],47,102,,74.0
2.197309417040359,0.8310375194807956,3,0,1,[],50,100,,70.0
2.2286995515695067,0.8035291606574244,3,0,0,[30],43,100,,77.0
2.251121076233184,0.7882504853261143,1,0,1,[],45,103,,74.0
2.2645739910313902,0.7575153033543164,2,0,0,[15],36,99,,86.0
2.201793721973094,0.827237023103319,2,0,1,[],52,101,,68.0
2.2152466367713006,0.7701297463958152,2,0,0,[],41,93,,87.0
2.282511210762332,0.7861463590494621,1,0,0,[23],43,108,,71.0
2.210762331838565,0.7915493144038954,1,0,0,[],48,97,,77.0
2.291479820627803,0.7942751572923954,3,1,0,[],38,109,,73.0
2.2376681614349776,0.8009104825752105,2,0,0,[22],45,102,,74.0
2.2600896860986546,0.7910387691273503,3,0,0,[23],39,103,,78.0
2.242152466367713,0.7967381893790839,2,0,0,[23],44,102,,75.0
2.2376681614349776,0.7780884044006957,2,0,0,[22],41,98,,82.0
2.269058295964125,0.7765031985169107,2,0,0,[23],39,103,,79.0
2.291479820627803,0.7475299013549809,1,0,0,[23],36,103,,83.0
2.251121076233184,0.7709162085400901,2,0,0,[],39,99,,83.0
2.2242152466367715,0.7906811912857037,1,0,0,[23],47,99,,76.0
2.2286995515695067,0.7922380286307941,1,0,2,[22],47,100,,75.0
2.2376681614349776,0.7722775123320708,1,0,0,[22],43,98,,81.0
2.336322869955157,0.7466917569989003,2,0,0,[23],31,110,,80.0
2.2152466367713006,0.7988397031499672,2,0,0,[],46,98,,77.0
2.2645739910313902,0.7866857567421867,2,0,0,[22],41,104,,76.0
2.273542600896861,0.7720159095630285,2,0,0,[],38,103,,80.0
2.2645739910313902,0.7515453584494904,2,0,0,[22],35,98,,88.0
2.2466367713004485,0.7635708477559116,1,0,0,[],41,98,,83.0
2.179372197309417,0.8076913828029608,1,0,0,[],53,95,,74.0
2.251121076233184,0.776737284800232,2,0,0,[],40,100,,81.0
2.25560538116592,0.7781662820332395,2,0,1,"[22, 15]",40,101,,80.0
2.2780269058295963,0.7615842066228264,3,0,0,[30],33,101,,86.0
2.282511210762332,0.7509807213189108,3,0,0,"[15, 22]",31,100,,89.0
2.2600896860986546,0.7910387691273504,1,0,0,[],45,105,,72.0
2.2152466367713006,0.7874813352141813,2,0,0,[],44,96,,81.0
2.251121076233184,0.776737284800232,2,0,0,[22],40,100,,81.0
2.269058295964125,0.782282702298857,3,0,0,[],37,103,,80.0
2.251121076233184,0.7767372848002319,1,0,0,[22],43,101,,78.0
2.179372197309417,0.8458300260201349,4,0,0,[],51,99,,69.0
2.2645739910313902,0.7923909949450687,1,0,0,[22],45,106,,71.0
2.2062780269058297,0.784165393137371,1,0,0,[22],47,95,,80.0
2.251121076233184,0.7471785359295271,0,0,0,[],41,97,,85.0
2.2376681614349776,0.7780884044006958,2,0,0,[23],41,98,,82.0
2.201793721973094,0.816273896663873,2,0,1,[],50,99,,72.0
2.201793721973094,0.8051615094853983,1,0,1,[],51,98,,73.0
2.192825112107623,0.7731662996626981,2,0,0,[],43,90,,88.0
2.2780269058295963,0.7674760665886129,1,0,0,[22],40,104,,78.0
2.269058295964125,0.7648131793379184,2,0,0,[22],37,101,,83.0
2.25560538116592,0.7723559758844531,1,0,0,[],42,101,,79.0
2.233183856502242,0.7707327724867163,1,0,0,[29],43,97,,82.0
2.2780269058295963,0.7674760665886129,2,0,0,[],37,103,,81.0
2.1838565022421523,0.7577285978266145,2,0,1,"[23, 15]",41,86,,94.0
2.2645739910313902,0.7866857567421867,2,0,0,[22],41,104,,76.0
2.2780269058295963,0.7791261327951637,1,0,0,[],42,106,,74.0
2.251121076233184,0.7531830943155858,1,0,0,[],39,97,,86.0
2.2286995515695067,0.7807836294331413,1,0,0,[],45,98,,79.0
2.2466367713004485,0.7694474956432639,1,0,1,[23],42,99,,81.0
2.282511210762332,0.7918554835673834,2,0,1,"[22, 15]",41,108,,72.0
2.2780269058295963,0.7733230384485762,1,0,0,[],41,105,,76.0
2.233183856502242,0.7648659997516241,0,0,1,[23],45,97,,81.0
2.273542600896861,0.748313122016709,1,0,0,[],37,100,,85.0
2.219730941704036,0.8226336082410369,1,0,1,[],53,104,,65.0
2.2600896860986546,0.7737669592554896,1,0,0,[],42,102,,78.0
2.1838565022421523,0.8150108698995231,2,0,0,[],51,96,,74.0
2.3318385650224216,0.7396247715228201,2,0,0,[],30,108,,83.0
2.2780269058295963,0.7496615808211743,2,0,0,[23],34,100,,87.0
2.2376681614349776,0.8231000164833508,4,0,0,[],43,104,,72.0
2.304932735426009,0.7630680545111667,2,0,0,[],35,107,,79.0
2.2376681614349776,0.7895819039725003,1,0,1,[22],46,101,,75.0
2.210762331838565,0.75663482809029,1,0,0,[],42,91,,89.0
2.2645739910313902,0.7751493158372836,1,0,1,[22],42,103,,77.0
2.179372197309417,0.790783372882316,2,0,0,[],47,91,,83.0
2.31390134529148,0.7594061982938979,1,0,1,[22],37,109,,76.0
2.273542600896861,0.8006582352436495,1,1,0,[],46,109,,67.0
2.2600896860986546,0.7620349658758897,1,0,0,[22],40,100,,82.0
2.1524663677130045,0.8020697985223055,1,0,0,[],54,90,,78.0
2.2780269058295963,0.7733230384485762,3,0,0,[23],35,103,,82.0
2.251121076233184,0.7939444795613,1,0,0,[22],46,104,,72.0
2.2062780269058297,0.778399868181694,3,0,0,[29],40,92,,88.0
2.269058295964125,0.7937154681206736,2,0,0,[],42,106,,73.0
2.273542600896861,0.760256895135067,1,0,1,[],39,102,,81.0
2.2600896860986546,0.8023467780707614,2,0,0,[23],44,106,,71.0
2.251121076233184,0.7882504853261142,1,1,1,[],45,103,,74.0
2.31390134529148,0.7653148260789152,1,0,0,[23],38,110,,74.0
2.1838565022421523,0.7982579100938182,1,0,0,[],51,94,,77.0
2.2286995515695067,0.7691586689186899,1,0,0,[22],43,96,,83.0
2.219730941704036,0.8116083017007956,2,0,0,[22],48,101,,72.0
2.295964125560538,0.7607084408895177,2,0,0,"[15, 22]",35,105,,81.0
2.269058295964125,0.8105623179997001,1,0,1,[],48,110,,64.0
2.3004484304932737,0.7851950901118867,2,0,2,[],39,110,,72.0
2.2466367713004485,0.8038056373314041,2,1,1,[],45,104,,72.0
2.295964125560538,0.7547637531251429,1,0,0,[15],37,105,,80.0
2.179372197309417,0.8296995877365463,1,0,0,[],57,99,,66.0
2.233183856502242,0.8216508307463344,2,0,1,[],49,105,,67.0
2.251121076233184,0.7939444795613001,1,0,0,[],46,104,,72.0
2.2466367713004485,0.7925184443202106,1,0,0,[],46,103,,73.0
2.2376681614349776,0.7952663654963961,2,0,1,[],44,101,,76.0
2.2376681614349776,0.8120810422099968,2,0,0,[22],47,104,,70.0
2.242152466367713,0.7795926599115939,2,0,0,[],41,99,,81.0
2.2780269058295963,0.7615842066228263,2,0,0,[],36,102,,83.0
2.2376681614349776,0.7952663654963961,1,0,0,[],47,102,,73.0
2.309417040358744,0.7759046571619578,3,0,1,[23],34,109,,77.0
2.291479820627803,0.7712567597472474,1,0,0,[22],40,107,,75.0
2.2242152466367715,0.8075913405182144,1,0,0,[],50,102,,70.0
2.2600896860986546,0.7795667490628981,2,0,0,[22],40,102,,79.0
2.179372197309417,0.7907833728823159,1,0,1,[22],50,92,,80.0
2.210762331838565,0.8139940744067569,1,1,0,[],52,101,,69.0
2.282511210762332,0.7569551194104447,1,0,0,[23],38,103,,81.0
2.2286995515695067,0.8035291606574244,3,0,0,[22],43,100,,77.0
2.269058295964125,0.7937154681206736,2,0,0,[22],42,106,,73.0
2.304932735426009,0.780576634829972,2,0,1,[],38,110,,73.0
2.2376681614349776,0.7605225427532004,1,0,1,[15],41,96,,85.0
2.2376681614349776,0.7780884044006957,2,0,0,[],41,98,,82.0
2.2600896860986546,0.7795667490628979,2,0,0,[23],40,102,,79.0
2.25560538116592,0.8009861412842743,3,0,0,[],41,104,,75.0
2.2242152466367715,0.7906811912857037,1,0,0,[],47,99,,76.0
2.1838565022421523,0.7982579100938181,2,0,0,[],48,93,,80.0
2.1704035874439462,0.8261619272740439,2,0,0,[],54,96,,71.0
2.233183856502242,0.7707327724867163,2,0,0,[],40,96,,85.0
2.2600896860986546,0.7910387691273504,3,0,0,[],39,103,,78.0
2.269058295964125,0.7937154681206736,1,0,0,[22],45,107,,70.0
2.1704035874439462,0.8261619272740439,1,0,1,[],57,97,,68.0
2.210762331838565,0.8139940744067568,3,0,0,[22],46,99,,75.0
2.251121076233184,0.7650508424809548,1,0,0,[],41,99,,82.0
2.25560538116592,0.760602218946545,3,0,0,[22],34,97,,89.0
2.2152466367713006,0.7874813352141813,2,0,0,[29],44,96,,81.0
2.219730941704036,0.8226336082410369,1,0,1,[],53,104,,65.0
2.233183856502242,0.7880710841111273,2,0,0,[24],43,99,,79.0
2.269058295964125,0.7706803541663586,1,0,1,[],41,103,,78.0
2.2780269058295963,0.7848863228604229,1,0,1,[],43,107,,72.0
2.2466367713004485,0.7868141302612185,1,0,0,[],45,102,,75.0
2.219730941704036,0.8226336082410369,1,0,0,[22],53,104,,65.0
2.3004484304932737,0.8022208901311664,2,0,1,[],42,113,,66.0
2.197309417040359,0.7921870332956295,1,0,0,[],49,95,,78.0
2.242152466367713,0.7795926599115937,1,0,1,[22],44,100,,78.0
2.304932735426009,0.7329582599100796,1,0,0,[22],33,103,,86.0
2.2600896860986546,0.7910387691273504,2,0,0,[],42,104,,75.0
2.2466367713004485,0.7752795996030719,1,0,0,[22],43,100,,79.0
2.269058295964125,0.7706803541663586,2,0,0,[],38,102,,81.0
2.2645739910313902,0.7980554478725429,4,0,0,[22],37,104,,78.0
2.269058295964125,0.7880198191194248,1,0,1,[],44,106,,72.0
2.2466367713004485,0.7694474956432639,1,0,0,[22],42,99,,81
2.273542600896861,0.7778287559787432,1,0,0,[22],42,105,,75
2.2556053811659194,0.7839335249257069,2,0,0,[22],41,102,,78
2.2466367713004485,0.7752795996030719,1,0,1,[22],43,100,,79
2.1659192825112106,0.8459255460685502,3,0,3,[],55,98,,67
2.1479820627802693,0.8057132476971224,1,0,0,[],55,90,,77
2.2600896860986546,0.7620349658758898,1,0,0,[],40,100,,82
2.2780269058295963,0.7496615808211742,1,0,0,[22],37,101,,84
2.295964125560538,0.7305013942461134,2,0,0,[],30,100,,91
2.2600896860986546,0.7561007077158832,1,1,0,[],39,99,,84
2.2511210762331837,0.8052116831267923,2,0,0,[],45,105,,71
2.2511210762331837,0.7591401600309455,2,0,0,[],37,97,,87
2.2466367713004485,0.7635708477559116,2,0,0,[],38,97,,86
2.197309417040359,0.7978529342746943,2,0,0,[],47,95,,79
2.2242152466367715,0.7849635260596319,1,0,0,[],46,98,,78
2.286995515695067,0.7873787250977494,2,0,0,[15],40,108,,73
2.201793721973094,0.821773742208786,1,0,0,[],54,101,,67
2.201793721973094,0.8107367423312047,1,0,0,[23],52,99,,71
2.2466367713004485,0.7868141302612184,3,0,0,[],39,100,,81
2.2376681614349776,0.7952663654963962,1,0,0,[23],47,102,,73
2.2600896860986546,0.7853237073038764,2,0,0,[],41,103,,77
2.2780269058295963,0.7906045464215122,3,0,0,[22],38,106,,76
2.295964125560538,0.7666070316984899,2,0,0,[15],36,106,,79
2.210762331838565,0.7800848025152514,1,0,0,[],46,95,,81
2.2690582959641254,0.7706803541663586,2,0,0,[],38,102,,81
2.2152466367713006,0.7931808509537526,2,0,0,[],45,97,,79
2.242152466367713,0.7561274226954064,1,0,1,[24],40,96,,86
2.201793721973094,0.7995474015640325,1,0,1,[],50,97,,75
2.2600896860986546,0.7620349658758898,3,0,0,[],34,98,,88
2.2780269058295963,0.7791261327951635,0,0,0,[],45,107,,71
2.233183856502242,0.7994210727958736,2,0,0,[],45,101,,75
2.2780269058295963,0.7314133296107441,0,0,0,[],37,99,,87
2.2152466367713006,0.7817402665218804,2,0,0,[],43,95,,83
2.2242152466367715,0.8019942420435432,2,0,0,[],46,100,,75
2.2556053811659194,0.7781662820332392,1,0,0,[22],43,102,,77
2.192825112107623,0.7961294888208482,2,0,0,[],47,94,,80
2.233183856502242,0.7648659997516241,3,0,0,[22],36,94,,90
2.242152466367713,0.7795926599115939,1,0,0,[22],44,100,,78
2.2511210762331837,0.827285857899141,1,0,0,[22],52,110,,60
2.2466367713004485,0.7752795996030719,1,0,0,[22],43,100,,79
2.1434977578475336,0.8312805484432889,1,0,1,[22],60,94,,68
2.1659192825112106,0.8352077654532175,2,0,0,[23],56,97,,68
2.192825112107623,0.7847318936758765,1,0,0,[],48,93,,81
2.188340807174888,0.8167439366790845,1,0,0,[22],54,98,,70
2.2600896860986546,0.7795667490628979,3,0,0,[22],37,101,,82
2.2556053811659194,0.754656694436218,2,0,0,[15],36,97,,88
2.295964125560538,0.7547637531251429,1,0,0,[],37,105,,80
2.1748878923766815,0.8599690236337015,3,1,1,[29],57,102,,61
2.2645739910313902,0.7455276096818708,2,0,0,[],34,97,,90
2.2286995515695067,0.7749929464077593,0,0,0,[],47,98,,78
2.2780269058295963,0.7848863228604229,2,0,0,[],40,106,,75
2.2152466367713006,0.7759567225642753,1,0,0,[],45,95,,82
2.2466367713004485,0.7868141302612184,2,0,0,[],42,101,,78
2.2466367713004485,0.7752795996030719,3,0,0,[],37,98,,85
2.2556053811659194,0.7486639549546846,1,0,0,[],38,97,,87
2.2376681614349776,0.8065151022193359,1,0,0,[],49,104,,69
2.282511210762332,0.7746018847309291,2,1,0,[],38,105,,78
2.2466367713004485,0.8149365132473588,2,0,0,[],47,106,,68
2.2376681614349776,0.8009104825752106,1,0,1,[22],48,103,,71
2.2600896860986546,0.8023467780707614,2,0,0,[],44,106,,71
2.318385650224215,0.7604959821670693,2,0,0,[22],34,109,,78
2.2242152466367715,0.8019942420435432,2,0,1,[],46,100,,75
2.201793721973094,0.7881992320027836,2,0,0,[15],45,94,,82
2.188340807174888,0.8112099907502615,3,0,0,[],47,95,,78
2.242152466367713,0.851399925126348,4,0,0,[],48,110,,61
2.2242152466367715,0.8296021994402151,2,0,1,[],51,105,,65
2.219730941704036,0.7659216430664286,1,0,0,"[15, 23]",43,94,,85
2.197309417040359,0.7921870332956295,2,0,1,[],46,94,,81
2.291479820627803,0.8055377356212914,1,0,0,[],46,113,,63
2.210762331838565,0.7915493144038952,1,0,0,[],48,97,,77
2.201793721973094,0.7708638026932847,1,0,0,"[22, 29]",45,92,,85
2.2286995515695067,0.7749929464077593,1,0,0,[23],44,97,,81
2.1838565022421523,0.7868911443200591,1,0,0,[23],49,92,,81
2.282511210762332,0.7975237400007247,2,0,0,[],42,109,,70
2.2645739910313902,0.8092654174602193,2,0,0,[],45,108,,68
2.1524663677130045,0.8242281223894559,1,0,2,[22],58,94,,70
2.2376681614349776,0.7780884044006957,2,0,0,[],41,98,,82
2.2286995515695067,0.809115641324424,3,0,0,[30],44,101,,75
2.192825112107623,0.812926312772057,1,0,1,[23],53,98,,71
2.2062780269058297,0.7955711041838471,2,0,1,[],46,96,,79
2.2690582959641254,0.7648131793379184,2,0,0,[22],37,101,,83
2.233183856502242,0.7589538777600667,1,0,1,[],41,95,,86
2.2645739910313902,0.7515453584494903,1,0,0,[24],38,99,,85
2.2600896860986546,0.7679233674179199,2,0,0,"[29, 23]",38,100,,83
2.2152466367713006,0.7701297463958152,2,0,1,[23],41,93,,87
2.1704035874439462,0.7984350224233138,2,0,0,[],49,91,,81
2.2242152466367715,0.7963578060532767,1,0,1,[],48,100,,74
2.1121076233183858,0.8441566755464006,1,0,0,[29],65,92,,65
2.1659192825112106,0.802195710172588,1,0,1,[],53,92,,77
2.2645739910313902,0.7923909949450687,2,0,0,[],42,105,,74
2.210762331838565,0.8084413053279155,2,0,0,[22],48,99,,74
2.2376681614349776,0.8009104825752106,2,0,1,[],45,102,,74
2.2286995515695067,0.7865316808621241,1,0,0,[],46,99,,77
2.2376681614349776,0.7780884044006958,2,0,0,[22],41,98,,82
2.2511210762331837,0.7650508424809548,1,0,0,[],41,99,,82
2.2242152466367715,0.7963578060532768,3,0,0,[22],42,98,,80
2.2600896860986546,0.7318826710425813,1,0,0,[],35,95,,92
2.192825112107623,0.823933982801529,2,0,0,[],52,99,,70
2.2466367713004485,0.7752795996030719,3,0,0,[23],37,98,,85
2.309417040358744,0.7759046571619578,2,0,1,[],37,110,,74
2.304932735426009,0.7451481925016189,0,0,1,[22],38,106,,79
2.2466367713004485,0.803805637331404,2,0,0,[],45,104,,72
2.304932735426009,0.7571418934429978,2,0,0,[15],34,106,,81
2.2286995515695067,0.7691586689186899,2,0,0,[],40,95,,86
2.3318385650224216,0.7396247715228201,2,0,0,"[15, 22]",30,108,,83
2.2556053811659194,0.783933524925707,1,0,0,[],44,103,,75
2.2062780269058297,0.7955711041838471,1,0,1,[23],49,97,,76
2.2556053811659194,0.8065902352114613,1,0,0,[],48,107,,67
2.242152466367713,0.7441173706707698,1,0,0,[23],38,94,,90
2.2600896860986546,0.7853237073038762,2,0,0,[22],41,103,,77
2.2645739910313902,0.7634385658486156,1,0,0,[],40,101,,81
2.2780269058295963,0.7615842066228264,2,0,0,[22],36,102,,83
2.1569506726457397,0.8151347825801988,2,0,0,[],53,92,,76
2.2556053811659194,0.8009861412842741,2,1,0,[],44,105,,72
2.1479820627802693,0.8277740474010287,2,0,1,[],56,93,,72
2.2690582959641254,0.8105623179997001,1,0,0,[],48,110,,64
2.2242152466367715,0.7437100740079479,2,0,1,[22],36,90,,95
2.197309417040359,0.8034788819500788,3,0,0,[22],45,95,,80
2.3228699551569507,0.7436014238869872,0,0,0,[15],37,109,,77
2.2690582959641254,0.7408799924771481,2,0,0,"[15, 22]",33,97,,91
2.2466367713004485,0.7810681574419153,2,0,0,[22],41,100,,80
2.2062780269058297,0.7898888357251903,1,0,0,[],48,96,,78
2.2286995515695067,0.7807836294331414,2,0,0,[],42,97,,82
2.2466367713004485,0.7925184443202106,2,0,0,[23],43,102,,76
2.2556053811659194,0.7781662820332395,1,0,0,[],43,102,,77
2.2556053811659194,0.7781662820332393,2,0,0,[],40,101,,80
2.210762331838565,0.7915493144038954,1,0,1,[],48,97,,77
2.282511210762332,0.7628827313622254,1,0,0,[22],39,104,,79
2.2556053811659194,0.7953425611146823,3,0,1,[24],40,103,,77
2.282511210762332,0.786146359049462,2,0,0,[],40,107,,74
2.2600896860986546,0.8134976154227801,1,0,1,[22],49,109,,64
2.2466367713004485,0.7694474956432639,1,0,0,[22],42,99,,81
2.2511210762331837,0.810786570962353,1,0,0,[],49,107,,66
2.1704035874439462,0.7870708144850116,1,0,0,[22],50,90,,82
2.2466367713004485,0.7810681574419153,2,0,0,[23],41,100,,80
2.3228699551569507,0.7674497466562816,1,0,0,[],38,112,,72
2.1479820627802693,0.8223143343890289,2,0,0,[],55,92,,74
2.3004484304932737,0.7677918354012283,1,0,0,[22],39,108,,75
2.2645739910313902,0.7751493158372836,2,0,0,[],39,102,,80
2.192825112107623,0.8293830339621129,2,0,1,[],53,100,,68
2.2556053811659194,0.8121556602939421,3,0,0,[],43,106,,71
2.1659192825112106,0.7908855412771717,1,0,0,[],51,90,,81
2.291479820627803,0.7475299013549809,0,0,1,[],39,104,,80
2.233183856502242,0.782334343233811,2,0,0,[22],42,98,,81
2.2242152466367715,0.8019942420435432,3,0,0,[],43,99,,78
2.210762331838565,0.7742888931828027,2,0,0,[],42,93,,86
2.2062780269058297,0.7955711041838471,1,0,1,"[29, 22]",49,97,,76
2.242152466367713,0.773793064313079,3,0,0,[],37,97,,86
2.2600896860986546,0.7737669592554896,2,0,0,[22],39,101,,81
2.3004484304932737,0.7559671186571336,2,0,0,[],34,105,,82
2.2690582959641254,0.7648131793379185,1,0,0,[],40,102,,80
2.2511210762331837,0.7531830943155858,1,0,1,[],39,97,,86
2.286995515695067,0.7582349317273058,2,0,1,[23],35,103,,83
2.1390134529147984,0.8401270360815327,2,0,0,[],59,94,,68
2.2556053811659194,0.7896586480951457,3,0,1,[30],39,102,,79
2.2376681614349776,0.8009104825752106,2,0,0,[22],45,102,,74
2.2062780269058297,0.8123794734231858,3,0,0,[],46,98,,76
2.1838565022421523,0.8205191814110054,2,0,0,[],52,97,,72
2.2780269058295963,0.7674760665886129,2,0,0,[22],37,103,,81
2.2152466367713006,0.7583414852595529,1,0,0,[29],42,92,,88
2.1300448430493275,0.8088160058464324,2,0,0,[],54,87,,80
2.2242152466367715,0.7792039067118192,1,0,0,[],45,97,,80
2.2062780269058297,0.8068155922082343,1,0,0,[],51,99,,72
2.273542600896861,0.7543086487581878,1,0,0,[],38,101,,83
2.295964125560538,0.7607084408895175,2,0,0,[22],35,105,,81
2.188340807174888,0.8056380329180285,1,0,0,[],52,96,,74
2.179372197309417,0.7850664518485827,1,0,0,[],49,91,,82
2.2600896860986546,0.8023467780707614,2,0,1,[],44,106,,71
2.1479820627802693,0.8057132476971225,2,0,1,[15],52,89,,80
2.286995515695067,0.8043583055850074,2,0,0,[],43,111,,67
2.3004484304932737,0.7794371818990962,0,0,1,[],44,111,,68
2.2242152466367715,0.8075913405182144,1,0,0,[],50,102,,70
2.273542600896861,0.7950123273600644,4,0,0,[],36,105,,78
2.2152466367713006,0.8319849309829966,1,0,0,[],55,105,,62
2.2645739910313902,0.7634385658486156,2,0,0,[],37,100,,84
2.327354260089686,0.7324620305426929,0,1,0,[],35,108,,80
2.219730941704036,0.8280912162417113,1,0,2,[],54,105,,63
2.1659192825112106,0.8133486186361424,1,0,1,[],55,94,,73
2.2645739910313902,0.8092654174602193,1,0,0,[],48,109,,65
2.2556053811659194,0.7665016271838027,3,0,0,[],35,98,,87
2.2152466367713006,0.7759567225642754,1,0,1,[23],45,95,,82
2.2242152466367715,0.7849635260596319,2,0,0,[],43,97,,81
2.336322869955157,0.7466917569989002,1,0,0,[],34,111,,77
2.2376681614349776,0.7838562202801159,2,0,0,[22],42,99,,80
2.219730941704036,0.760017732890864,2,0,0,[22],39,92,,90
2.2511210762331837,0.7709162085400901,2,0,0,[22],39,99,,83
2.309417040358744,0.7523243987599892,2,0,1,[22],33,106,,82
2.2780269058295963,0.7848863228604229,2,0,0,[],40,106,,75
2.2511210762331837,0.8163233873054843,2,0,0,[],47,107,,67
2.286995515695067,0.7462587980543306,2,0,0,[23],33,101,,87
2.2242152466367715,0.7792039067118192,2,0,1,[22],42,96,,83
2.2690582959641254,0.7765031985169107,1,0,0,[],42,104,,76
2.2466367713004485,0.8093902097349298,2,0,0,[22],46,105,,70
2.2466367713004485,0.7925184443202103,2,0,0,[],43,102,,76
2.188340807174888,0.7536388783780659,1,0,0,[],43,87,,92
2.2511210762331837,0.776737284800232,3,0,0,[],37,99,,84
2.2556053811659194,0.7839335249257071,2,0,0,[29],41,102,,78
2.2466367713004485,0.7635708477559116,1,0,0,[],41,98,,83
2.192825112107623,0.8293830339621129,5,0,0,[22],44,97,,77
2.219730941704036,0.7947836236125042,2,0,0,[],45,98,,78
2.2645739910313902,0.7923909949450687,2,0,1,[23],42,105,,74
2.295964125560538,0.778270106754453,2,0,1,[],38,108,,75
2.1390134529147984,0.8128766153052355,1,0,1,[],57,90,,75
2.2780269058295963,0.7791261327951637,0,0,0,[],45,107,,71
2.2062780269058297,0.784165393137371,1,0,0,[],47,95,,80
2.2600896860986546,0.8023467780707613,3,0,0,[],41,105,,74
2.309417040358744,0.7759046571619579,2,0,0,[23],37,110,,74
2.233183856502242,0.7994210727958736,2,0,0,[22],45,101,,75
2.2511210762331837,0.7939444795613001,2,0,0,[22],43,103,,75
2.2242152466367715,0.8075913405182144,3,0,0,[23],44,100,,76
2.2511210762331837,0.7767372848002319,1,0,0,[],43,101,,78
2.2690582959641254,0.782282702298857,2,0,0,"[23, 15]",40,104,,77
2.1659192825112106,0.7851693641452624,1,0,0,[29],50,89,,83
2.1659192825112106,0.8133486186361423,3,0,0,[],49,92,,79
2.2242152466367715,0.7963578060532767,2,0,0,[30],45,99,,77
2.2511210762331837,0.7471785359295271,1,0,0,[],38,96,,88
2.233183856502242,0.7589538777600667,1,0,0,[],41,95,,86
2.2466367713004485,0.7752795996030719,3,0,0,[],37,98,,85
2.2511210762331837,0.7709162085400901,2,0,0,[],39,99,,83
2.2556053811659194,0.8009861412842741,1,0,0,[],47,106,,69
2.273542600896861,0.7422691692192159,1,0,1,[22],36,99,,87
2.2242152466367715,0.7963578060532768,3,0,0,[22],42,98,,80
2.2780269058295963,0.7848863228604229,1,0,0,[],43,107,,72
2.233183856502242,0.7648659997516241,1,0,0,[],42,96,,84
2.2286995515695067,0.7922380286307941,2,0,1,[23],44,99,,78
2.2600896860986546,0.7561007077158832,2,0,1,[],36,98,,87
2.2062780269058297,0.7898888357251903,2,0,0,[23],45,95,,81
2.2466367713004485,0.7752795996030719,1,0,0,[],43,100,,79
2.2780269058295963,0.7615842066228264,2,0,0,[22],36,102,,83
2.336322869955157,0.7345274412519158,1,0,1,[22],32,109,,81
2.197309417040359,0.7864803155278087,1,0,0,[],48,94,,80
2.242152466367713,0.7967381893790839,1,0,0,[15],47,103,,72
2.2286995515695067,0.7979035674928493,3,0,0,[22],42,99,,79
2.2600896860986546,0.7853237073038762,2,0,0,[],41,103,,77
2.242152466367713,0.7853494282146278,1,0,1,[],45,101,,76
2.2511210762331837,0.7650508424809547,1,0,0,"[15, 23]",41,99,,82
2.1479820627802693,0.7887628353869226,1,0,0,[],52,87,,83
2.2466367713004485,0.7694474956432639,1,0,1,[],42,99,,81
2.2600896860986546,0.7795667490628981,1,0,0,[],43,103,,76
2.1748878923766815,0.8279448457206844,1,0,0,[],57,98,,67
2.2600896860986546,0.779566749062898,1,0,0,[],43,103,,76
2.2600896860986546,0.7318826710425814,0,0,1,[],38,96,,89
2.273542600896861,0.8006582352436495,2,1,1,[],43,108,,70
2.2690582959641254,0.7469351861185467,1,0,0,[],37,99,,86
2.219730941704036,0.760017732890864,2,0,1,[],39,92,,90
2.2466367713004485,0.7925184443202106,2,0,1,[23],43,102,,76
2.1524663677130045,0.8020697985223055,1,0,1,[],54,90,,78
2.2690582959641254,0.7529416851728671,0,0,0,[],41,101,,81
2.2286995515695067,0.7749929464077592,2,0,0,[],41,96,,84
2.2152466367713006,0.7817402665218806,1,0,0,[],46,96,,80
2.188340807174888,0.8056380329180285,1,0,0,[],52,96,,74
2.233183856502242,0.7880710841111273,1,0,0,[],46,100,,76
2.273542600896861,0.7778287559787432,2,0,0,[23],39,104,,78
2.295964125560538,0.7724605815564821,1,0,2,[],40,108,,74
2.210762331838565,0.8139940744067569,2,0,0,[],49,100,,72
2.2645739910313902,0.7455276096818708,2,0,0,[],34,97,,90
2.2780269058295963,0.7906045464215121,3,0,0,[23],38,106,,76
2.2511210762331837,0.7591401600309455,1,0,0,"[15, 22]",40,98,,84
2.2376681614349776,0.8009104825752105,3,0,0,[],42,101,,77
2.2780269058295963,0.7674760665886129,2,0,1,[23],37,103,,81
2.2600896860986546,0.7737669592554897,1,0,0,[15],42,102,,78
2.1838565022421523,0.8205191814110053,3,0,0,[],49,96,,75
2.197309417040359,0.7807318859273731,1,0,0,[],47,93,,82
2.286995515695067,0.8264552739257099,3,0,0,[],44,114,,62
2.2466367713004485,0.7576486194362613,1,0,0,"[15, 22]",40,97,,85
2.2376681614349776,0.7605225427532003,2,0,0,[],38,95,,88
2.282511210762332,0.786146359049462,2,0,0,[22],40,107,,74
2.1838565022421523,0.8038810235578144,2,0,0,[],49,94,,78
2.2242152466367715,0.8075913405182144,3,0,0,[],44,100,,76
2.2466367713004485,0.7576486194362612,1,0,0,[],40,97,,85
2.179372197309417,0.8564148824811721,3,0,1,[15],56,102,,62
2.179372197309417,0.7964592593699573,2,0,1,[22],48,92,,81
2.2600896860986546,0.7440902244959554,2,0,0,[22],34,96,,91
2.242152466367713,0.7795926599115939,1,0,0,[],44,100,,78
2.304932735426009,0.7805766348299721,2,0,1,[22],38,110,,73
2.2645739910313902,0.7693162242108248,1,0,0,[22],41,102,,79
2.1479820627802693,0.8277740474010288,3,0,1,[],53,92,,75
2.309417040358744,0.7582882103650224,1,0,1,[23],37,108,,77
2.197309417040359,0.8090657097842905,1,1,0,[],52,98,,72
2.304932735426009,0.7920340275900409,3,0,0,[22],37,111,,72
2.2062780269058297,0.7548975551352929,1,0,1,[],42,90,,90
2.2242152466367715,0.7906811912857037,1,0,0,[],47,99,,76
2.219730941704036,0.8226336082410369,2,0,0,[23],50,103,,68
2.2511210762331837,0.7995979274828522,1,1,0,[],47,105,,70
2.242152466367713,0.7910643042168265,2,0,0,[],43,101,,77
2.2511210762331837,0.7882504853261142,3,0,0,"[23, 30]",39,101,,80
2.2376681614349776,0.7722775123320708,2,0,0,[22],40,97,,84
2.242152466367713,0.8079664352144086,2,0,0,[],46,104,,71
2.2286995515695067,0.8201744564748722,2,0,0,[],49,104,,68
2.2690582959641254,0.7706803541663586,2,0,0,"[23, 15]",38,102,,81
2.2511210762331837,0.8052116831267923,3,0,0,"[15, 22]",42,104,,74
2.2556053811659194,0.800986141284274,1,0,1,[],47,106,,69
2.1838565022421523,0.809465075865147,1,0,0,[],53,96,,73
2.2780269058295963,0.790604546421512,2,0,0,[],41,107,,73
2.2690582959641254,0.782282702298857,2,0,2,[],40,104,,77
2.2376681614349776,0.7952663654963963,2,0,0,[22],44,101,,76
2.179372197309417,0.8242526292837566,1,0,0,[],56,98,,68
2.188340807174888,0.8056380329180285,2,0,1,[],49,95,,77
2.1704035874439462,0.8096397365804964,3,0,0,[22],48,92,,80
2.2600896860986546,0.7737669592554897,2,0,0,[23],39,101,,81
2.286995515695067,0.7522706977428426,1,0,0,[],37,103,,82
2.2286995515695067,0.7979035674928493,2,0,1,[],45,100,,76
2.282511210762332,0.7803954695138334,3,0,0,[],36,105,,79
2.2242152466367715,0.8186707465752178,2,0,1,[],49,103,,69
2.210762331838565,0.8412082965677156,3,0,0,[],51,104,,65
2.242152466367713,0.7795926599115939,0,0,0,[23],47,101,,75
2.2062780269058297,0.778399868181694,2,0,0,[],43,93,,85
2.2286995515695067,0.8146638141250924,2,0,0,[],48,103,,70
2.2466367713004485,0.803805637331404,2,0,0,[],45,104,,72
2.295964125560538,0.7666070316984899,2,0,0,[],36,106,,79
2.2242152466367715,0.7792039067118192,1,0,0,[],45,97,,80
2.2645739910313902,0.7751493158372836,2,0,0,[],39,102,,80
2.304932735426009,0.7747844047433291,2,0,0,[23],37,109,,75
2.31390134529148,0.747448831686272,0,0,0,[],38,108,,77
2.210762331838565,0.7972197477121886,1,0,1,[],49,98,,75
2.2511210762331837,0.74112533052432,1,0,1,[],37,95,,90
2.197309417040359,0.7513303086250864,2,0,0,[22],39,87,,95
2.1748878923766815,0.8279448457206844,3,0,0,[],51,96,,73
2.2690582959641254,0.7880198191194248,1,0,1,[],44,106,,72
2.2152466367713006,0.7988397031499673,2,0,0,[23],46,98,,77
2.2511210762331837,0.7995979274828523,2,0,0,[],44,104,,73
2.219730941704036,0.8004311446786861,1,0,0,[22],49,100,,73
2.286995515695067,0.7758525882656699,2,0,0,[22],38,106,,77
2.291479820627803,0.7712567597472475,1,0,0,[],40,107,,75
2.2511210762331837,0.7767372848002319,1,0,1,[],43,101,,78
2.201793721973094,0.7590869411896987,2,0,0,[],40,89,,92
2.2556053811659194,0.760602218946545,1,0,1,[],40,99,,83
2.219730941704036,0.7833664470377862,1,0,1,[22],46,97,,79
2.3004484304932737,0.7439544787638225,1,0,1,[],35,104,,83
