Mean,Std,Problems_nonattribue,Problems_pasassez,Problems_tropnombreux,TMnonouverts,NbEnvie1,NbEnvie2,NbEnvie3
2.10762331838565,0.8527038087165727,4,1,0,[23],58,71,90
2.2286995515695067,0.7807836294331414,3,1,1,[23],39,85,96
2.273542600896861,0.8173619985603089,5,2,2,[22],37,73,108
2.2645739910313902,0.8092654174602193,4,2,1,[23],39,74,106
2.2690582959641254,0.8324946290499916,5,0,0,[23],40,68,110
2.1390134529147984,0.8238849493273401,3,1,2,"[23, 29]",53,77,90
2.318385650224215,0.8339491927026326,4,2,1,[22],41,58,120
2.273542600896861,0.7661589623631777,2,0,1,"[23, 12]",37,82,102
2.336322869955157,0.7345274412519158,1,1,1,"[15, 23]",32,81,109
2.201793721973094,0.8434145596442287,4,0,1,[23],49,68,102
2.2466367713004485,0.8474524026031295,6,1,1,"[12, 22, 15]",41,68,108
2.1614349775784754,0.8441327465073329,7,0,1,"[23, 15]",43,80,93
2.318385650224215,0.7485560238714517,1,0,1,"[22, 12]",35,79,108
2.318385650224215,0.7485560238714517,1,0,1,"[22, 12]",35,79,108
