Id,Mean,Std,Problems,TMnonouverts
0,2.0078740157480315,0.8115834316579426,"['91 non attribué', '153 non attribué']","[5, 19, 17, 26, 16, 23]"
1,1.9763779527559056,0.7607908054575787,[],"[5, 26, 17, 16, 23]"
2,2.0551181102362204,0.809733315045647,"[(17, 'Pas assez : 1<6.0')]","[16, 26, 5, 23, 19]"
3,2.0,0.8067178260046389,[],"[5, 16, 26, 19]"
4,2.0236220472440944,0.8209998446448613,['227 non attribué'],"[26, 5, 16, 23]"
5,1.9291338582677164,0.8561736802942768,"['179 non attribué', '139 non attribué', '153 non attribué']","[5, 26, 16, 19, 23]"
6,2.1181102362204722,0.8693563868943913,"['180 non attribué', '222 non attribué', '147 non attribué', '119 non attribué']","[26, 17, 16, 5]"
7,2.188976377952756,0.8040797112085672,"['153 non attribué', '119 non attribué', '179 non attribué', (4, 'Pas assez : 1<6.0')]","[16, 5, 19, 26]"
8,2.267716535433071,0.830459988214963,"[(17, 'Pas assez : 1<6.0'), (10, 'Pas assez : 4<10.0'), (16, 'Pas assez : 1<8.0'), '262 non attribué']","[5, 19, 26, 23]"
9,2.204724409448819,0.790203737814871,"[(16, 'Pas assez : 1<8.0'), (19, 'Pas assez : 1<4.0')]","[17, 26, 23, 5]"
10,2.0236220472440944,0.8679895300474344,"[(17, 'Pas assez : 1<6.0'), (5, 'Pas assez : 1<8.0'), (4, 'Pas assez : 1<6.0'), '147 non attribué', '91 non attribué', '139 non attribué']","[16, 26, 23]"
11,2.0866141732283463,0.8547126319936946,"[(16, 'Pas assez : 1<8.0'), '118 non attribué']","[26, 5, 19]"
12,2.1338582677165356,0.7277079119738609,[],"[5, 16, 26, 19]"
13,2.0551181102362204,0.8291043801843319,"['86 non attribué', '179 non attribué', (10, 'Pas assez : 6<10.0'), '262 non attribué']","[26, 23, 16, 5, 4]"
14,1.952755905511811,0.8053222535162547,"['118 non attribué', '58 non attribué']","[5, 16, 19, 26]"
15,2.0078740157480315,0.8497998176239778,"['147 non attribué', '227 non attribué']","[16, 26, 19, 5]"
16,2.078740157480315,0.7828144098060377,['86 non attribué'],"[16, 5, 26, 19, 23]"
17,1.9606299212598426,0.8582149692141982,"['153 non attribué', '91 non attribué', '73 non attribué']","[5, 16, 26, 23, 19]"
18,1.9763779527559056,0.8014329124517253,"[(16, 'Pas assez : 1<8.0')]","[5, 26, 23, 19]"
19,2.236220472440945,0.8400367803114133,"['147 non attribué', '262 non attribué']","[16, 26, 5, 17, 23, 19]"
20,2.251968503937008,0.7450205487419418,"[(16, 'Pas assez : 1<8.0'), '147 non attribué', (4, 'Pas assez : 2<6.0')]","[5, 26]"
21,1.795275590551181,0.7698544768399812,[],"[16, 5, 26]"
22,1.952755905511811,0.8247969227358518,"['139 non attribué', '153 non attribué']","[26, 16, 23, 5]"
23,1.9606299212598426,0.8489169084841643,['147 non attribué'],"[5, 16, 26, 23, 19]"
24,2.062992125984252,0.8237355051697056,"['48 non attribué', '251 non attribué', '119 non attribué']","[16, 5, 4, 23, 26]"
25,2.015748031496063,0.7661929382000866,[],"[16, 23, 5, 26]"
26,1.952755905511811,0.7853648198528295,[],"[16, 5, 26]"
27,2.2125984251968505,0.8030687299832224,"[(19, 'Pas assez : 1<4.0')]","[16, 17, 5, 26]"
28,2.078740157480315,0.822368812450982,['262 non attribué'],"[16, 19, 5, 26, 23, 17]"
29,2.062992125984252,0.8614129358032961,['153 non attribué'],"[16, 26, 23, 5]"
30,1.8818897637795275,0.7828942358817876,['153 non attribué'],"[16, 26, 5]"
31,2.1102362204724407,0.847295852236601,"[(17, 'Pas assez : 1<6.0')]","[5, 16, 19, 23, 26]"
32,2.031496062992126,0.7861601262033048,['147 non attribué'],"[5, 16, 26, 19]"
33,2.0551181102362204,0.7486186921635859,[],"[16, 5, 26]"
34,2.1811023622047245,0.780896135957341,[],"[5, 16, 26, 23]"
35,2.204724409448819,0.8294058178893228,[],"[5, 16, 17, 23, 26]"
36,1.952755905511811,0.7544394294066421,[],"[16, 5, 26]"
37,2.031496062992126,0.835112461526635,"['86 non attribué', '147 non attribué']","[16, 5, 26, 23]"
38,1.968503937007874,0.7961914090876715,['86 non attribué'],"[16, 5, 23, 26]"
39,2.062992125984252,0.8237355051697056,[],"[5, 16, 19, 26, 17]"
40,1.968503937007874,0.7657034101308184,[],"[16, 5, 26]"
41,1.968503937007874,0.8722986225422684,"['179 non attribué', (10, 'Pas assez : 1<10.0'), '153 non attribué', '118 non attribué']","[16, 23, 5, 26]"
42,2.0866141732283463,0.7666006394678039,"[(10, 'Pas assez : 2<10.0')]","[5, 16, 26, 23]"
43,2.1653543307086616,0.8238872199707288,['153 non attribué'],"[5, 16, 23, 26]"
44,2.1023622047244093,0.824569591134473,['139 non attribué'],"[16, 5, 23, 26]"
45,2.078740157480315,0.8126607212232069,"[(5, 'Pas assez : 1<8.0')]","[16, 23, 26]"
46,2.141732283464567,0.7530299583915773,[],"[5, 17, 16, 26]"
47,2.1102362204724407,0.7890957901162905,['153 non attribué'],"[5, 16, 26, 19]"
48,1.968503937007874,0.7961914090876715,[],"[16, 26, 5]"
49,2.0551181102362204,0.819476087123858,['139 non attribué'],"[16, 5, 26, 17]"
50,2.0078740157480315,0.8590883225296232,"[(17, 'Pas assez : 1<6.0')]","[16, 5, 19, 26, 23]"
51,2.141732283464567,0.7634966497033479,[],"[16, 5, 19, 23, 26]"
52,2.15748031496063,0.867629472982103,"[(17, 'Pas assez : 1<6.0'), '262 non attribué', '147 non attribué', '91 non attribué']","[5, 16, 23, 26]"
53,2.031496062992126,0.8539079898578693,[],"[16, 26, 5, 23]"
54,1.984251968503937,0.8260083012813956,"[(4, 'Pas assez : 1<6.0'), '153 non attribué']","[16, 5, 26, 23]"
55,2.078740157480315,0.8028352458294336,[],"[26, 16, 19, 23, 17, 5]"
56,1.905511811023622,0.8492113135245685,"[(10, 'Pas assez : 1<10.0'), '86 non attribué', '118 non attribué', '139 non attribué']","[16, 5, 23, 26]"
57,2.031496062992126,0.7961914090876715,[],"[16, 5, 19, 26]"
58,2.0393700787401574,0.820390681255744,['262 non attribué'],"[16, 17, 26, 5]"
59,2.0866141732283463,0.7666006394678039,"['86 non attribué', '114 non attribué']","[26, 16, 5]"
60,1.8346456692913387,0.7428364720764385,[],"[5, 16, 26, 19, 23]"
61,2.015748031496063,0.796662203299949,"['179 non attribué', (4, 'Pas assez : 1<6.0'), '153 non attribué']","[26, 19, 5, 16, 23]"
62,2.1102362204724407,0.8283503060126894,"['86 non attribué', '119 non attribué']","[5, 16, 19, 26]"
63,2.1338582677165356,0.8200097243365466,['147 non attribué'],"[26, 16, 5, 23]"
64,1.8031496062992125,0.7770453815958033,"[(5, 'Pas assez : 1<8.0')]","[26, 16, 23]"
65,2.188976377952756,0.8040797112085672,[],"[5, 16, 19, 23, 26]"
66,2.078740157480315,0.7928880224047976,[],"[16, 5, 23, 26]"
67,2.047244094488189,0.764886833797285,[],"[16, 5, 26, 23]"
68,2.188976377952756,0.7941480756787345,"[(19, 'Pas assez : 1<4.0'), (4, 'Pas assez : 1<6.0'), '227 non attribué']","[5, 16, 26, 23]"
69,2.1102362204724407,0.7990902213469192,['86 non attribué'],"[26, 16, 5]"
70,2.0866141732283463,0.7768845192854996,"[(19, 'Pas assez : 1<4.0')]","[5, 16, 26]"
71,2.1811023622047245,0.8396647368987225,[],"[16, 5, 23, 26]"
72,2.1181102362204722,0.7828942358817874,"['119 non attribué', (5, 'Pas assez : 1<8.0')]","[16, 26, 23]"
73,2.047244094488189,0.775193449655924,[],"[26, 5, 19, 16, 23]"
74,2.141732283464567,0.8040019885549414,[],"[16, 5, 26, 23]"
75,1.9763779527559056,0.7914680646038974,['147 non attribué'],"[5, 16, 17, 26]"
76,2.204724409448819,0.7594754108182472,[],"[5, 16, 26]"
77,2.125984251968504,0.7967406419555124,['86 non attribué'],"[26, 5, 16, 23]"
78,2.062992125984252,0.8140437129566042,['86 non attribué'],"[16, 5, 26]"
79,1.9921259842519685,0.7291663318870087,[],"[16, 5, 23, 26]"
80,1.8267716535433072,0.7877483300972803,['147 non attribué'],"[16, 26, 5]"
81,1.8818897637795275,0.8127376158367322,['262 non attribué'],"[5, 16, 17, 26, 23]"
82,2.2283464566929134,0.8469269976406371,['147 non attribué'],"[5, 16, 19, 26, 23]"
83,2.0393700787401574,0.8300083648760894,"[(19, 'Pas assez : 1<4.0')]","[16, 5, 26, 23]"
84,2.078740157480315,0.8126607212232068,[],"[16, 5, 23, 26]"
85,2.0078740157480315,0.8213042569076934,['86 non attribué'],"[26, 5, 16, 23]"
86,2.0393700787401574,0.7496197427897378,[],"[16, 23, 5, 26]"
87,1.9291338582677164,0.7784916466119076,['86 non attribué'],"[5, 16, 26]"
88,1.905511811023622,0.7810561720561535,[],"[16, 26, 5]"
89,2.220472440944882,0.8058652633332504,['262 non attribué'],"[5, 17, 26, 16, 19]"
90,2.125984251968504,0.8260839534591686,['86 non attribué'],"[5, 16, 19, 26, 23]"
91,2.094488188976378,0.8109671950985806,['153 non attribué'],"[5, 16, 26]"
92,2.0866141732283463,0.7970543193857579,"[(4, 'Pas assez : 1<6.0')]","[5, 26, 23, 16]"
93,2.1023622047244093,0.8050894229075677,"['86 non attribué', (10, 'Pas assez : 2<10.0')]","[5, 16, 26, 23]"
94,2.0078740157480315,0.7917838308500943,['153 non attribué'],"[5, 26, 16]"
95,2.125984251968504,0.7558462721027462,[],"[5, 16, 23, 26]"
96,2.0236220472440944,0.7711521675660435,['153 non attribué'],"[16, 5, 26, 23]"
97,2.0236220472440944,0.8209998446448615,['147 non attribué'],"[16, 23, 5, 26]"
98,2.0393700787401574,0.8008088649267264,[],"[5, 16, 4, 26]"
99,1.984251968503937,0.7764822177105523,[],"[5, 16, 23, 26]"
100,2.0078740157480315,0.8115834316579426,[],"[5, 26, 16]"
101,1.952755905511811,0.8151177509302044,['153 non attribué'],"[16, 26, 5, 23]"
102,2.0551181102362204,0.8291043801843316,['58 non attribué'],"[16, 5, 26, 19, 23]"
103,2.15748031496063,0.7498697966387305,[],"[5, 16, 26]"
104,1.9133858267716535,0.8069501867677517,[],"[16, 5, 23, 26]"
105,1.905511811023622,0.8206953194694576,[],"[26, 16, 5, 23]"
106,1.9606299212598426,0.7496197427897378,[],"[16, 5, 26, 23]"
107,2.047244094488189,0.8624279838030503,['227 non attribué'],"[5, 16, 26, 23]"
108,2.0078740157480315,0.781695988810634,[],"[16, 5, 26]"
109,2.0866141732283463,0.7768845192854996,[],"[16, 5, 26, 23]"
110,2.15748031496063,0.7910731795498283,[],"[5, 16, 26, 23]"
111,2.1102362204724407,0.7890957901162904,['119 non attribué'],"[16, 5, 23, 26]"
112,2.0078740157480315,0.8017447540637024,[],"[16, 5, 23, 26]"
113,1.968503937007874,0.7446849538831388,[],"[16, 5, 23, 26]"
114,2.1496062992125986,0.8269156706153362,"[(16, 'Pas assez : 1<8.0'), '139 non attribué']","[5, 23, 26]"
115,2.1338582677165356,0.790440953131511,[],"[16, 5, 26]"
116,2.062992125984252,0.8042351339820701,[],"[5, 16, 23, 26]"
117,2.078740157480315,0.8414490450633778,['262 non attribué'],"[16, 17, 26, 19, 5, 23]"
118,2.220472440944882,0.8058652633332504,"[(16, 'Pas assez : 1<8.0'), '139 non attribué']","[5, 26, 23]"
119,2.0236220472440944,0.8495056165358381,['262 non attribué'],"[16, 17, 19, 5, 23, 26]"
120,2.1181102362204722,0.7828942358817875,"['251 non attribué', (4, 'Pas assez : 2<6.0')]","[16, 5, 26]"
121,2.094488188976378,0.8109671950985806,[],"[16, 26, 5, 23]"
122,2.1023622047244093,0.7851260708520693,['100 non attribué'],"[5, 16, 23, 26]"
123,2.0393700787401574,0.8300083648760894,[],"[5, 16, 26]"
124,1.9448818897637796,0.809733315045647,['139 non attribué'],"[16, 5, 26, 23]"
125,2.047244094488189,0.8151177509302046,"['100 non attribué', (4, 'Pas assez : 1<6.0'), (19, 'Pas assez : 1<4.0'), '153 non attribué']","[16, 5, 26, 23]"
126,2.047244094488189,0.843822253499256,[],"[5, 16, 26, 23]"
127,2.0,0.8261595987094035,[],"[26, 5, 16, 23]"
128,2.031496062992126,0.825554242629798,['262 non attribué'],"[5, 17, 16, 26]"
129,2.094488188976378,0.801120949453354,[],"[5, 16, 26]"
130,2.125984251968504,0.786716362274655,"[(16, 'Pas assez : 1<8.0'), '139 non attribué']","[5, 26, 23]"
131,2.094488188976378,0.7911521723284513,['86 non attribué'],"[5, 16, 26, 17]"
132,1.9921259842519685,0.8497998176239777,['153 non attribué'],"[16, 5, 23, 26]"
133,2.047244094488189,0.7954061328249131,[],"[5, 16, 26, 23]"
134,2.1496062992125986,0.7774473917533788,[],"[5, 16, 26]"
135,2.0708661417322833,0.7986208584745023,['153 non attribué'],"[5, 16, 26, 23]"
136,2.173228346456693,0.7247822682247119,"[(16, 'Pas assez : 1<8.0')]","[26, 5, 19]"
137,2.125984251968504,0.8260839534591686,[],"[5, 16, 26]"
138,2.078740157480315,0.8414490450633778,"['73 non attribué', (17, 'Pas assez : 1<6.0'), '86 non attribué']","[16, 5, 26]"
139,2.125984251968504,0.8164200403528284,[],"[16, 5, 26]"
140,1.968503937007874,0.835112461526635,[],"[16, 5, 26, 23]"
141,2.047244094488189,0.7438453043277237,[],"[26, 16, 19, 5, 23]"
142,2.031496062992126,0.825554242629798,[],"[26, 16, 5, 23]"
143,2.031496062992126,0.8631522872680828,"['86 non attribué', '153 non attribué']","[5, 16, 23, 26]"
144,2.094488188976378,0.8303094743961983,[],"[16, 23, 5, 26]"
145,2.0,0.8357108940373449,[],"[16, 26, 5, 23]"
146,2.0393700787401574,0.7807360670541613,[],"[16, 5, 26]"
147,2.015748031496063,0.7557635891432359,[],"[5, 16, 23, 26]"
148,2.1102362204724407,0.8089611843131193,[],"[16, 26, 5, 23]"
149,2.0078740157480315,0.8404086590229363,['86 non attribué'],"[16, 5, 26]"
150,2.0708661417322833,0.8278975318296332,['119 non attribué'],"[5, 16, 26, 23]"
151,2.220472440944882,0.8058652633332504,['147 non attribué'],"[5, 16, 26, 23]"
152,2.078740157480315,0.7828144098060378,[],"[5, 16, 23, 26]"
153,2.125984251968504,0.7967406419555125,[],"[16, 5, 26]"
154,1.889763779527559,0.8658269416941123,['114 non attribué'],"[16, 5, 26, 23]"
155,2.094488188976378,0.8206953194694576,[],"[5, 16, 26, 23]"
156,2.141732283464567,0.7940693809279414,[],"[5, 16, 26, 23]"
157,2.173228346456693,0.7569203286687481,[],"[16, 5, 26, 23]"
158,2.0078740157480315,0.8115834316579427,[],"[16, 26, 5, 23]"
159,1.8661417322834646,0.7597222207941557,[],"[16, 5, 26]"
160,2.1102362204724407,0.8566115088477179,"['86 non attribué', '139 non attribué']","[16, 5, 26, 23]"
161,2.0078740157480315,0.7917838308500942,[],"[16, 5, 26]"
162,1.937007874015748,0.8140437129566042,['153 non attribué'],"[26, 16, 5, 23]"
163,1.8267716535433072,0.7673339558660375,[],"[16, 26, 5, 23]"
164,2.1181102362204722,0.7623498887196719,[],"[16, 5, 26]"
165,2.0,0.7867957924694432,[],"[16, 5, 26]"
166,2.094488188976378,0.7810561720561535,[],"[5, 16, 26]"
167,2.0393700787401574,0.8106589011527892,['86 non attribué'],"[16, 5, 23, 26]"
168,2.141732283464567,0.7738217817955583,"[(5, 'Pas assez : 1<8.0')]","[16, 23, 26]"
169,2.1811023622047245,0.8301589332881898,"[(16, 'Pas assez : 1<8.0')]","[5, 17, 19, 26]"
170,2.062992125984252,0.7637421601817559,[],"[16, 5, 26]"
171,2.1496062992125986,0.8074921018580797,"[(4, 'Pas assez : 1<6.0'), '153 non attribué']","[16, 5, 26, 23]"
172,2.251968503937008,0.7864780235580696,[],"[16, 5, 26]"
173,2.094488188976378,0.7911521723284513,"[(16, 'Pas assez : 1<8.0'), '86 non attribué']","[5, 26, 23]"
174,2.0866141732283463,0.8069501867677519,[],"[5, 16, 23, 26]"
175,2.1496062992125986,0.7774473917533788,[],"[5, 16, 26, 23]"
176,2.188976377952756,0.763578495300378,[],"[16, 5, 26, 23]"
177,2.1653543307086616,0.7944627767315775,[],"[5, 16, 26, 19, 23]"
178,2.031496062992126,0.8158840552744266,['91 non attribué'],"[16, 5, 26, 23]"
179,2.078740157480315,0.8126607212232069,['147 non attribué'],"[5, 16, 26, 17]"
180,2.031496062992126,0.8158840552744266,['86 non attribué'],"[16, 5, 26, 23]"
181,1.858267716535433,0.8138133775462997,[],"[16, 5, 26, 23]"
182,2.062992125984252,0.7943054417905888,[],"[5, 16, 26, 23]"
183,2.0393700787401574,0.8203906812557439,['86 non attribué'],"[19, 16, 5, 23, 26]"
184,2.0866141732283463,0.7970543193857579,[],"[5, 26, 16, 23]"
185,2.2440944881889764,0.79399067837748,[],"[16, 5, 17, 23, 26]"
186,2.125984251968504,0.7662744958072366,[],"[5, 16, 26]"
187,1.9763779527559056,0.706708971432875,[],"[16, 23, 5, 26]"
188,2.2125984251968505,0.8416718176159453,['86 non attribué'],"[5, 16, 23, 26]"
189,2.141732283464567,0.8235078805611588,['86 non attribué'],"[16, 5, 26, 23]"
190,2.078740157480315,0.8223688124509821,"['153 non attribué', '139 non attribué']","[5, 16, 23, 26]"
191,2.1968503937007875,0.7667636592760193,[],"[16, 5, 26, 23]"
192,1.905511811023622,0.7810561720561535,['153 non attribué'],"[16, 5, 26]"
193,2.0708661417322833,0.7986208584745024,['227 non attribué'],"[16, 5, 26]"
194,2.0708661417322833,0.8084975519218145,['58 non attribué'],"[5, 16, 23, 26]"
195,2.1102362204724407,0.7687172004275831,[],"[26, 5, 16, 19]"
196,2.047244094488189,0.7853648198528294,[],"[16, 5, 26, 23]"
197,2.1023622047244093,0.7851260708520693,[],"[16, 5, 26, 23]"
198,2.015748031496063,0.7661929382000865,[],"[5, 26, 16]"
199,2.251968503937008,0.7450205487419418,[],"[16, 5, 26, 23]"
200,1.9921259842519685,0.781695988810634,[],"[5, 16, 23, 26]"
201,1.9921259842519685,0.8115834316579427,[],"[16, 5, 17, 26, 23]"
202,2.062992125984252,0.7740640174508246,[],"[16, 5, 26]"
203,2.0866141732283463,0.766600639467804,[],"[16, 5, 19, 26]"
204,2.062992125984252,0.8140437129566043,"['86 non attribué', (19, 'Pas assez : 1<4.0')]","[5, 16, 23, 26]"
205,2.031496062992126,0.7759991805143741,['147 non attribué'],"[5, 16, 26, 23]"
206,1.9133858267716535,0.7970543193857577,[],"[26, 16, 5]"
207,2.1968503937007875,0.8168791762258547,[],"[26, 16, 5, 19, 17, 23]"
208,2.047244094488189,0.8151177509302044,[],"[16, 5, 23, 26]"
209,1.968503937007874,0.7759991805143741,[],"[5, 16, 23, 26]"
210,2.2992125984251968,0.7696109162295599,"[(19, 'Pas assez : 1<4.0')]","[5, 16, 26, 23]"
211,1.984251968503937,0.8065628816402012,[],"[5, 16, 26, 23]"
212,1.9606299212598426,0.8106589011527893,['227 non attribué'],"[16, 5, 26]"
213,2.1496062992125986,0.7774473917533788,[],"[16, 5, 19, 26]"
214,2.141732283464567,0.8235078805611588,['139 non attribué'],"[16, 5, 23, 26]"
215,2.1338582677165356,0.8102733687672842,[],"[16, 5, 17, 23, 26]"
216,2.1653543307086616,0.7534447823961521,[],"[16, 26, 5]"
217,1.921259842519685,0.7928880224047977,[],"[16, 5, 23, 26]"
218,1.795275590551181,0.7698544768399813,[],"[16, 26, 5, 23]"
219,2.1496062992125986,0.7354810558077403,['86 non attribué'],"[5, 16, 23, 26]"
220,2.094488188976378,0.8109671950985806,['86 non attribué'],"[16, 5, 26]"
221,2.1023622047244093,0.7951703987225784,[],"[5, 16, 26]"
222,2.078740157480315,0.8126607212232069,"['147 non attribué', '86 non attribué']","[16, 5, 26]"
223,2.141732283464567,0.7940693809279413,"['100 non attribué', (19, 'Pas assez : 1<4.0')]","[16, 26, 5, 23]"
224,2.125984251968504,0.8260839534591686,[],"[5, 16, 26]"
225,1.952755905511811,0.8053222535162549,[],"[5, 26, 16, 23]"
226,1.9921259842519685,0.7714762491805037,[],"[16, 5, 26, 23]"
227,2.094488188976378,0.8303094743961983,[],"[16, 26, 17, 5, 23]"
228,2.047244094488189,0.795406132824913,[],"[16, 5, 26, 23]"
229,2.0,0.7867957924694432,[],"[16, 5, 26]"
230,1.8267716535433072,0.8076468679547303,[],"[16, 5, 17, 26, 23]"
231,2.141732283464567,0.7738217817955582,['86 non attribué'],"[16, 5, 26, 23]"
232,2.141732283464567,0.7840109475347066,[],"[16, 5, 26, 23]"
233,2.141732283464567,0.8040019885549414,[],"[16, 5, 23, 26]"
234,1.874015748031496,0.8544201225285939,[],"[26, 16, 5, 23]"
235,2.0708661417322833,0.7784916466119077,[],"[16, 5, 23, 26]"
236,1.9763779527559056,0.7914680646038973,[],"[16, 5, 26]"
237,2.267716535433071,0.7394637578467615,[],"[5, 26, 16, 19, 17]"
238,1.937007874015748,0.8042351339820701,[],"[5, 16, 23, 26]"
239,2.0551181102362204,0.809733315045647,[],"[16, 5, 26]"
240,1.874015748031496,0.7867163622746551,[],"[5, 26, 16, 23]"
241,2.1338582677165356,0.7700979604189456,"[(19, 'Pas assez : 1<4.0')]","[5, 16, 23, 26]"
242,1.952755905511811,0.8151177509302044,[],"[16, 5, 23, 26]"
243,2.031496062992126,0.7552673012999758,[],"[16, 5, 26, 23]"
244,2.15748031496063,0.7603799890739019,[],"[16, 5, 26]"
245,2.125984251968504,0.7662744958072365,[],"[16, 5, 26, 23]"
246,1.8503937007874016,0.7774473917533788,['153 non attribué'],"[5, 16, 26, 23]"
247,2.1023622047244093,0.8436000488203542,[],"[16, 17, 5, 26]"
248,2.0708661417322833,0.8278975318296333,[],"[16, 26, 5, 23]"
249,1.984251968503937,0.796662203299949,[],"[16, 5, 26, 23]"
250,1.984251968503937,0.7661929382000865,['86 non attribué'],"[16, 5, 23, 26]"
251,2.047244094488189,0.8438222534992559,['153 non attribué'],"[16, 5, 26, 23]"
252,1.9606299212598426,0.820390681255744,['262 non attribué'],"[5, 16, 26, 17]"
253,2.062992125984252,0.7943054417905888,[],"[16, 5, 23, 26]"
254,2.047244094488189,0.795406132824913,[],"[5, 16, 26, 23]"
255,2.1023622047244093,0.8341390930154803,[],"[16, 5, 23, 26]"
256,2.0393700787401574,0.7601333926707659,['227 non attribué'],"[16, 5, 26, 23]"
257,2.0236220472440944,0.7813761459212991,"[(16, 'Pas assez : 1<8.0')]","[5, 23, 26]"
258,1.9606299212598426,0.7908361538727323,[],"[16, 26, 5, 23]"
259,2.031496062992126,0.7961914090876715,[],"[16, 5, 26]"
260,2.1181102362204722,0.8693563868943913,['262 non attribué'],"[5, 16, 17, 26]"
261,2.0708661417322833,0.8084975519218145,[],"[16, 26, 5]"
262,2.094488188976378,0.8303094743961983,['86 non attribué'],"[5, 16, 23, 26]"
263,2.0393700787401574,0.820390681255744,[],"[16, 5, 19, 26]"
264,2.0866141732283463,0.7870340349555905,[],"[16, 5, 26, 23]"
265,2.031496062992126,0.8539079898578693,['153 non attribué'],"[16, 5, 23, 26]"
266,2.0393700787401574,0.7496197427897376,[],"[16, 5, 23, 26]"
267,2.1338582677165356,0.8102733687672842,[],"[16, 5, 26, 23]"
268,1.952755905511811,0.7853648198528294,"['86 non attribué', '139 non attribué']","[16, 5, 26, 23]"
269,2.0078740157480315,0.8213042569076933,[],"[5, 16, 23, 17, 26]"
270,2.1338582677165356,0.8296318242928696,"[(16, 'Pas assez : 1<8.0'), '227 non attribué']","[5, 23, 26]"
271,2.047244094488189,0.754439429406642,[],"[16, 5, 23, 26]"
272,2.078740157480315,0.8223688124509821,['86 non attribué'],"[16, 5, 26, 23]"
273,1.905511811023622,0.8585061857034804,['262 non attribué'],"[26, 16, 5, 17, 23]"
274,2.0236220472440944,0.8679895300474344,"['153 non attribué', '147 non attribué']","[16, 5, 23, 26]"
275,1.968503937007874,0.7861601262033048,[],"[5, 16, 26, 23]"
276,2.1653543307086616,0.8141972336959148,"[(16, 'Pas assez : 1<8.0'), '58 non attribué', '262 non attribué']","[5, 17, 19, 26]"
277,1.9606299212598426,0.8008088649267264,[],"[16, 5, 26, 23]"
278,1.9448818897637796,0.7161081612701187,[],"[16, 5, 26]"
279,2.0866141732283463,0.7970543193857579,[],"[16, 5, 26, 23]"
280,2.1338582677165356,0.7700979604189456,[],"[16, 5, 26]"
281,1.9606299212598426,0.7908361538727324,['86 non attribué'],"[16, 5, 26, 23]"
282,2.0551181102362204,0.7898873399091679,[],"[16, 5, 23, 26]"
283,1.952755905511811,0.7438453043277237,[],"[5, 16, 23, 26]"
284,2.1102362204724407,0.7890957901162905,['86 non attribué'],"[26, 16, 5, 23]"
285,2.062992125984252,0.8237355051697056,[],"[16, 5, 26, 23]"
286,1.9763779527559056,0.7813761459212991,[],"[5, 16, 23, 26]"
287,2.062992125984252,0.8333145854659008,[],"[16, 5, 26, 23]"
288,2.2283464566929134,0.7473654933179783,[],"[5, 16, 26]"
289,2.0393700787401574,0.8489169084841643,['86 non attribué'],"[16, 5, 26, 23]"
290,2.0393700787401574,0.8300083648760893,[],"[16, 26, 19, 5, 23]"
291,2.1653543307086616,0.7428364720764382,[],"[5, 16, 26]"
292,2.062992125984252,0.7842500360121933,[],"[5, 16, 23, 26]"
293,2.0866141732283463,0.8167261596138116,"['86 non attribué', '153 non attribué']","[16, 5, 17, 26]"
294,2.0551181102362204,0.7898873399091679,[],"[16, 26, 5, 23]"
295,2.1653543307086616,0.8141972336959148,"[(19, 'Pas assez : 1<4.0')]","[16, 5, 23, 26]"
296,1.858267716535433,0.7738217817955582,[],"[26, 16, 4, 5]"
297,2.0393700787401574,0.8395158733682738,"[(16, 'Pas assez : 1<8.0'), '86 non attribué']","[5, 23, 26]"
298,2.1338582677165356,0.800418588152766,['86 non attribué'],"[16, 5, 26]"
299,2.094488188976378,0.7604621701051144,['86 non attribué'],"[16, 26, 5]"
300,2.1181102362204722,0.8029130814247328,['86 non attribué'],"[16, 5, 26, 23]"
301,2.0551181102362204,0.8291043801843319,"[(17, 'Pas assez : 1<6.0')]","[5, 16, 26, 23]"
302,2.0393700787401574,0.7908361538727323,"[(4, 'Pas assez : 1<6.0'), '153 non attribué']","[5, 16, 23, 26]"
303,1.984251968503937,0.8635865777545644,"['153 non attribué', '91 non attribué']","[16, 26, 5, 23]"
304,2.0236220472440944,0.8209998446448615,[],"[16, 26, 5, 23]"
305,2.1181102362204722,0.812737615836732,[],"[16, 5, 26, 23]"
306,1.8425196850393701,0.7809761581060327,[],"[16, 5, 23, 26]"
307,2.094488188976378,0.8109671950985806,[],"[16, 5, 19, 26]"
308,2.1102362204724407,0.8658269416941123,['227 non attribué'],"[5, 16, 26, 23]"
309,2.0551181102362204,0.7898873399091679,[],"[16, 5, 23, 26]"
310,2.0,0.8067178260046389,['86 non attribué'],"[16, 5, 26, 23]"
311,2.015748031496063,0.8065628816402012,[],"[16, 5, 26]"
312,1.795275590551181,0.7594754108182471,[],"[16, 5, 23, 26]"
313,2.0236220472440944,0.7607908054575789,[],"[16, 5, 26, 23]"
314,2.125984251968504,0.776562694698664,[],"[5, 16, 23, 26]"
315,2.078740157480315,0.8601061139092676,['86 non attribué'],"[5, 16, 23, 26]"
316,1.968503937007874,0.8445625135359083,['262 non attribué'],"[5, 16, 17, 26]"
317,2.1181102362204722,0.792966834394695,[],"[16, 26, 5]"
318,1.9921259842519685,0.8309113660840813,[],"[16, 5, 26, 23]"
319,2.1023622047244093,0.7951703987225787,[],"[16, 5, 23, 26]"
320,1.984251968503937,0.7344607347766345,[],"[16, 5, 26]"
321,2.0393700787401574,0.7705035954012053,[],"[16, 26, 5]"
322,2.047244094488189,0.8531758384844113,['139 non attribué'],"[16, 5, 26, 23]"
323,2.094488188976378,0.801120949453354,[],"[5, 16, 17, 26, 23]"
324,2.1496062992125986,0.756755188418355,[],"[16, 5, 26]"
325,2.1653543307086616,0.8043905267250879,[],"[5, 16, 26, 23]"
326,2.15748031496063,0.7603799890739019,"['153 non attribué', (10, 'Pas assez : 5<10.0')]","[16, 5, 26]"
327,1.9133858267716535,0.7561769135324287,[],"[16, 5, 26, 23]"
328,2.078740157480315,0.7828144098060377,[],"[16, 5, 23, 26]"
329,2.094488188976378,0.801120949453354,[],"[16, 5, 26, 23]"
330,1.937007874015748,0.8237355051697056,"['91 non attribué', '86 non attribué', '153 non attribué']","[5, 16, 26]"
331,1.9921259842519685,0.7917838308500943,[],"[16, 5, 26, 23, 10]"
332,2.047244094488189,0.775193449655924,[],"[16, 5, 26]"
333,2.0236220472440944,0.7178513677473408,[],"[16, 5, 26]"
334,1.952755905511811,0.7648868337972851,[],"[5, 16, 19, 26]"
335,2.125984251968504,0.7452721457149749,[],"[16, 26, 5, 23]"
336,1.9606299212598426,0.7601333926707657,[],"[5, 16, 26]"
337,2.0,0.8067178260046389,['86 non attribué'],"[5, 16, 26, 23]"
338,2.1496062992125986,0.7774473917533788,[],"[16, 5, 23, 26]"
339,2.0078740157480315,0.781695988810634,[],"[16, 26, 5]"
340,2.0866141732283463,0.766600639467804,[],"[16, 26, 5]"
341,1.889763779527559,0.7687172004275832,[],"[16, 5, 26]"
342,1.9763779527559056,0.8112753718891451,[],"[5, 16, 23, 26]"
343,2.1023622047244093,0.8148877191065381,[],"[16, 5, 19, 26, 23]"
344,1.8346456692913387,0.7534447823961523,[],"[16, 5, 26]"
345,2.0078740157480315,0.8213042569076934,[],"[16, 5, 23, 26]"
346,2.094488188976378,0.7499531293940735,[],"[16, 26, 5, 23]"
347,2.0866141732283463,0.8167261596138117,['86 non attribué'],"[16, 5, 26]"
348,1.9606299212598426,0.8106589011527893,['86 non attribué'],"[16, 5, 26, 23]"
349,2.0236220472440944,0.8112753718891451,[],"[5, 26, 16, 23]"
350,2.141732283464567,0.7738217817955583,[],"[16, 5, 23, 26]"
351,1.905511811023622,0.7810561720561535,[],"[16, 5, 26, 23]"
352,2.1023622047244093,0.843600048820354,"['153 non attribué', '261 non attribué']","[5, 16, 26]"
353,2.015748031496063,0.7866369240594503,[],"[16, 5, 26]"
354,2.031496062992126,0.835112461526635,[],"[26, 16, 5]"
355,2.1968503937007875,0.7667636592760194,"[(16, 'Pas assez : 1<8.0')]","[5, 23, 26]"
356,1.874015748031496,0.786716362274655,[],"[16, 5, 26, 23]"
357,1.9448818897637796,0.7998718807545351,[],"[16, 5, 23, 26]"
358,2.1102362204724407,0.8187131448793896,['86 non attribué'],"[16, 5, 26, 23]"
359,2.031496062992126,0.835112461526635,['153 non attribué'],"[5, 16, 26]"
360,2.0866141732283463,0.7348860406984189,[],"[5, 16, 26, 23]"
361,2.125984251968504,0.7452721457149749,[],"[16, 5, 26, 23]"
362,1.9763779527559056,0.7914680646038974,[],"[16, 5, 23, 26]"
363,2.0078740157480315,0.8309113660840812,['86 non attribué'],"[16, 5, 26, 23]"
364,2.0393700787401574,0.8008088649267264,['147 non attribué'],"[5, 16, 26, 23]"
365,2.204724409448819,0.7800954629938422,[],"[16, 5, 26, 23]"
366,1.8346456692913387,0.7428364720764384,[],"[26, 16, 5, 23]"
367,2.0236220472440944,0.7914680646038974,[],"[5, 16, 26, 23]"
368,1.8818897637795275,0.7929668343946952,[],"[16, 5, 26]"
369,2.078740157480315,0.7828144098060377,['153 non attribué'],"[16, 5, 26, 23]"
370,1.889763779527559,0.7789731382443409,[],"[16, 5, 26, 23]"
371,2.1811023622047245,0.7808961359573408,[],"[5, 16, 17, 23, 26]"
372,2.047244094488189,0.7438453043277236,[],"[16, 5, 26]"
373,1.889763779527559,0.7890957901162904,[],"[16, 5, 26, 4, 23]"
374,1.8188976377952757,0.7497864546216197,[],"[16, 26, 5, 23]"
375,2.2283464566929134,0.7683106223061454,[],"[5, 26, 16]"
376,2.062992125984252,0.8237355051697056,[],"[16, 5, 26, 23]"
377,2.1496062992125986,0.7875896538281517,[],"[5, 16, 26, 23]"
378,2.1338582677165356,0.7700979604189455,[],"[5, 16, 26]"
379,2.0551181102362204,0.8291043801843317,['153 non attribué'],"[5, 16, 26]"
380,2.2283464566929134,0.7579104145447803,[],"[16, 5, 23, 26]"
381,2.1102362204724407,0.7370936756031577,[],"[5, 16, 23, 26]"
382,2.094488188976378,0.801120949453354,[],"[26, 16, 5, 23]"
383,2.173228346456693,0.777608137623339,['147 non attribué'],"[16, 26, 5]"
384,2.1181102362204722,0.7828942358817874,[],"[5, 16, 26]"
385,2.0393700787401574,0.8489169084841643,"['153 non attribué', '262 non attribué']","[5, 16, 17, 26]"
386,1.984251968503937,0.7866369240594504,[],"[5, 16, 26]"
387,1.968503937007874,0.7961914090876715,[],"[5, 16, 26, 23]"
388,2.0708661417322833,0.8278975318296334,[],"[16, 26, 5, 23]"
389,2.078740157480315,0.7828144098060377,[],"[16, 5, 26]"
390,2.062992125984252,0.8140437129566042,[],"[16, 26, 5, 23]"
391,1.9921259842519685,0.8115834316579427,[],"[16, 26, 5, 23]"
392,1.952755905511811,0.7853648198528296,[],"[16, 5, 26]"
393,2.078740157480315,0.7828144098060377,[],"[5, 16, 23, 26]"
394,1.9606299212598426,0.7908361538727323,['86 non attribué'],"[16, 5, 26, 23]"
395,1.9763779527559056,0.8112753718891452,[],"[5, 16, 26, 23]"
396,1.984251968503937,0.7557635891432359,[],"[16, 5, 23, 26]"
397,2.0236220472440944,0.8209998446448615,[],"[16, 5, 26]"
398,2.0078740157480315,0.781695988810634,['153 non attribué'],"[16, 5, 26, 23]"
399,2.1023622047244093,0.824569591134473,['86 non attribué'],"[16, 5, 19, 23, 26]"
400,1.952755905511811,0.8151177509302044,['86 non attribué'],"[5, 16, 26]"
401,2.047244094488189,0.7853648198528296,[],"[16, 5, 26]"
402,2.15748031496063,0.7707468739197344,[],"[16, 5, 23, 26]"
403,2.1023622047244093,0.7328423212168694,[],"[5, 16, 26]"
404,2.078740157480315,0.7828144098060377,[],"[16, 23, 26, 5]"
405,1.9606299212598426,0.7908361538727323,[],"[16, 5, 26, 23]"
406,2.062992125984252,0.7842500360121932,[],"[16, 5, 26]"
407,2.0708661417322833,0.7682292808605409,[],"[5, 16, 26]"
408,2.1811023622047245,0.8009649223899493,[],"[16, 5, 26, 23]"
409,2.047244094488189,0.7954061328249131,[],"[16, 23, 5, 26]"
410,2.1811023622047245,0.780896135957341,[],"[16, 5, 26, 23]"
411,2.1102362204724407,0.7583225688057853,[],"[16, 5, 26]"
412,1.9291338582677164,0.8182550380758941,[],"[16, 5, 26]"
413,2.0866141732283463,0.7870340349555907,[],"[16, 5, 26, 23]"
414,1.984251968503937,0.7764822177105523,[],"[5, 16, 26, 23]"
415,2.062992125984252,0.7842500360121935,[],"[16, 5, 26]"
416,2.1653543307086616,0.8429330833329108,[],"[16, 5, 17, 26, 23]"
417,2.2440944881889764,0.7839312351713733,[],"[5, 16, 26, 23]"
418,2.125984251968504,0.7967406419555125,[],"[16, 5, 26, 23]"
419,2.2440944881889764,0.7634147953316621,[],"[16, 5, 26]"
420,1.8346456692913387,0.7639057899983486,[],"[5, 16, 23, 26]"
421,2.2440944881889764,0.7315620972359325,[],"[16, 5, 19, 26]"
422,2.0708661417322833,0.8084975519218144,['86 non attribué'],"[16, 5, 26, 23]"
423,1.984251968503937,0.8355613260909056,[],"[16, 26, 5, 23]"
424,2.188976377952756,0.7739025354385429,[],"[5, 16, 26, 23]"
425,2.0236220472440944,0.7813761459212991,[],"[5, 16, 23, 26]"
426,1.921259842519685,0.8028352458294333,[],"[26, 16, 5, 23]"
427,1.8976377952755905,0.824569591134473,['73 non attribué'],"[16, 5, 26, 23]"
428,1.8503937007874016,0.7976029580500335,['147 non attribué'],"[16, 26, 5, 23]"
429,2.1023622047244093,0.7851260708520693,[],"[16, 5, 26, 23]"
430,1.984251968503937,0.7451882894957824,[],"[26, 16, 5, 23]"
431,2.1968503937007875,0.7667636592760195,['139 non attribué'],"[16, 26, 5, 23]"
432,1.8661417322834646,0.7277079119738608,[],"[16, 5, 26]"
433,2.0866141732283463,0.7768845192854995,"[(16, 'Pas assez : 1<8.0')]","[5, 23, 26]"
434,2.1338582677165356,0.7803357511446183,"[(5, 'Pas assez : 1<8.0')]","[16, 26]"
435,2.0866141732283463,0.7970543193857577,[],"[16, 5, 26]"
436,2.1181102362204722,0.7828942358817874,[],"[5, 16, 26]"
437,1.9448818897637796,0.8291043801843316,[],"[16, 5, 23, 26]"
438,1.968503937007874,0.7657034101308184,[],"[16, 5, 23, 26]"
439,2.0551181102362204,0.7695297122286764,[],"[16, 26, 5]"
440,1.7874015748031495,0.7931244348800822,[],"[5, 16, 23, 26]"
441,1.889763779527559,0.7583225688057853,[],"[16, 5, 26, 23]"
442,2.1496062992125986,0.7135729477117505,[],"[16, 5, 26, 23]"
443,2.015748031496063,0.7866369240594503,"['86 non attribué', '91 non attribué']","[5, 16, 26]"
444,2.062992125984252,0.8427847971001979,['153 non attribué'],"[19, 16, 5, 26]"
445,2.15748031496063,0.7910731795498283,[],"[16, 5, 26, 23]"
446,2.0236220472440944,0.7813761459212991,[],"[5, 16, 23, 26]"
447,2.078740157480315,0.8126607212232068,['86 non attribué'],"[16, 5, 26]"
448,2.1811023622047245,0.8108130627784392,[],"[5, 16, 26]"
449,2.15748031496063,0.8206191705182876,['86 non attribué'],"[5, 16, 26, 23]"
450,2.015748031496063,0.8260083012813957,[],"[5, 16, 26, 23]"
451,2.062992125984252,0.8042351339820702,[],"[5, 16, 26]"
452,2.047244094488189,0.8247969227358518,['86 non attribué'],"[16, 5, 23, 26]"
453,2.015748031496063,0.8163434926014668,[],"[16, 5, 26, 23]"
454,2.0551181102362204,0.8573407262342625,['147 non attribué'],"[16, 5, 26, 23]"
455,2.0236220472440944,0.8112753718891453,[],"[16, 26, 5]"
456,2.1023622047244093,0.843600048820354,['179 non attribué'],"[16, 5, 26]"
457,2.0551181102362204,0.819476087123858,[],"[16, 5, 26, 23]"
458,2.1496062992125986,0.8364583326037388,[],"[19, 5, 17, 16, 26]"
459,2.0708661417322833,0.7784916466119076,[],"[16, 5, 23, 26]"
460,1.889763779527559,0.7789731382443407,"['153 non attribué', '147 non attribué']","[16, 5, 26]"
461,1.905511811023622,0.7499531293940737,[],"[5, 16, 23, 26]"
462,1.952755905511811,0.7648868337972851,[],"[16, 5, 26]"
463,1.905511811023622,0.7708279496969449,[],"[5, 16, 26, 23]"
464,2.0866141732283463,0.8069501867677518,"[(16, 'Pas assez : 1<8.0')]","[5, 19, 26, 23]"
465,2.0,0.8067178260046389,['136 non attribué'],"[16, 5, 26, 23]"
466,2.2283464566929134,0.7886997173160951,[],"[16, 5, 23, 26]"
467,2.062992125984252,0.7943054417905888,['139 non attribué'],"[16, 5, 26]"
468,2.125984251968504,0.8164200403528283,[],"[5, 16, 26, 23]"
469,1.889763779527559,0.8187131448793896,[],"[16, 5, 26]"
470,2.1102362204724407,0.7990902213469192,['86 non attribué'],"[5, 16, 26, 23]"
471,2.1181102362204722,0.8693563868943913,['262 non attribué'],"[16, 17, 19, 23, 5, 26]"
472,2.062992125984252,0.7943054417905887,['86 non attribué'],"[16, 5, 26]"
473,2.0551181102362204,0.7271065358739984,[],"[16, 5, 26]"
474,2.031496062992126,0.8539079898578693,[],"[5, 17, 16, 26, 23]"
475,1.952755905511811,0.7648868337972851,[],"[5, 16, 26, 23]"
476,2.1496062992125986,0.8172615924146901,[],"[5, 16, 17, 26, 23]"
477,1.9921259842519685,0.8017447540637024,[],"[16, 5, 26]"
478,1.9763779527559056,0.7502863678594831,[],"[16, 5, 26, 23]"
479,1.952755905511811,0.8053222535162549,[],"[16, 5, 26]"
480,2.0,0.816496580927726,[],"[5, 16, 23, 26]"
481,2.078740157480315,0.831963628751314,['86 non attribué'],"[16, 5, 26]"
482,2.094488188976378,0.7911521723284513,[],"[5, 16, 23, 26]"
483,1.9921259842519685,0.8309113660840813,"['86 non attribué', '153 non attribué']","[16, 5, 26, 23]"
484,1.9763779527559056,0.8014329124517257,['147 non attribué'],"[16, 5, 26, 23]"
485,1.889763779527559,0.8089611843131193,[],"[16, 5, 26, 23]"
486,2.1181102362204722,0.8127376158367321,[],"[16, 5, 23, 26]"
487,2.062992125984252,0.8237355051697056,['86 non attribué'],"[16, 5, 26]"
488,2.031496062992126,0.825554242629798,[],"[16, 5, 26]"
489,2.1023622047244093,0.7851260708520693,[],"[16, 5, 26]"
490,2.173228346456693,0.855370412559474,[],"[16, 19, 5, 17, 26]"
491,2.0551181102362204,0.737941007387245,[],"[5, 16, 26]"
492,1.984251968503937,0.8163434926014668,[],"[16, 5, 23, 26]"
493,2.0393700787401574,0.8674133670034967,"['183 non attribué', '248 non attribué', '91 non attribué', '262 non attribué']","[16, 5, 17, 26, 23]"
494,2.0236220472440944,0.849505616535838,[],"[16, 5, 23, 26]"
495,2.062992125984252,0.8237355051697056,[],"[26, 16, 5, 23]"
496,1.968503937007874,0.8539079898578693,"['91 non attribué', (4, 'Pas assez : 1<6.0'), '86 non attribué', '114 non attribué']","[16, 5, 26]"
497,1.9606299212598426,0.8106589011527893,[],"[16, 5, 26]"
498,2.1102362204724407,0.8187131448793895,[],"[26, 16, 5]"
499,2.0236220472440944,0.8587973034418251,['86 non attribué'],"[16, 5, 26, 23]"
500,2.220472440944882,0.7654585286970845,[],"[16, 5, 26, 23]"
501,1.8818897637795275,0.7929668343946951,[],"[16, 5, 26]"
502,1.952755905511811,0.8247969227358518,[],"[5, 16, 23, 26]"
503,2.125984251968504,0.8164200403528283,"['86 non attribué', '153 non attribué']","[16, 5, 26]"
504,1.9921259842519685,0.7917838308500943,[],"[5, 16, 23, 26]"
505,2.1023622047244093,0.7328423212168694,[],"[16, 26, 5]"
506,2.1496062992125986,0.8172615924146902,[],"[16, 5, 26]"
507,2.0,0.816496580927726,[],"[16, 5, 26, 23]"
508,2.0866141732283463,0.7970543193857578,"[(16, 'Pas assez : 1<8.0'), '91 non attribué', '114 non attribué']","[19, 23, 5, 26]"
509,2.094488188976378,0.801120949453354,[],"[16, 5, 17, 23, 26]"
510,1.9763779527559056,0.8401111692228108,['86 non attribué'],"[16, 5, 26]"
511,2.031496062992126,0.8060978698508189,[],"[16, 5, 26]"
512,2.0078740157480315,0.8309113660840813,[],"[16, 5, 26, 19, 23]"
513,2.125984251968504,0.7558462721027461,[],"[5, 26, 16]"
514,2.015748031496063,0.796662203299949,['86 non attribué'],"[16, 5, 26]"
515,2.0236220472440944,0.8209998446448615,[],"[16, 5, 26, 23]"
516,2.15748031496063,0.8010429397205188,[],"[5, 26, 16, 23]"
517,1.7874015748031495,0.7306218406027528,[],"[5, 16, 26]"
518,2.031496062992126,0.8158840552744266,[],"[16, 5, 23, 26]"
519,2.0708661417322833,0.7257300906531575,[],"[16, 5, 26]"
520,2.015748031496063,0.8065628816402012,['86 non attribué'],"[5, 16, 26]"
521,1.937007874015748,0.8237355051697056,[],"[16, 5, 26]"
522,2.047244094488189,0.7751934496559238,['139 non attribué'],"[16, 5, 26]"
523,2.0551181102362204,0.8480330801253431,['139 non attribué'],"[16, 26, 5, 23]"
524,2.236220472440945,0.8013549330876438,[],"[16, 5, 26]"
525,2.047244094488189,0.8531758384844114,"['262 non attribué', '139 non attribué']","[16, 5, 26, 19, 17, 23]"
526,2.0708661417322833,0.7986208584745024,[],"[16, 5, 23, 26]"
527,2.094488188976378,0.801120949453354,[],"[26, 16, 5]"
528,2.047244094488189,0.775193449655924,[],"[16, 5, 26]"
529,2.094488188976378,0.7708279496969449,[],"[16, 5, 26, 23]"
530,1.968503937007874,0.8158840552744266,['86 non attribué'],"[26, 16, 5]"
531,2.1811023622047245,0.7283087915081256,['86 non attribué'],"[16, 5, 26, 23]"
532,2.1338582677165356,0.7492028009126688,['153 non attribué'],"[16, 5, 19, 17, 26]"
533,2.0551181102362204,0.8291043801843319,['86 non attribué'],"[5, 16, 26, 23]"
534,2.141732283464567,0.8040019885549413,[],"[5, 16, 23, 26]"
535,2.204724409448819,0.7800954629938422,[],"[5, 16, 26, 23]"
536,1.968503937007874,0.7861601262033048,[],"[16, 26, 5, 23]"
537,2.0866141732283463,0.8263864929139035,[],"[16, 5, 26, 23]"
538,1.968503937007874,0.7759991805143741,[],"[16, 5, 26]"
539,1.8976377952755905,0.8622105741150103,[],"[16, 5, 19, 17, 23, 26]"
540,2.094488188976378,0.7392947182382329,['227 non attribué'],"[16, 26, 5]"
541,2.1102362204724407,0.7890957901162905,[],"[16, 5, 26]"
542,1.7716535433070866,0.7473654933179781,[],"[16, 5, 26, 23]"
543,2.094488188976378,0.7911521723284513,[],"[16, 5, 26]"
544,2.0078740157480315,0.8017447540637024,[],"[5, 16, 23, 26]"
545,1.889763779527559,0.7789731382443407,[],"[16, 5, 23, 26]"
546,2.141732283464567,0.7940693809279415,[],"[5, 16, 26, 23]"
547,2.1496062992125986,0.7976029580500336,[],"[5, 16, 26, 23]"
548,2.0866141732283463,0.7768845192854995,[],"[5, 16, 23, 26]"
549,2.0866141732283463,0.7970543193857578,[],"[16, 26, 5]"
550,2.1496062992125986,0.756755188418355,[],"[16, 5, 26]"
551,2.1338582677165356,0.800418588152766,"['262 non attribué', '86 non attribué', '119 non attribué']","[16, 19, 26, 17, 5]"
552,2.173228346456693,0.7673339558660375,[],"[5, 16, 26, 23]"
553,2.0,0.816496580927726,[],"[5, 16, 26]"
554,2.0866141732283463,0.8167261596138116,[],"[5, 16, 26, 23]"
555,2.125984251968504,0.786716362274655,[],"[16, 5, 26]"
556,2.062992125984252,0.8042351339820701,['147 non attribué'],"[16, 5, 23, 26]"
557,2.1496062992125986,0.7774473917533788,[],"[16, 5, 26]"
558,2.2283464566929134,0.6806739934537895,[],"[5, 16, 26]"
559,2.015748031496063,0.796662203299949,[],"[5, 16, 19, 23, 26]"
560,2.0393700787401574,0.7705035954012054,['147 non attribué'],"[16, 5, 23, 26]"
561,2.1496062992125986,0.8172615924146902,['86 non attribué'],"[5, 16, 26, 23]"
562,2.0866141732283463,0.7561769135324287,[],"[16, 5, 26, 23]"
563,2.1181102362204722,0.8029130814247328,['86 non attribué'],"[16, 5, 26]"
564,2.1102362204724407,0.7990902213469192,[],"[5, 16, 26, 23]"
565,2.0393700787401574,0.8106589011527893,"[(16, 'Pas assez : 1<8.0')]","[5, 23, 26]"
566,2.1023622047244093,0.75419089063218,"[(5, 'Pas assez : 1<8.0')]","[16, 26]"
567,1.889763779527559,0.8089611843131194,[],"[16, 5, 26, 23]"
568,1.795275590551181,0.7382796678031393,[],"[5, 16, 26, 23]"
569,1.8976377952755905,0.7951703987225784,['153 non attribué'],"[16, 5, 26]"
570,2.0708661417322833,0.7886204788854619,[],"[16, 5, 26]"
571,2.1181102362204722,0.7929668343946951,[],"[16, 5, 26, 23]"
572,2.047244094488189,0.8438222534992559,['262 non attribué'],"[16, 5, 26, 17]"
573,2.0866141732283463,0.8069501867677518,['153 non attribué'],"[5, 19, 16, 23, 26]"
574,2.047244094488189,0.7544394294066421,[],"[16, 5, 23, 26]"
575,2.078740157480315,0.7828144098060377,['227 non attribué'],"[16, 5, 26]"
576,1.9448818897637796,0.7591462060299937,[],"[26, 16, 5]"
577,2.0393700787401574,0.7908361538727323,[],"[5, 16, 26, 23]"
578,2.1496062992125986,0.8074921018580797,[],"[16, 5, 26, 23]"
579,2.1496062992125986,0.8074921018580798,[],"[16, 5, 23, 26]"
580,2.0866141732283463,0.7561769135324287,[],"[16, 5, 26, 23]"
581,2.1496062992125986,0.7461939421658984,[],"[16, 5, 26]"
582,2.141732283464567,0.8040019885549414,['262 non attribué'],"[16, 5, 17, 26]"
583,2.0236220472440944,0.8014329124517255,[],"[16, 5, 10, 23, 26]"
584,2.062992125984252,0.742668200135877,['153 non attribué'],"[5, 16, 26]"
585,1.9448818897637796,0.7797749636117882,[],"[16, 5, 26, 23]"
586,2.0708661417322833,0.8182550380758941,[],"[16, 5, 26]"
587,2.2125984251968505,0.7931244348800822,[],"[16, 5, 26]"
588,2.0708661417322833,0.8278975318296334,[],"[16, 5, 26, 23]"
589,2.15748031496063,0.8206191705182876,[],"[5, 16, 26, 23]"
590,2.0866141732283463,0.8547126319936945,"['180 non attribué', '222 non attribué']","[16, 5, 26, 23]"
591,2.15748031496063,0.8302342072542773,[],"[5, 16, 19, 23, 26]"
592,2.236220472440945,0.7812961647402797,[],"[16, 5, 23, 26]"
593,2.141732283464567,0.7634966497033479,[],"[16, 5, 26]"
594,2.015748031496063,0.7764822177105523,[],"[5, 26, 16, 23]"
595,2.1811023622047245,0.8009649223899493,[],"[16, 19, 5, 23, 26]"
596,2.031496062992126,0.7961914090876715,[],"[16, 5, 26]"
597,2.0708661417322833,0.7886204788854619,[],"[16, 5, 26, 23]"
598,2.1496062992125986,0.8172615924146902,[],"[16, 5, 26, 23]"
599,1.8031496062992125,0.7667636592760195,[],"[16, 5, 23, 26]"
600,2.1023622047244093,0.8341390930154802,[],"[5, 16, 26, 23]"
601,1.8976377952755905,0.7646416908497581,[],"[5, 16, 26]"
602,2.1496062992125986,0.7671710572428524,[],"[16, 5, 26, 23]"
603,2.0078740157480315,0.7917838308500941,['86 non attribué'],"[16, 5, 26, 23]"
604,2.0551181102362204,0.819476087123858,['86 non attribué'],"[26, 16, 5, 23]"
605,1.763779527559055,0.7710711258793538,[],"[5, 16, 26, 23]"
606,2.0708661417322833,0.818255038075894,[],"[5, 16, 26, 23]"
607,2.031496062992126,0.8060978698508189,[],"[16, 5, 23, 26]"
608,1.8976377952755905,0.814887719106538,[],"[16, 5, 23, 26]"
609,2.0551181102362204,0.8291043801843317,['153 non attribué'],"[23, 16, 26, 5]"
610,1.9921259842519685,0.8213042569076934,[],"[5, 16, 26, 23]"
611,2.047244094488189,0.8151177509302044,['86 non attribué'],"[5, 16, 23, 26]"
612,2.0393700787401574,0.8008088649267264,['86 non attribué'],"[16, 5, 26]"
613,1.9763779527559056,0.7813761459212991,[],"[16, 5, 23, 26]"
614,2.267716535433071,0.7501197671318026,[],"[16, 5, 17, 26]"
615,2.047244094488189,0.8343638173048654,[],"[16, 5, 26]"
616,1.921259842519685,0.7928880224047975,[],"[16, 5, 26, 23]"
617,2.188976377952756,0.8138901632593115,[],"[16, 26, 5, 23]"
618,1.9763779527559056,0.7607908054575788,[],"[16, 5, 26]"
619,1.984251968503937,0.7764822177105523,[],"[16, 5, 23, 26]"
620,2.0393700787401574,0.8106589011527893,[],"[16, 5, 26]"
621,2.0551181102362204,0.8386221372667555,"[(16, 'Pas assez : 1<8.0'), '262 non attribué']","[5, 26, 17]"
622,2.0393700787401574,0.8106589011527893,[],"[16, 5, 26, 23]"
623,2.015748031496063,0.7557635891432358,[],"[16, 5, 26]"
624,2.1653543307086616,0.7639057899983485,[],"[16, 5, 26]"
625,2.047244094488189,0.8053222535162549,['86 non attribué'],"[16, 5, 26]"
626,2.0,0.8067178260046389,[],"[16, 5, 23, 26]"
627,2.0866141732283463,0.8069501867677517,['153 non attribué'],"[16, 19, 5, 23, 26]"
628,1.937007874015748,0.8042351339820702,['86 non attribué'],"[16, 5, 26, 23]"
629,2.031496062992126,0.7861601262033048,[],"[5, 16, 26]"
630,2.0393700787401574,0.8395158733682738,[],"[16, 5, 26, 23]"
631,2.094488188976378,0.801120949453354,['86 non attribué'],"[16, 5, 26, 23]"
632,2.15748031496063,0.7910731795498281,[],"[16, 5, 23, 26]"
633,2.15748031496063,0.7707468739197344,['86 non attribué'],"[16, 5, 26, 23]"
634,2.1653543307086616,0.8043905267250879,['86 non attribué'],"[16, 5, 26, 23]"
635,2.0708661417322833,0.7986208584745023,[],"[16, 5, 23, 26]"
636,2.062992125984252,0.8237355051697056,['251 non attribué'],"[16, 5, 26]"
637,2.047244094488189,0.8247969227358519,"[(10, 'Pas assez : 1<10.0')]","[16, 5, 17, 26, 23]"
638,2.094488188976378,0.8109671950985806,[],"[5, 16, 23, 26]"
639,1.937007874015748,0.8521497697566065,['262 non attribué'],"[26, 16, 5, 17]"
640,2.1023622047244093,0.7435932245788319,[],"[16, 26, 5]"
641,2.0393700787401574,0.8300083648760894,[],"[16, 5, 26, 23]"
642,2.1102362204724407,0.8283503060126894,"[(19, 'Pas assez : 1<4.0')]","[16, 5, 26, 23]"
643,2.1811023622047245,0.8108130627784392,[],"[16, 26, 5, 23]"
644,2.031496062992126,0.835112461526635,"[(16, 'Pas assez : 1<8.0')]","[5, 26, 23]"
645,2.141732283464567,0.7940693809279414,[],"[16, 5, 23, 26]"
646,2.1181102362204722,0.7623498887196719,"[(17, 'Pas assez : 1<6.0')]","[16, 23, 5, 26]"
647,1.9606299212598426,0.820390681255744,[],"[16, 5, 26, 23]"
648,2.0236220472440944,0.8306104747593197,['86 non attribué'],"[16, 5, 26, 23]"
649,2.094488188976378,0.8398135740419459,[],"[5, 16, 23, 26]"
650,1.984251968503937,0.8450063582789238,[],"[16, 5, 26, 23]"
651,1.984251968503937,0.8355613260909056,[],"[16, 5, 19, 23, 26]"
652,2.1102362204724407,0.8089611843131194,[],"[16, 5, 26]"
653,2.078740157480315,0.7828144098060377,[],"[5, 16, 26]"
654,2.062992125984252,0.842784797100198,"[(17, 'Pas assez : 1<6.0'), '262 non attribué']","[23, 16, 19, 5, 26]"
655,2.0236220472440944,0.7607908054575788,[],"[5, 16, 26]"
656,2.0551181102362204,0.819476087123858,[],"[16, 5, 26, 23]"
657,2.1023622047244093,0.7541908906321801,[],"[5, 16, 26]"
658,1.952755905511811,0.8151177509302046,[],"[16, 5, 26]"
659,2.2440944881889764,0.7529469661657902,[],"[26, 5, 16, 23]"
660,2.1102362204724407,0.8187131448793896,[],"[16, 5, 26, 23]"
661,1.9291338582677164,0.7578279567939464,[],"[16, 5, 26, 23]"
662,2.031496062992126,0.7552673012999758,[],"[5, 16, 26]"
663,2.047244094488189,0.7648868337972851,[],"[16, 5, 23, 26]"
664,2.1338582677165356,0.7597222207941556,[],"[16, 5, 26]"
665,2.15748031496063,0.7809761581060327,[],"[16, 5, 26, 23]"
666,2.0393700787401574,0.7908361538727323,[],"[16, 5, 26]"
667,2.0236220472440944,0.7502863678594831,[],"[16, 23, 5, 26]"
668,2.0866141732283463,0.8167261596138117,['153 non attribué'],"[16, 26, 5, 23]"
669,2.204724409448819,0.8001843307198715,[],"[16, 5, 26, 23]"
670,1.9763779527559056,0.7813761459212992,[],"[16, 5, 26, 23]"
671,2.078740157480315,0.8508287203139572,['86 non attribué'],"[16, 5, 23, 26]"
672,1.921259842519685,0.8126607212232067,[],"[16, 5, 26, 23]"
673,1.984251968503937,0.796662203299949,[],"[16, 26, 5, 23]"
674,2.1181102362204722,0.7726903446426078,[],"[26, 16, 5]"
675,2.0393700787401574,0.8203906812557439,[],"[16, 5, 26, 23]"
676,2.141732283464567,0.7316475151937502,[],"[5, 16, 26]"
677,2.0866141732283463,0.845376050888936,[],"[16, 5, 26, 23]"
678,2.141732283464567,0.7738217817955582,[],"[16, 26, 5, 23]"
679,2.0708661417322833,0.7886204788854618,[],"[5, 16, 23, 26]"
680,2.125984251968504,0.786716362274655,[],"[5, 16, 26, 23]"
681,2.251968503937008,0.7555981960809328,[],"[5, 16, 23, 26]"
682,1.968503937007874,0.825554242629798,['86 non attribué'],"[16, 5, 26]"
683,2.1023622047244093,0.7749515670405427,[],"[16, 5, 26, 23]"
684,1.795275590551181,0.7382796678031393,"[(5, 'Pas assez : 1<8.0')]","[16, 23, 26]"
685,1.9606299212598426,0.8489169084841643,[],"[16, 5, 23, 26]"
686,2.0708661417322833,0.7986208584745023,[],"[5, 16, 19, 26, 23]"
687,2.125984251968504,0.7867163622746551,[],"[5, 16, 23, 26]"
688,1.8188976377952757,0.8108130627784393,[],"[16, 5, 26, 23]"
689,2.15748031496063,0.8302342072542773,['86 non attribué'],"[16, 5, 23, 26]"
690,2.094488188976378,0.8303094743961983,['86 non attribué'],"[16, 5, 26, 23]"
691,2.1338582677165356,0.7904409531315111,[],"[16, 5, 23, 26]"
692,1.937007874015748,0.7943054417905887,['86 non attribué'],"[16, 5, 26, 23]"
693,2.094488188976378,0.7911521723284513,[],"[5, 16, 26, 23]"
694,1.8031496062992125,0.7972111118175658,[],"[16, 5, 26, 23]"
695,2.015748031496063,0.7764822177105523,[],"[16, 5, 26, 23]"
696,1.905511811023622,0.739294718238233,[],"[16, 5, 26]"
697,1.937007874015748,0.7842500360121935,['86 non attribué'],"[16, 5, 26, 23]"
698,2.125984251968504,0.7558462721027462,[],"[16, 5, 26, 23]"
699,1.9763779527559056,0.8209998446448616,[],"[16, 5, 23, 26]"
700,2.0866141732283463,0.8359351957798865,"['86 non attribué', '147 non attribué']","[16, 5, 23, 26]"
701,2.0078740157480315,0.8017447540637024,[],"[16, 5, 23, 26]"
702,1.9763779527559056,0.8306104747593197,[],"[26, 5, 16, 23]"
703,2.1496062992125986,0.7976029580500336,[],"[16, 5, 19, 26]"
704,1.889763779527559,0.8187131448793895,[],"[16, 5, 23, 26]"
705,2.2283464566929134,0.7473654933179783,[],"[16, 5, 23, 26]"
706,1.9763779527559056,0.8112753718891453,[],"[16, 5, 26, 23]"
707,1.9763779527559056,0.8401111692228109,[],"[5, 16, 23, 26]"
708,1.937007874015748,0.8140437129566043,[],"[5, 16, 26, 23]"
709,2.125984251968504,0.8260839534591686,[],"[16, 5, 26, 23]"
710,2.1496062992125986,0.7774473917533788,[],"[16, 5, 26, 19]"
711,2.094488188976378,0.8109671950985806,[],"[5, 16, 26, 23]"
712,2.0393700787401574,0.8300083648760893,[],"[16, 5, 23, 26]"
713,2.062992125984252,0.7209785182285472,[],"[16, 5, 26, 23]"
714,2.0236220472440944,0.7813761459212991,[],"[5, 16, 23, 26]"
715,2.0866141732283463,0.845376050888936,['86 non attribué'],"[16, 5, 26]"
716,2.1338582677165356,0.7803357511446183,['100 non attribué'],"[16, 5, 26, 23]"
717,2.1338582677165356,0.7700979604189454,[],"[16, 5, 26, 23]"
718,1.8425196850393701,0.7809761581060327,[],"[16, 26, 5, 23]"
719,1.9921259842519685,0.8017447540637024,[],"[16, 5, 26]"
720,2.125984251968504,0.776562694698664,[],"[5, 16, 26, 23]"
721,2.1102362204724407,0.8187131448793895,['86 non attribué'],"[5, 16, 23, 26]"
722,2.1338582677165356,0.8102733687672842,[],"[16, 5, 26, 23]"
723,1.984251968503937,0.8065628816402011,['153 non attribué'],"[16, 5, 4, 26, 23]"
724,2.0551181102362204,0.819476087123858,"['153 non attribué', '261 non attribué']","[16, 5, 26]"
725,2.0551181102362204,0.809733315045647,"[(10, 'Pas assez : 1<10.0')]","[16, 5, 26]"
726,1.9606299212598426,0.820390681255744,[],"[5, 16, 19, 23, 26]"
727,2.031496062992126,0.7861601262033048,[],"[5, 16, 23, 26]"
728,2.047244094488189,0.8531758384844114,[],"[5, 16, 26, 17, 23]"
729,2.0708661417322833,0.7886204788854619,"[(19, 'Pas assez : 1<4.0'), '227 non attribué']","[16, 5, 26, 23]"
730,1.9763779527559056,0.8112753718891451,"['86 non attribué', '147 non attribué']","[16, 5, 26]"
731,2.015748031496063,0.8163434926014668,[],"[16, 5, 23, 26]"
732,2.1023622047244093,0.8148877191065381,['262 non attribué'],"[16, 5, 26, 17, 23]"
733,1.921259842519685,0.8028352458294333,[],"[5, 16, 23, 26]"
734,2.047244094488189,0.8151177509302044,[],"[16, 5, 26]"
735,2.0078740157480315,0.8017447540637024,"[(16, 'Pas assez : 1<8.0'), '86 non attribué']","[5, 26]"
736,2.0,0.7867957924694432,['86 non attribué'],"[16, 5, 26]"
737,2.1653543307086616,0.8141972336959148,[],"[16, 5, 26, 23]"
738,2.173228346456693,0.8366077401842114,[],"[16, 26, 5, 23]"
739,1.9921259842519685,0.8115834316579427,[],"[16, 5, 23, 26]"
740,1.9291338582677164,0.8182550380758941,[],"[5, 16, 26]"
741,2.0078740157480315,0.7506194583832656,[],"[16, 5, 26]"
742,2.1653543307086616,0.7534447823961521,[],"[16, 5, 26]"
743,2.094488188976378,0.8206953194694576,[],"[16, 5, 23, 26]"
744,2.062992125984252,0.842784797100198,[],"[5, 16, 26]"
745,2.2125984251968505,0.7306218406027528,"[(16, 'Pas assez : 1<8.0')]","[5, 26]"
746,2.1653543307086616,0.7639057899983485,[],"[16, 5, 26, 23]"
747,2.031496062992126,0.7861601262033048,[],"[16, 5, 26]"
748,2.047244094488189,0.8151177509302046,[],"[16, 5, 26, 23]"
749,1.9921259842519685,0.8017447540637024,[],"[16, 5, 26, 23]"
750,2.0393700787401574,0.7908361538727323,['86 non attribué'],"[5, 16, 23, 26]"
751,1.968503937007874,0.7961914090876715,[],"[16, 5, 26]"
752,2.141732283464567,0.7940693809279413,['86 non attribué'],"[16, 5, 23, 26]"
753,2.1181102362204722,0.7726903446426078,[],"[16, 5, 26, 23]"
754,2.047244094488189,0.775193449655924,['86 non attribué'],"[16, 26, 5]"
755,1.9448818897637796,0.819476087123858,['86 non attribué'],"[5, 16, 26, 23]"
756,2.141732283464567,0.7424157207132704,[],"[16, 26, 5, 23]"
757,2.062992125984252,0.8042351339820702,[],"[16, 5, 23, 26]"
758,1.7716535433070866,0.8085748424484402,[],"[5, 16, 26, 23]"
759,2.173228346456693,0.7569203286687483,[],"[16, 5, 26, 23]"
760,2.125984251968504,0.8164200403528284,[],"[16, 5, 23, 26]"
761,1.968503937007874,0.7759991805143741,[],"[16, 5, 26, 23]"
762,2.0,0.8067178260046389,[],"[16, 5, 26]"
763,2.078740157480315,0.8126607212232067,[],"[5, 16, 26]"
764,1.9763779527559056,0.8209998446448615,[],"[16, 5, 26, 23]"
765,2.094488188976378,0.7810561720561535,['153 non attribué'],"[5, 16, 23, 26]"
766,2.078740157480315,0.7828144098060377,"[(17, 'Pas assez : 1<6.0')]","[16, 5, 26, 23]"
767,2.078740157480315,0.8028352458294333,[],"[5, 16, 26]"
768,2.1102362204724407,0.7990902213469194,[],"[16, 5, 26, 23]"
769,2.1102362204724407,0.7890957901162905,[],"[5, 16, 26, 23]"
770,2.047244094488189,0.7544394294066421,[],"[16, 5, 26]"
771,2.0551181102362204,0.809733315045647,[],"[16, 5, 26, 23]"
772,2.2125984251968505,0.7414049432252057,[],"[16, 5, 23, 26]"
773,1.9133858267716535,0.7970543193857575,[],"[16, 5, 26, 23]"
774,2.0866141732283463,0.8167261596138117,[],"[16, 5, 26, 23]"
775,2.062992125984252,0.8140437129566043,[],"[5, 16, 23, 26]"
776,2.078740157480315,0.7622679112057278,['147 non attribué'],"[16, 5, 26]"
777,2.015748031496063,0.796662203299949,[],"[16, 5, 26, 23]"
778,2.125984251968504,0.7867163622746551,[],"[16, 5, 26, 23]"
779,1.9763779527559056,0.8014329124517254,[],"[16, 26, 5, 23]"
780,2.094488188976378,0.8109671950985806,[],"[16, 5, 26, 23]"
781,2.1023622047244093,0.8622105741150102,['147 non attribué'],"[16, 5, 17, 19, 26]"
782,2.0708661417322833,0.7886204788854618,['262 non attribué'],"[16, 5, 17, 26]"
783,2.015748031496063,0.7764822177105523,[],"[26, 16, 5]"
784,2.0866141732283463,0.8263864929139035,['262 non attribué'],"[16, 5, 17, 23, 26]"
785,2.141732283464567,0.8138133775462996,[],"[16, 5, 26, 23]"
786,2.1181102362204722,0.7726903446426079,[],"[16, 5, 26, 23]"
787,2.1102362204724407,0.8089611843131193,[],"[16, 5, 26]"
788,2.094488188976378,0.7392947182382329,[],"[16, 5, 26, 23]"
789,1.9133858267716535,0.8263864929139035,[],"[5, 16, 23, 26]"
790,2.062992125984252,0.7637421601817559,['147 non attribué'],"[16, 5, 26]"
791,1.9763779527559056,0.8209998446448614,['153 non attribué'],"[16, 26, 5]"
792,2.0866141732283463,0.8167261596138117,[],"[16, 5, 23, 26]"
793,2.078740157480315,0.7928880224047977,[],"[16, 5, 26]"
794,1.968503937007874,0.825554242629798,[],"[16, 5, 26, 23]"
795,2.141732283464567,0.7840109475347066,[],"[16, 5, 23, 26]"
796,2.0393700787401574,0.8582149692141982,['86 non attribué'],"[16, 23, 5, 26]"
797,1.984251968503937,0.8065628816402012,[],"[5, 16, 26]"
798,2.0236220472440944,0.8014329124517254,[],"[16, 5, 26]"
799,2.0,0.816496580927726,[],"[5, 16, 26]"
800,2.1653543307086616,0.7844093878447866,[],"[16, 5, 26, 23]"
801,2.015748031496063,0.8355613260909055,[],"[5, 16, 26, 23]"
802,2.0708661417322833,0.8182550380758941,[],"[16, 5, 23, 26]"
803,2.015748031496063,0.7764822177105523,[],"[16, 5, 26]"
804,2.1338582677165356,0.790440953131511,[],"[5, 16, 26]"
805,2.0393700787401574,0.8674133670034968,['153 non attribué'],"[5, 16, 26]"
806,2.1102362204724407,0.7890957901162905,[],"[5, 16, 26]"
807,2.0393700787401574,0.8008088649267264,[],"[16, 5, 26, 23]"
808,1.858267716535433,0.7634966497033479,[],"[16, 5, 26]"
809,2.173228346456693,0.7776081376233389,[],"[16, 5, 23, 26]"
810,1.8503937007874016,0.8172615924146903,[],"[16, 5, 23, 26]"
811,1.8661417322834646,0.800418588152766,[],"[26, 16, 5]"
812,2.2125984251968505,0.7728520799336818,[],"[16, 5, 23, 26]"
813,2.047244094488189,0.8053222535162549,[],"[16, 5, 26, 23]"
814,2.0393700787401574,0.8395158733682737,['86 non attribué'],"[16, 5, 26, 23]"
815,2.094488188976378,0.8206953194694576,[],"[16, 26, 5]"
816,2.283464566929134,0.7755964197146707,['86 non attribué'],"[5, 16, 26]"
817,1.9133858267716535,0.7348860406984189,[],"[16, 5, 26]"
818,2.0866141732283463,0.7768845192854995,[],"[16, 5, 26]"
819,1.984251968503937,0.796662203299949,[],"[5, 16, 23, 26]"
820,2.031496062992126,0.8445625135359083,"[(17, 'Pas assez : 1<6.0')]","[16, 5, 26]"
821,1.968503937007874,0.7861601262033048,[],"[16, 26, 5]"
822,2.031496062992126,0.8445625135359083,['86 non attribué'],"[16, 19, 5, 17, 26, 23]"
823,2.1653543307086616,0.8043905267250879,[],"[5, 16, 19, 26]"
824,2.0866141732283463,0.7561769135324287,[],"[16, 26, 5]"
825,2.1181102362204722,0.7828942358817874,[],"[16, 5, 26, 23]"
826,2.015748031496063,0.7661929382000867,[],"[16, 5, 26]"
827,2.141732283464567,0.8235078805611589,[],"[16, 5, 26, 23]"
828,2.0078740157480315,0.8773703765530231,"[(19, 'Pas assez : 1<4.0')]","[5, 16, 17, 26, 23]"
829,1.9291338582677164,0.8374290053984366,[],"[5, 16, 17, 23, 26]"
830,2.1102362204724407,0.7789731382443409,[],"[16, 5, 26, 23]"
831,1.9763779527559056,0.8306104747593197,[],"[16, 5, 23, 26]"
832,2.141732283464567,0.8235078805611589,['139 non attribué'],"[5, 16, 26]"
833,2.0393700787401574,0.8008088649267263,['139 non attribué'],"[16, 5, 26, 23]"
834,1.952755905511811,0.8151177509302044,['86 non attribué'],"[16, 5, 26]"
835,1.9763779527559056,0.8306104747593197,['86 non attribué'],"[16, 5, 23, 26]"
836,1.9921259842519685,0.8115834316579427,[],"[16, 5, 26]"
837,2.1653543307086616,0.7639057899983486,[],"[16, 5, 19, 26]"
838,2.141732283464567,0.8040019885549414,[],"[26, 16, 5, 23]"
839,2.2125984251968505,0.7520334472028397,[],"[16, 5, 26]"
840,2.141732283464567,0.7940693809279413,"[(16, 'Pas assez : 1<8.0'), (19, 'Pas assez : 1<4.0')]","[23, 5, 26]"
841,2.062992125984252,0.8237355051697055,[],"[16, 5, 26, 23]"
842,1.8818897637795275,0.8224447994054018,[],"[16, 5, 26, 23]"
843,2.078740157480315,0.822368812450982,[],"[16, 5, 23, 26]"
844,1.9133858267716535,0.7666006394678041,[],"[16, 26, 5]"
845,2.047244094488189,0.795406132824913,[],"[5, 16, 26]"
846,1.8503937007874016,0.7774473917533788,[],"[16, 17, 5, 26, 23]"
847,1.968503937007874,0.825554242629798,[],"[16, 5, 23, 26]"
848,2.173228346456693,0.7673339558660375,[],"[26, 16, 5]"
849,2.0551181102362204,0.779774963611788,[],"[5, 16, 26, 23]"
850,2.0551181102362204,0.8291043801843317,[],"[16, 26, 5]"
851,2.031496062992126,0.8158840552744266,[],"[16, 5, 26, 19]"
852,2.0866141732283463,0.7970543193857579,[],"[16, 5, 26, 23]"
853,2.0,0.8067178260046389,[],"[5, 16, 26, 23]"
854,1.952755905511811,0.795406132824913,[],"[16, 5, 26]"
855,2.062992125984252,0.8140437129566043,[],"[16, 17, 5, 26, 23]"
856,2.0866141732283463,0.8167261596138116,[],"[5, 26, 16, 23]"
857,2.0866141732283463,0.8069501867677518,[],"[16, 19, 5, 23, 26]"
858,2.141732283464567,0.7840109475347066,['118 non attribué'],"[16, 5, 26, 23]"
859,2.0551181102362204,0.8097333150456472,[],"[16, 5, 23, 26]"
860,2.047244094488189,0.8247969227358519,['179 non attribué'],"[16, 5, 26]"
861,2.2440944881889764,0.79399067837748,[],"[16, 19, 17, 5, 26]"
862,2.1102362204724407,0.7990902213469193,[],"[16, 26, 5, 19]"
863,2.1496062992125986,0.8269156706153362,['86 non attribué'],"[16, 5, 23, 26]"
864,2.0078740157480315,0.8213042569076934,[],"[16, 5, 26, 23]"
865,2.0708661417322833,0.8182550380758942,['114 non attribué'],"[16, 5, 26]"
866,1.937007874015748,0.7740640174508248,[],"[16, 5, 26, 23]"
867,2.0551181102362204,0.8386221372667554,[],"[16, 26, 5, 23]"
868,2.1338582677165356,0.7904409531315111,[],"[16, 26, 5]"
869,2.047244094488189,0.8151177509302044,['153 non attribué'],"[16, 5, 26, 23]"
870,2.062992125984252,0.7532788802071108,[],"[16, 5, 23, 26]"
871,2.094488188976378,0.7604621701051144,[],"[16, 5, 23, 26]"
872,2.125984251968504,0.7558462721027461,[],"[16, 5, 26, 23]"
873,2.125984251968504,0.7967406419555125,[],"[16, 5, 26, 23]"
874,2.1102362204724407,0.8187131448793896,[],"[16, 5, 26, 23]"
875,2.0393700787401574,0.8008088649267264,['86 non attribué'],"[16, 26, 5]"
876,2.2283464566929134,0.7036072179208803,[],"[16, 5, 26, 23]"
877,2.1023622047244093,0.7435932245788319,[],"[16, 5, 26, 23]"
878,1.9921259842519685,0.8309113660840813,['153 non attribué'],"[16, 5, 19, 26]"
879,1.8267716535433072,0.817414508795936,[],"[16, 5, 26, 23]"
880,1.7244094488188977,0.7419105041044286,['153 non attribué'],"[16, 5, 23, 26]"
881,2.125984251968504,0.7345458156613424,[],"[16, 5, 26, 23]"
882,2.078740157480315,0.8414490450633777,[],"[5, 16, 23, 26]"
883,1.795275590551181,0.7800954629938421,[],"[16, 5, 26]"
884,1.889763779527559,0.8283503060126894,[],"[16, 5, 26]"
885,1.874015748031496,0.7867163622746551,[],"[16, 5, 26]"
886,2.062992125984252,0.7842500360121935,[],"[16, 5, 26]"
887,2.236220472440945,0.739548263161916,[],"[16, 5, 26]"
888,2.15748031496063,0.7707468739197344,[],"[5, 16, 23, 26]"
889,2.062992125984252,0.7842500360121933,['119 non attribué'],"[16, 26, 5]"
890,1.9921259842519685,0.8115834316579426,[],"[16, 5, 26, 23]"
891,2.047244094488189,0.8715819199132174,[],"[16, 5, 23, 26]"
892,1.9921259842519685,0.8115834316579427,[],"[5, 16, 26, 23]"
893,2.094488188976378,0.8398135740419459,['86 non attribué'],"[5, 19, 16, 26]"
894,2.15748031496063,0.7910731795498283,[],"[5, 16, 23, 26]"
895,2.141732283464567,0.8040019885549414,[],"[5, 16, 26]"
896,1.984251968503937,0.8450063582789236,['86 non attribué'],"[5, 16, 23, 26]"
897,1.7322834645669292,0.7709900756740654,[],"[16, 5, 23, 26]"
898,2.0551181102362204,0.7998718807545351,[],"[5, 16, 26, 23]"
899,1.905511811023622,0.7810561720561535,[],"[16, 5, 26, 23]"
900,2.0236220472440944,0.7711521675660435,[],"[5, 16, 26]"
901,2.0,0.8728715609439694,"['86 non attribué', '153 non attribué', '139 non attribué']","[16, 5, 23, 26]"
902,2.141732283464567,0.8330895781483212,[],"[16, 26, 5, 17]"
903,2.047244094488189,0.7853648198528295,[],"[16, 5, 26, 23]"
904,1.968503937007874,0.8158840552744266,[],"[5, 16, 23, 26]"
905,2.094488188976378,0.8206953194694576,[],"[5, 16, 26]"
906,2.0393700787401574,0.7171545936275558,[],"[16, 5, 26]"
907,2.0708661417322833,0.8084975519218144,[],"[5, 16, 26, 19, 23]"
908,2.141732283464567,0.8519297371059301,['153 non attribué'],"[5, 16, 26, 23]"
909,1.8346456692913387,0.7844093878447866,[],"[16, 5, 26]"
910,1.905511811023622,0.8398135740419459,[],"[16, 5, 26, 23]"
911,2.1496062992125986,0.777447391753379,[],"[16, 5, 26, 23]"
912,2.047244094488189,0.8151177509302044,[],"[16, 26, 5, 23]"
913,1.8976377952755905,0.7851260708520694,[],"[16, 5, 26, 23]"
914,1.811023622047244,0.7531129414717115,[],"[16, 26, 5, 23]"
915,2.062992125984252,0.80423513398207,[],"[16, 5, 26, 23]"
916,2.0236220472440944,0.7914680646038974,[],"[16, 5, 26, 23]"
917,2.078740157480315,0.8028352458294334,[],"[5, 16, 26]"
918,1.8503937007874016,0.8074921018580797,[],"[16, 5, 26, 23]"
919,2.0078740157480315,0.8213042569076934,[],"[16, 5, 26]"
920,1.937007874015748,0.8140437129566043,[],"[16, 5, 26, 23]"
921,2.062992125984252,0.8140437129566042,"['91 non attribué', '227 non attribué']","[5, 16, 26, 4]"
922,1.9291338582677164,0.8182550380758942,['147 non attribué'],"[5, 16, 26, 23]"
923,2.1338582677165356,0.7700979604189456,[],"[16, 5, 26]"
924,2.0393700787401574,0.7705035954012053,[],"[5, 16, 26]"
925,1.984251968503937,0.8260083012813956,"['86 non attribué', '139 non attribué']","[5, 16, 23, 26]"
926,2.062992125984252,0.842784797100198,"['262 non attribué', '86 non attribué']","[16, 5, 26, 17]"
927,2.094488188976378,0.7604621701051144,[],"[16, 5, 26]"
928,2.031496062992126,0.8158840552744266,[],"[16, 26, 5, 23]"
929,2.0393700787401574,0.7601333926707656,[],"[5, 16, 26]"
930,2.0866141732283463,0.845376050888936,['118 non attribué'],"[16, 5, 19, 26]"
931,2.0,0.8067178260046389,[],"[16, 5, 26, 23]"
932,2.0551181102362204,0.7998718807545352,[],"[5, 16, 26]"
933,2.015748031496063,0.796662203299949,[],"[16, 5, 26]"
934,2.1023622047244093,0.7851260708520693,[],"[16, 5, 26, 23]"
935,1.9291338582677164,0.8182550380758941,[],"[16, 5, 23, 26]"
936,1.889763779527559,0.8187131448793896,[],"[16, 5, 23, 26]"
937,2.141732283464567,0.8235078805611589,[],"[26, 16, 5, 23]"
938,1.8267716535433072,0.7977596426518889,[],"[16, 5, 19, 26]"
939,2.062992125984252,0.7943054417905888,[],"[5, 26, 16, 23]"
940,2.1338582677165356,0.8102733687672843,[],"[16, 5, 26, 23]"
941,2.031496062992126,0.825554242629798,[],"[16, 5, 23, 26]"
942,1.9448818897637796,0.809733315045647,[],"[16, 5, 26, 23]"
943,2.125984251968504,0.7967406419555125,[],"[5, 16, 26, 23]"
944,2.0078740157480315,0.8404086590229364,[],"[16, 5, 26]"
945,2.047244094488189,0.8247969227358518,"['86 non attribué', '153 non attribué']","[5, 16, 26, 23]"
946,1.9133858267716535,0.7666006394678041,[],"[5, 26, 16]"
947,2.1653543307086616,0.7428364720764382,[],"[16, 5, 26]"
948,2.1968503937007875,0.826537721114074,[],"[16, 5, 26, 23]"
949,2.1653543307086616,0.7639057899983486,[],"[16, 5, 23, 26]"
950,2.236220472440945,0.7710711258793538,[],"[16, 5, 26, 23]"
951,2.031496062992126,0.825554242629798,[],"[16, 19, 5, 26]"
952,1.9763779527559056,0.8112753718891453,[],"[5, 16, 26, 23]"
953,2.1338582677165356,0.8200097243365467,[],"[16, 5, 26]"
954,2.173228346456693,0.7776081376233388,[],"[16, 5, 26]"
955,2.15748031496063,0.7603799890739019,[],"[16, 5, 26, 23]"
956,1.8976377952755905,0.814887719106538,['262 non attribué'],"[16, 5, 19, 17, 23, 26]"
957,1.9606299212598426,0.8395158733682737,[],"[16, 5, 26, 23]"
958,2.1496062992125986,0.7774473917533788,[],"[16, 26, 5]"
959,2.125984251968504,0.7765626946986639,['86 non attribué'],"[5, 16, 26]"
960,1.811023622047244,0.7941480756787345,[],"[16, 5, 26, 4]"
961,1.9606299212598426,0.7908361538727324,[],"[16, 5, 26]"
962,2.188976377952756,0.7739025354385429,[],"[16, 5, 26]"
963,1.9606299212598426,0.8106589011527893,[],"[16, 5, 26]"
964,1.8818897637795275,0.8224447994054018,"['119 non attribué', '86 non attribué']","[16, 5, 26, 23]"
965,1.9921259842519685,0.7917838308500943,[],"[5, 16, 26, 23]"
966,1.9763779527559056,0.7914680646038974,[],"[16, 5, 26]"
967,2.047244094488189,0.8531758384844114,"['86 non attribué', '139 non attribué']","[5, 16, 26, 23]"
968,2.0236220472440944,0.8209998446448615,[],"[16, 5, 26, 23]"
969,1.874015748031496,0.8164200403528284,[],"[19, 16, 5, 26, 23]"
970,1.9606299212598426,0.8008088649267264,[],"[16, 5, 26]"
971,2.15748031496063,0.8397391587678606,['153 non attribué'],"[16, 5, 23, 26]"
972,2.0078740157480315,0.8017447540637024,[],"[16, 5, 26, 23]"
973,2.1181102362204722,0.7726903446426078,[],"[5, 16, 26]"
974,2.015748031496063,0.8355613260909056,"['139 non attribué', '153 non attribué']","[5, 16, 26, 23]"
975,1.984251968503937,0.8355613260909055,['153 non attribué'],"[16, 5, 26, 23]"
976,2.078740157480315,0.7411520334640603,[],"[26, 16, 5, 23]"
977,1.9921259842519685,0.8017447540637024,"[(4, 'Pas assez : 1<6.0'), '153 non attribué']","[16, 5, 23, 26]"
978,2.031496062992126,0.8158840552744266,"['48 non attribué', '139 non attribué']","[16, 26, 5, 4, 23]"
979,2.078740157480315,0.8126607212232069,[],"[16, 5, 23, 26]"
980,1.8818897637795275,0.7412363463058624,[],"[16, 26, 5, 23]"
981,2.188976377952756,0.784090651794307,[],"[16, 26, 5, 23]"
982,1.9921259842519685,0.7917838308500942,['86 non attribué'],"[16, 5, 26, 23]"
983,2.15748031496063,0.7910731795498283,[],"[5, 16, 26]"
984,1.8976377952755905,0.8341390930154803,[],"[16, 5, 26, 23]"
985,2.047244094488189,0.7648868337972851,[],"[5, 16, 26]"
986,2.0236220472440944,0.8112753718891452,[],"[16, 5, 26, 23]"
987,2.1102362204724407,0.7990902213469194,[],"[16, 5, 26, 23]"
988,2.015748031496063,0.8450063582789236,['86 non attribué'],"[16, 26, 5, 23]"
989,1.9763779527559056,0.8209998446448615,[],"[5, 26, 16, 23]"
990,2.1023622047244093,0.7749515670405427,['262 non attribué'],"[5, 16, 26, 17]"
991,1.8425196850393701,0.7498697966387307,[],"[16, 5, 26, 23]"
992,2.0393700787401574,0.8582149692141982,"['180 non attribué', '222 non attribué']","[5, 16, 23, 26]"
993,2.15748031496063,0.7603799890739019,[],"[16, 5, 26]"
994,2.0236220472440944,0.8112753718891451,[],"[16, 26, 5]"
995,2.204724409448819,0.7902037378148707,[],"[16, 26, 5, 23]"
996,1.874015748031496,0.7967406419555125,[],"[16, 5, 26]"
997,2.031496062992126,0.8539079898578693,[],"[16, 5, 26, 23]"
998,2.015748031496063,0.8260083012813956,['153 non attribué'],"[16, 5, 4, 26]"
999,2.1496062992125986,0.8172615924146902,[],"[16, 5, 26, 23]"
