Elève,1,2,3,4,5,6,7,8,9,10,11,12,13,14,15,16,17,18,19,20,21,22,23,24,25,26,27,28,29,30,31,32,33,34
PERS_0001,,,,3.0,,,,,,9.0,,,,,,,,,,,,,,,,,1.0,,,,,,,
PERS_0002,,3.0,,,9.0,,,,,,,,,,,,,,,,,,,,,1.0,,,,,,,,
PERS_0003,,,,,,,,,,,,,,,,,,,,,9.0,,,,,,,,,1.0,3.0,,,
PERS_0004,,,,,3.0,,,,,,,,,9.0,,,,,,,,,,,,,,,,,,1.0,,
PERS_0005,,3.0,,9.0,,,,,,,1.0,,,,,,,,,,,,,,,,,,,,,,,
PERS_0006,,,,,,,,,,1.0,3.0,,,,,,,,,,,,,,,,,,,,,,,
PERS_0007,,,1.0,3.0,,,,,,,,,,,,,,,,,,,,,,,,,,,,,,9.0
PERS_0008,,3.0,,9.0,,,,,,,1.0,,,,,,,,,,,,,,,,,,,,,,,
PERS_0009,,1.0,,3.0,,,,,,,,,,,,,,,,,,,,,,,,,,,,,,9.0
PERS_0010,,,,,,,,,,,,,,,,,,,,,,,1.0,3.0,9.0,,,,,,,,,
PERS_0011,,,,,1.0,,,,,,,,9.0,,,,,,,,,,,,,3.0,,,,,,,,
PERS_0012,,,,,,,,,,,,,1.0,,,,,,,,9.0,,,,,,,,,,,,,3.0
PERS_0013,,,,,,,,3.0,,,,,,,,,,1.0,,,,,,,,,,,,,9.0,,,
PERS_0014,,,3.0,,,,,,,,,,1.0,,,,,,,,,,,,,,,,,,,,,9.0
PERS_0015,,3.0,,1.0,,,,,,,,,,,,,,,,,,,,,,9.0,,,,,,,,
PERS_0016,,9.0,,,,,,,,,1.0,,,,,,,,,,,,,,,3.0,,,,,,,,
PERS_0017,,,3.0,,,,,,,,,,,,,,9.0,,,,,,,,,,,,,,,,,1.0
PERS_0018,1.0,,,,,,,,,,,,,,,,,,3.0,,,,,,,9.0,,,,,,,,
PERS_0019,,3.0,,1.0,,,,,,,,,,,,,,,,,,,,,,9.0,,,,,,,,
PERS_0020,,,,,,,,,,,,,,,,,,,,,,,,,,,9.0,,,,,1.0,,3.0
PERS_0021,,,,9.0,,,,,,,,,,,,,,,,,,,,,,,3.0,,,,,,1.0,
PERS_0022,,,,9.0,,,,,,,,,,,,,,,,,,,,,,3.0,1.0,,,,,,,
PERS_0023,,,,,,,,3.0,,,,,,,1.0,,,,,,,,,,,,,,9.0,,,,,
PERS_0024,,,,,,,,,,,,,,,,9.0,1.0,,,,,,,,,,3.0,,,,,,,
PERS_0025,,3.0,,,,,,,,,,,,,,,,,,,1.0,,,,,9.0,,,,,,,,
PERS_0026,,,9.0,,3.0,,,,,1.0,,,,,,,,,,,,,,,,,,,,,,,,
PERS_0027,,,,,,,,,,,,,,,9.0,,1.0,,,,,,,,,,,,,3.0,,,,
PERS_0028,,3.0,,,9.0,,,,,,,,,,,,,,,,,,,,,,,,,,,,,1.0
PERS_0029,,,,1.0,,,,,,3.0,,,,,,,,,,,,,,,,,,,,,,,,9.0
PERS_0030,9.0,3.0,,1.0,,,,,,,,,,,,,,,,,,,,,,,,,,,,,,
PERS_0031,,3.0,,,,,,,,,1.0,,,,,,,,,,,,,,,9.0,,,,,,,,
PERS_0032,,,,,,,,,,3.0,,1.0,,,,,,,,,,,,,,,,,,,,,,
PERS_0033,,,,,,,,,,,1.0,,,,,,,,,,,,,,,9.0,,,,,,,3.0,
PERS_0034,,,,,,,,,,,,,,,,,,9.0,,,,,,,,,,1.0,,3.0,,,,
PERS_0035,,9.0,,,,,,,,,3.0,,,,,,,,,,,,,,,1.0,,,,,,,,
PERS_0036,,,,,,,,,,,,,,,,,,,,,,,,,,3.0,,,,,,,1.0,
PERS_0037,3.0,,,,,,,,,,1.0,,,,,,,,,,,,,,,9.0,,,,,,,,
PERS_0038,,,,,,,,,,,,,,,,,,,,,,9.0,,,3.0,,,,,,,1.0,,
PERS_0039,,,1.0,3.0,,,,,,,,,,,,,,,,,,,,,,,,,,,,,,9.0
PERS_0040,,1.0,,9.0,,,,,,,3.0,,,,,,,,,,,,,,,,,,,,,,,
PERS_0041,,,,9.0,1.0,,,,,,,,3.0,,,,,,,,,,,,,,,,,,,,,
PERS_0042,,,1.0,,,,,,,,,,,,,,,9.0,,,,,,,3.0,,,,,,,,,
PERS_0043,,,,,,,9.0,,,,,,,,,,,,,,,,1.0,3.0,,,,,,,,,,
PERS_0044,,3.0,,,,,,,,,,,,,,,,1.0,,,,,,,,9.0,,,,,,,,
PERS_0045,,3.0,,1.0,,,,,,,,,,,,,,,,,,,,,,9.0,,,,,,,,
PERS_0046,,3.0,,,,,,,,,,,,,,,,,,,,,,,,9.0,,,,,,1.0,,
PERS_0047,,,,,3.0,,,,,,,,,,,,,,,,,,,1.0,,,,,,,,,,
PERS_0048,,3.0,,,,,,,,,9.0,,,,,,,,,,1.0,,,,,,,,,,,,,
PERS_0049,3.0,,,,,,,,,9.0,1.0,,,,,,,,,,,,,,,,,,,,,,,
PERS_0050,,9.0,,1.0,,,,,,,3.0,,,,,,,,,,,,,,,,,,,,,,,
PERS_0051,,9.0,,,,,,,,,3.0,,,,,,,,,,,,,,,1.0,,,,,,,,
PERS_0052,,,,3.0,,,9.0,,,,,1.0,,,,,,,,,,,,,,,,,,,,,,
PERS_0053,,,,3.0,1.0,,,,,,,,,,,,,,,,,,,,,,,,,,,,,
PERS_0054,1.0,9.0,,,,,,,,,3.0,,,,,,,,,,,,,,,,,,,,,,,
PERS_0055,3.0,,,,,,,,,,,,,1.0,,,,,,,,,,,,,,,,,,,,
PERS_0056,,,,,,,,,,1.0,,,,3.0,,,,,,9.0,,,,,,,,,,,,,,
PERS_0057,,,,,,,9.0,,,,1.0,,,,,,,,,,3.0,,,,,,,,,,,,,
PERS_0058,,,,,,,,,,,,,,,,3.0,1.0,,,,,,,,,,9.0,,,,,,,
PERS_0059,,,,,9.0,,,,,,,3.0,,,,,,,,,1.0,,,,,,,,,,,,,
PERS_0060,,,,,,,,,,3.0,,,,,,1.0,,,,,,,,,,,,,,,,9.0,,
PERS_0061,,9.0,,,,,,,,,1.0,,,,,,,,,,,,,,,3.0,,,,,,,,
PERS_0062,,,,,1.0,,,,,,,,9.0,,,,,,,,,,,,,3.0,,,,,,,,
PERS_0063,,9.0,,1.0,,,,,,,3.0,,,,,,,,,,,,,,,,,,,,,,,
PERS_0064,,,,9.0,3.0,,,,,,,,,,,,,,,,,,,,,,,,,,,1.0,,
PERS_0065,1.0,,,,,,,,,,9.0,,,,,,,,,,3.0,,,,,,,,,,,,,
PERS_0066,,,,,,,,,,,,,,,,,,3.0,,,,,,,,9.0,,,,,1.0,,,
PERS_0067,,,,,,,,,,,,,,,1.0,,,,,,,,,,,3.0,,,9.0,,,,,
PERS_0068,,,,,,1.0,,,,,,,,3.0,,,,9.0,,,,,,,,,,,,,,,,
PERS_0069,,,,1.0,,,,,,,,,,3.0,,,,,,,,,,,,,9.0,,,,,,,
PERS_0070,,,,,,,,,,,1.0,,9.0,,,,,,,,,,,,,,,,,,,,,3.0
PERS_0071,,,,,,,,,,,,,,3.0,,,,,,,,,,,,1.0,,,,,,,,
PERS_0072,,,,,,,3.0,,,,,,,,,,,1.0,,,,,,,,,,,,,,,,
PERS_0073,,,9.0,,,,,,,3.0,,1.0,,,,,,,,,,,,,,,,,,,,,,
PERS_0074,,,3.0,,,,,,,1.0,,,,,,,9.0,,,,,,,,,,,,,,,,,
PERS_0075,,,,,,9.0,,,,,,,,3.0,,,1.0,,,,,,,,,,,,,,,,,
PERS_0076,,,,,,,,,,,,,,9.0,,,,,,,,,,,,1.0,,,,,,,,3.0
PERS_0077,,,,,,,,,,,,,,,,,1.0,9.0,,,,,,,,,,,,3.0,,,,
PERS_0078,,,,3.0,,,,,,,,,,,,,,,,,,,,,,,1.0,,,,,,,
PERS_0079,,,,,1.0,,,,,,,,,3.0,,,,,,,,,,,,,,9.0,,,,,,
PERS_0080,,,,1.0,,,,,,3.0,,,,,,,,,,,,,,,,,,,,,,,,
PERS_0081,,,,,,,,,,,,,,,,,,,1.0,,,,,,,3.0,,,,,,,,
PERS_0082,3.0,,,,,,,9.0,,,,,,,,1.0,,,,,,,,,,,,,,,,,,
PERS_0083,,,,,,,,,,,,,,9.0,,,,,,,,,,,,,,,,3.0,1.0,,,
PERS_0084,,,1.0,,,,,,,,,,9.0,,,,,,,3.0,,,,,,,,,,,,,,
PERS_0085,,9.0,,1.0,,,,,,,,,,,,,,,,,,,,,,3.0,,,,,,,,
PERS_0086,1.0,,,,,,,,,,,,,,,,,,,,,,,9.0,,,,,,,,,,3.0
PERS_0087,,,,,,,,,,,,,,,,9.0,,,,,,,,,,,3.0,,,,,,1.0,
PERS_0088,,,,,,,3.0,,,,,,,,,,,1.0,,,,,,,,,,,,,,,,
PERS_0089,,,,,3.0,,,,,,,,,,,,,,,,,,,,,9.0,,,,,,,,1.0
PERS_0090,,,,,,,,3.0,,,,,,,1.0,,,,,,,,,,,,,,9.0,,,,,
PERS_0091,,,,,1.0,,9.0,,,,,,,,,,,,,,,,,,3.0,,,,,,,,,
PERS_0092,,,,,,,,,,1.0,,,9.0,,,,3.0,,,,,,,,,,,,,,,,,
PERS_0093,,,,,,,,,,,,,,,3.0,,,,,,,,,,,1.0,,,9.0,,,,,
PERS_0094,,,1.0,,,,,,,,,,3.0,,,,,,,,,,,,,,,,,,,,,9.0
PERS_0095,,,,,,,,,,,,,,1.0,,,,9.0,,,,,,,,,,,,3.0,,,,
PERS_0096,,,1.0,,,,,,,,,,,,,,9.0,,,,,,,,,,3.0,,,,,,,
PERS_0097,,,,,3.0,1.0,,,,,,,,,,,,,,,,,,,,,,,,,,,,
PERS_0098,,,,,,3.0,,,,,,,,,,,9.0,,,,,,,1.0,,,,,,,,,,
PERS_0099,,,,,9.0,,,,,,3.0,,,,,1.0,,,,,,,,,,,,,,,,,,
PERS_0100,,,,9.0,,,,,,,,,1.0,,,,,,,,,,,,,,3.0,,,,,,,
PERS_0101,,,,,,,,,,,,9.0,3.0,,,,,,,,,,,,,1.0,,,,,,,,
PERS_0102,,,,,,,,,,,,,,,1.0,,,,,,,,,,,,,3.0,9.0,,,,,
PERS_0103,,,1.0,,,,,,,,,,3.0,,,,9.0,,,,,,,,,,,,,,,,,
PERS_0104,,,3.0,,9.0,,,,,,,,,,,,,,,,,,,,,,,,,,,,,1.0
PERS_0105,,,,9.0,,,,,,,,,,,,,,,,,,,,,,,1.0,,,,,3.0,,
PERS_0106,,,,,,,,,,9.0,3.0,,,,,,,,,,,,,,,1.0,,,,,,,,
PERS_0107,,,3.0,,,,,,,,,,1.0,,,,,,,,,,,,,,,,,,,,,9.0
PERS_0108,,3.0,,,9.0,,,,,,,,,,,,,,,,,,,,,1.0,,,,,,,,
PERS_0109,,,,,,,,,,,,9.0,,,,,1.0,,,,,,,,,,,,,,,3.0,,
PERS_0110,,1.0,,3.0,,,,,,,9.0,,,,,,,,,,,,,,,,,,,,,,,
PERS_0111,,,,1.0,,,,,,,,,,,,3.0,,,,,,,,,,,,,,,,,9.0,
PERS_0112,,,,,1.0,,9.0,,,,,,,,,,,,,,,,,,,,,,,,,,,3.0
PERS_0113,,3.0,,,,,,,,,,,,,,,,1.0,,,,,,,,9.0,,,,,,,,
PERS_0114,,,,,,9.0,,,,,,,3.0,,,,,,,,,,1.0,,,,,,,,,,,
PERS_0115,,,,,,,,,,,,,,,1.0,,,,,,,,,,,,,3.0,9.0,,,,,
PERS_0116,,9.0,,3.0,,,,,,,1.0,,,,,,,,,,,,,,,,,,,,,,,
PERS_0117,,,,,,,,,,,,,,1.0,,,,,,,,,,,,,,3.0,,,,,,
PERS_0118,,,,3.0,,,,,,,,,,9.0,,,,,,,,,,,,,1.0,,,,,,,
PERS_0119,,,,,,,,,,,,,,3.0,,,,1.0,,,,,,,,,,,,,,,,
PERS_0120,,,,1.0,,,,,,9.0,,,,,,,3.0,,,,,,,,,,,,,,,,,
PERS_0121,,,,9.0,,,,,,1.0,,,,,,,,,,3.0,,,,,,,,,,,,,,
PERS_0122,,,,,1.0,,,,,,,,,,,,,3.0,,,,,,,,,,,,,,,,
PERS_0123,,,,,3.0,1.0,,,,,,,,,,,,,,,,,,,,,,,,,,,,
PERS_0124,,,,9.0,,,,,,,,,,,,,,,,,,,,,,3.0,1.0,,,,,,,
PERS_0125,,,,1.0,3.0,,,,,,,,,,,,,,,,,,,,,,,,,,,,,9.0
PERS_0126,,1.0,,3.0,,,,,,,,,,,,,,,,,,,,,,9.0,,,,,,,,
PERS_0127,,,,,,,,,,3.0,,,,,,1.0,,,,,,,,,,,,,,,,,9.0,
PERS_0128,,3.0,,1.0,,,,,,,,,,9.0,,,,,,,,,,,,,,,,,,,,
PERS_0129,1.0,,,,,,,,,,,,,,,,,,,,,,,,9.0,3.0,,,,,,,,
PERS_0130,,,,,3.0,,,,,,,,,,,,,,,,,,,1.0,,,,,,,,,,
PERS_0131,,,,9.0,,,,,,3.0,,,,,,,,,,,,,,,,,1.0,,,,,,,
PERS_0132,,,,,,,,,,,,,,,,,,,,,,1.0,,9.0,3.0,,,,,,,,,
PERS_0133,9.0,3.0,,1.0,,,,,,,,,,,,,,,,,,,,,,,,,,,,,,
PERS_0134,,,,,3.0,,,,,,,,,,,,,,,,,,,,,9.0,,,,,,,,1.0
PERS_0135,,,,,3.0,,,,,,,,,,,,,1.0,,9.0,,,,,,,,,,,,,,
PERS_0136,,,,,,,,,,,,,,,3.0,,,,,,,,,,,,,1.0,9.0,,,,,
PERS_0137,,,,,,,,,,,3.0,,,,,,,9.0,,,,,,,,1.0,,,,,,,,
PERS_0138,,,,,,,,9.0,,,3.0,,,,,,,,,,,,,,,,,,,,,,1.0,
PERS_0139,,,,,,,,,,,,,,,1.0,,,,,,,,,,,3.0,,,9.0,,,,,
PERS_0140,,,,,,1.0,,,,,,,,,,,,,,,,,,,,3.0,,,,,,,,
PERS_0141,,,,1.0,9.0,,,,,,,,,,,,3.0,,,,,,,,,,,,,,,,,
PERS_0142,,,3.0,9.0,,,,,,1.0,,,,,,,,,,,,,,,,,,,,,,,,
PERS_0143,,,,1.0,,,,,,3.0,,,,,,,,,,,,,,,,,,,,,,,,9.0
PERS_0144,,,,,,,,,,,,,,,,,,,,,,,,,,,,,,9.0,3.0,,1.0,
PERS_0145,,,,,1.0,,,,,,,,,3.0,,,,,,,,,,,,,,9.0,,,,,,
PERS_0146,,3.0,,,,,,,,,,,,,,,,,,,1.0,,,,,9.0,,,,,,,,
PERS_0147,,,,,,,,,,,9.0,,,,,,,,,,1.0,,,,,,,,,,,,3.0,
PERS_0148,,,1.0,,,9.0,,,,,,,,,3.0,,,,,,,,,,,,,,,,,,,
PERS_0149,,,,,,,,,,,,,3.0,,,,9.0,,,1.0,,,,,,,,,,,,,,
PERS_0150,,,,,1.0,,,,,,3.0,,,9.0,,,,,,,,,,,,,,,,,,,,
PERS_0151,,,,,9.0,,,,,,,,,,,,,,,,3.0,,,,,,,,,,,,,1.0
PERS_0152,,,,,,,,9.0,,,,,,,,,1.0,3.0,,,,,,,,,,,,,,,,
PERS_0153,,1.0,,3.0,,,,,,,,,,,,,,9.0,,,,,,,,,,,,,,,,
PERS_0154,,,,,,,,,,,,,,,,,,,,,,,,,,3.0,,,,,,1.0,,
PERS_0155,,3.0,,,,,,,,,1.0,,,,,,,9.0,,,,,,,,,,,,,,,,
PERS_0156,,,,,,9.0,,,,,,,,,,,,,,,,,,,,,,3.0,,,,1.0,,
PERS_0157,3.0,,,,,,9.0,,,,,,,,,,,,,,,,,,,,,,,,,,,1.0
PERS_0158,,,,,,,,,,,,,,,,,,,,,,,,,,3.0,,,,,,,,1.0
PERS_0159,,,1.0,3.0,,,9.0,,,,,,,,,,,,,,,,,,,,,,,,,,,
PERS_0160,,,9.0,1.0,,,,,,,,,,,,3.0,,,,,,,,,,,,,,,,,,
PERS_0161,,,,,,,,,,1.0,,,,3.0,,,,,,,,,,,,,,,,9.0,,,,
PERS_0162,,3.0,,,,,,,,,,,,,,1.0,,,,,,,,,,9.0,,,,,,,,
PERS_0163,,1.0,,,,,,,,,3.0,,,,,,,,,,,,,,,,,,,,,,,9.0
PERS_0164,,3.0,,1.0,,,,,,,,,,,,,,,,,,,,,,9.0,,,,,,,,
PERS_0165,,,,,,9.0,,,,,,,1.0,,,,3.0,,,,,,,,,,,,,,,,,
PERS_0166,,,,,,,,,,,9.0,,,,,,,,,,1.0,,,,,,3.0,,,,,,,
PERS_0167,,,,9.0,,,,,,3.0,,,,,,,,,,,,,,,,,1.0,,,,,,,
PERS_0168,1.0,,,,,,,,,,9.0,,,,,,,,,,3.0,,,,,,,,,,,,,
PERS_0169,,,,,,,,,,,,,,,,,,,,,,,3.0,9.0,1.0,,,,,,,,,
PERS_0170,,,,,,,,,,,,,,,9.0,,1.0,,,,,,,,,,,,,3.0,,,,
PERS_0171,,,,,,,,,,,,,,,,,,,,,,,,,,,,3.0,9.0,,,,1.0,
PERS_0172,,,,,1.0,,,,,,,,,,,,,,,,,,,,,9.0,,,,,,3.0,,
PERS_0173,,,,,,,,,,,,,,,,,3.0,,,9.0,,,,,,,,1.0,,,,,,
PERS_0174,,1.0,,,,,,,,,3.0,,,,,,,,,,,,,,,,,,,,,,,9.0
PERS_0175,9.0,3.0,,1.0,,,,,,,,,,,,,,,,,,,,,,,,,,,,,,
PERS_0176,,,,3.0,,,,,,1.0,,,,,,,,,,,,,,,,,,,,,,,,9.0
PERS_0177,,,1.0,,,,,,,9.0,,,,,,,,,,,,,,,,,3.0,,,,,,,
PERS_0178,,,,3.0,9.0,,,,,,,1.0,,,,,,,,,,,,,,,,,,,,,,
PERS_0179,,3.0,,1.0,,,,,,,9.0,,,,,,,,,,,,,,,,,,,,,,,
PERS_0180,,,,,3.0,,,,,,,,,,,,,,,,,1.0,9.0,,,,,,,,,,,
PERS_0181,,1.0,,3.0,,,,,,,9.0,,,,,,,,,,,,,,,,,,,,,,,
PERS_0182,,9.0,,1.0,,,,,,,,,,,,,,,,,,,,,,3.0,,,,,,,,
PERS_0183,,,1.0,3.0,,,,,,,,,,,,,,,,,,,,,,,,,,,,,,9.0
PERS_0184,,,,,,,,,,,,,,1.0,,,,,,,,,,,,,,3.0,9.0,,,,,
PERS_0185,,,,,,,,,,,9.0,1.0,,,,,,,,,3.0,,,,,,,,,,,,,
PERS_0186,,,,,,,,,,,,,3.0,,,,,,,,,,,,,9.0,,,,,,,1.0,
PERS_0187,,,,,,,,,,,,,,,,9.0,,,,,,,,,,,,,,1.0,3.0,,,
PERS_0188,,,,9.0,1.0,,,,,,,,3.0,,,,,,,,,,,,,,,,,,,,,
PERS_0189,,1.0,,3.0,,,,,,,,,,,,,,,,,,,,,,,,,,,,,,9.0
PERS_0190,,,,,,,,,,,,,9.0,,,,3.0,,,,,,,1.0,,,,,,,,,,
PERS_0191,,,,,,,,,,,,,,,,,,3.0,,,,,,,,1.0,,,,,,,,
PERS_0192,,,,,,,9.0,,,,,,,,1.0,,,,,,,,,,,,,,,,,,,3.0
PERS_0193,,,,,,,,,,,,,,,,,3.0,,,,,,,,1.0,,,,,,,,,
PERS_0194,,,,,,9.0,,,,,,,,,,,1.0,,,,,,,,3.0,,,,,,,,,
PERS_0195,,,,,,,,3.0,,,,,,,,,,,,,,,,,,,,,,,1.0,,,
PERS_0196,,,,3.0,,,,,,,,,,,,,,,,,,,,,,,,,,,,,1.0,
PERS_0197,,,,,3.0,,,,,,,,,,1.0,,9.0,,,,,,,,,,,,,,,,,
PERS_0198,,3.0,,,1.0,,,,,,,,,,,,,,,,,,,,,9.0,,,,,,,,
PERS_0199,,,,,,,,,,,,,,,,,,,,,,,,,,,1.0,,,,,,,3.0
PERS_0200,3.0,,,1.0,,,,,,,,,,,,,,,,,,,,,,,,,,,,,,9.0
PERS_0201,,,,,3.0,,9.0,,,,,,,,,1.0,,,,,,,,,,,,,,,,,,
PERS_0202,,,,,,,,,,3.0,,,,9.0,,,,1.0,,,,,,,,,,,,,,,,
PERS_0203,,1.0,,,,,,,,,,,,3.0,,,,,,,,,,,,,,,,,9.0,,,
PERS_0204,,,,,,9.0,,,,,,,,3.0,,,,,,,,,,1.0,,,,,,,,,,
PERS_0205,,,,,,,,,,,3.0,,,,,,,9.0,,,,,,,,1.0,,,,,,,,
PERS_0206,9.0,3.0,,1.0,,,,,,,,,,,,,,,,,,,,,,,,,,,,,,
PERS_0207,,,,,9.0,,,,,,1.0,,,,,,,,,,3.0,,,,,,,,,,,,,
PERS_0208,,,,1.0,,,,,,,,,9.0,,,,,,,,,,,,,,,,,,,,,3.0
PERS_0209,,1.0,,9.0,,,,,,,3.0,,,,,,,,,,,,,,,,,,,,,,,
PERS_0210,,,1.0,3.0,,,,,,,,,,,,,,,,,,,,,,,,,,,,,,9.0
PERS_0211,,,,,,,,,,,,,,,,,,,,,,,,,,3.0,,,,1.0,9.0,,,
PERS_0212,,,,,,,,9.0,,,1.0,,,,,,,,,,,,,,,,,,,,3.0,,,
PERS_0213,,,,,,,,,,,,,,,,,,9.0,,,,,,,,,,1.0,,3.0,,,,
PERS_0214,,,,,,1.0,,,,,,,,3.0,,,9.0,,,,,,,,,,,,,,,,,
PERS_0215,,1.0,,3.0,,,,,,,,,,,,,,9.0,,,,,,,,,,,,,,,,
PERS_0216,,3.0,,1.0,,,,,,,,,,,,,,,,,,,,,,9.0,,,,,,,,
PERS_0217,,,,1.0,3.0,,,,,,,,,,,,,,,,,,,,,,,,,,,,,9.0
PERS_0218,,9.0,,1.0,,,,,,,,,,,,,,,,,,,,,,3.0,,,,,,,,
PERS_0219,,,,,,,,,,,,,,,,,3.0,,,,,,,,1.0,,,,,,,,,9.0
PERS_0220,,,,,,,,,,,,,,,,3.0,9.0,,,1.0,,,,,,,,,,,,,,
PERS_0221,,,,,3.0,,,,,,,,,,1.0,,9.0,,,,,,,,,,,,,,,,,
PERS_0222,,,1.0,,,,,,,,,,,,,,,,,,,,,,3.0,,,,,,9.0,,,
PERS_0223,,,,,,,,,,,,,,,,3.0,,,,,,,,,,,,9.0,,,1.0,,,
