N° TM,Titre,Langues,Individuel/groupe/ indifférent,Nombre minimal travaux,Nombre maximal travaux
1,Sport et Corporalité,Français / Allemand,Indifférent,,6
2,ReSportage,Français  / Anglais,Groupe,4,6
3,La fin de l'amour ? Le marché du coeur,Français,Indifférent,6,6
4,Marketing et communication par les réseaux sociaux,Français,Indifférent,10,16
5,Current Trends: Creating an English-Language Magazine,Anglais,Indifférent,,4
6,Création littéraire : Fantasy / Science-fiction / Fantastique,Français,Individuel ,1,4
7,Parole et musique,Français,Individuel,,10
8,Jardin(s),Français,Groupe,2,6
10,Droit et société,Français  / Anglais,Indifférent,4,6
11,Sport Lab,Français,Groupe,6,12
12,Podcast autour de la ville,Français,Indifférent,4,8
13,Violenze di genere / violence de genre,Français / Italien,Individuel,1,8
14,Divers sujets de maths (collaboration avec l'EPFL),Français / Anglais / Allemand,Individuel,1,10
15,Chimie : expériences et contexte historique,Français,Indifférent,2,4
16,Trajet de l'exil: racine et ailes,Français,Individuel,2,6
17,Monstres et littérature,Français / Anglais / Italien,Indifférent,2,6
18,Création de jeux,Français,Groupe,,12
19,Checker-Reportagen,Allemand,Groupe,,8
20,Rome et ses métamorphoses,Français / Anglais,Indifférent,,10
21,Mouvement du corps - philosophie,Français,Indifférent,2,4
22,Arts visuels et durabilité,Français,Indifférent,2,4
23,Storytelling Graphic Novel,Français / Allemand / Anglais,Indifférent,4,8
24,Micro édition & BD,Français,Indifférent,2,8
25,Photographie: dans l'oeil de l'autre,Français,Individuel,,6
26,Viv(r)e la montagne,Français / Allemand,Groupe,,12
27,"Informer, désinformer",Français,Indifférent,,6
28,Récupération de métaux rares,Français,Groupe,2,4
29,Je synthétise et caractérise une molécule d'intérêt,Français /Anglais,Groupe,2,4
30,"Expériences ""historiques""",Français,Indifférent,1,3
31,Moteur Stirling,Français,Indifférent,1,3
32,Protection de l'environnement,Français,Indifférent,1,2
33,Histoire du sport dans le Canton de Vaud (1942-1975),Français,Indifférent,2,6
34,Tyrannie de l'apparence - Dérives et risques des pratiques esthétiques chez les jeunes,Français / Allemand,Groupe,,4
