Elève,Choix 1,Langue (si choix proposé),Individuel ou en duo,"Choix 1 en duo avec Nom Prénom (si case cochée précédemment)",Choix 2,Langue (si choix proposé),Individuel ou en duo.1,"Choix 2 en duo avec Nom Prénom (si case cochée précédemment)",Choix 3,Langue (si choix proposé),Individuel ou en duo.2,"Choix 3 en duo avec Nom Prénom (si case cochée précédemment)"
PERS_0001,TM10,Français,Individuel,,TM04,Français,Individuel,,TM27,Français,Individuel,
PERS_0002,TM05,,Duo,PERS_0108,TM02,Français,Duo,PERS_0108,TM26,Français,Duo,PERS_0108
PERS_0003,TM21,,Individuel,,TM31,,Duo,PERS_0066,TM30,,Individuel,
PERS_0004,TM14,Français,Individuel,,TM05,,Duo,PERS_0201,TM32,,Individuel,
PERS_0005,TM04,Français,Duo,PERS_0008,TM02,Français,Duo,PERS_0008,TM11,Français,Duo,PERS_0008
PERS_0006,TM35,Français,Individuel,,TM11,Français,Individuel,,TM10,Français,Individuel,
PERS_0007,TM34,Français,Duo,PERS_0210,TM04,Français,Duo,PERS_0210,TM03,Français,Duo,PERS_0210
PERS_0008,TM04,Français,Duo,PERS_0005,TM02,Français,Duo,PERS_0005,TM11,Français,Duo,PERS_0005
PERS_0009,TM34,Français,Duo,PERS_0189,TM04,Français,Duo,PERS_0189,TM02,Français,Duo,PERS_0189
PERS_0010,TM25,,Individuel,,TM24,,Individuel,,TM23,Français,Individuel,
PERS_0011,TM13,Français,Duo,PERS_0062,TM26,Français,Duo,PERS_0062,TM05,Anglais,Duo,PERS_0062
PERS_0012,TM21,Français,Individuel,,TM34,Français,Individuel,,TM13,Français,Individuel,
PERS_0013,TM31,,Duo,PERS_0212,TM08,,Individuel,,TM18,,Individuel,
PERS_0014,TM34,Français,Duo,PERS_0107,TM03,Français,Duo,PERS_0107,TM13,Français,Duo,PERS_0107
PERS_0015,TM26,Français,Duo,PERS_0025,TM02,Français,Duo,PERS_0025,TM04,Français,Individuel,
PERS_0016,TM02,Français,Duo,PERS_0061,TM26,Français,Duo,PERS_0061,TM11,Français,Duo,PERS_0061
PERS_0017,TM17,Français,Individuel,,TM03,Français,Individuel,,TM34,Français,Individuel,
PERS_0018,TM26,Allemand,Individuel,,TM19,Allemand,Individuel,,TM01,Allemand,Individuel,
PERS_0019,TM26,Français,Duo,PERS_0045,TM02,Français,Duo,PERS_0045,TM04,Français,Duo,PERS_0045
PERS_0020,TM27,Français,Individuel,,TM34,Français,Individuel,,TM32,Français,Individuel,
PERS_0021,TM04,Français,Individuel,,TM27,Français,Individuel,,TM33,Français,Individuel,
PERS_0022,TM04,Français,Duo,PERS_0124,TM26,Français,Duo,PERS_0124,TM27,Français,Duo,PERS_0124
PERS_0023,TM29,Français,Duo,PERS_0090,TM08,,Duo,PERS_0090,TM15,,Duo,PERS_0090
PERS_0024,TM16,Français,Individuel,,TM27,Français,Individuel,,TM17,Français,Individuel,
PERS_0025,TM26,Français,Duo,PERS_0015,TM02,Français,Duo,PERS_0015,TM21,Français,Individuel,
PERS_0026,TM03,Français,Individuel,,TM05,Anglais,Individuel,,TM10,Français,Individuel,
PERS_0027,TM15,Français,Duo,PERS_0170,TM30,Français,Duo,PERS_0170,TM17,Anglais,Individuel,
PERS_0028,TM05,Anglais,Individuel,,TM02,Anglais,Individuel,,TM34,Français,Individuel,
PERS_0029,TM34,Français,Duo,PERS_0143,TM10,Français,Duo,PERS_0143,TM04,Français,Duo,PERS_0143
PERS_0030,TM01,Français,Duo,PERS_0133,TM02,Français,Duo,PERS_0133,TM04,Français,Duo,PERS_0133
PERS_0031,TM26,Français,Duo,PERS_0164,TM02,Français,Duo,PERS_0164,TM11,Français,Duo,PERS_0164
PERS_0032,TM35,Français,Individuel,,TM10,Français,Individuel,,TM12,Français,Individuel,
PERS_0033,TM26,Français,Duo,PERS_0066,TM33,,Individuel,,TM11,,Duo,PERS_0138
PERS_0034,TM18,Français,Duo,PERS_0213,TM30,Français,Duo,PERS_0213,TM28,Français,Duo,PERS_0213
PERS_0035,TM02,Français,Duo,PERS_0051,TM11,,Duo,PERS_0051,TM26,Français,Duo,PERS_0051
PERS_0036,TM35,Français,Individuel,,TM26,Français,Individuel,,TM33,Français,Individuel,
PERS_0037,TM26,Français,Individuel,,TM01,Français,Individuel,,TM11,Français,Individuel,
PERS_0038,TM22,Français,Individuel,,TM25,Français,Individuel,,TM32,Français,Individuel,
PERS_0039,TM34,Français,Duo,PERS_0125,TM04,Français,Individuel,,TM03,Français,Individuel,
PERS_0040,TM04,Français,Duo,PERS_0209,TM11,Français,Duo,PERS_0209,TM02,Français,Duo,PERS_0209
PERS_0041,TM04,,Individuel,,TM13,Français,Individuel,,TM05,,Individuel,
PERS_0042,TM18,Français,Duo,PERS_0122,TM25,Français,Individuel,,TM03,Français,Individuel,
PERS_0043,TM07,Français,Individuel,,TM24,Français,Individuel,,TM23,Français,Individuel,
PERS_0044,TM26,Français,Duo,PERS_0113,TM02,Français,Duo,PERS_0113,TM18,Français,Duo,PERS_0113
PERS_0045,TM26,Français,Duo,PERS_0019,TM02,Français,Duo,PERS_0019,TM04,Français,Duo,PERS_0019
PERS_0046,TM26,Français,Individuel,,TM02,Français,Individuel,,TM32,Français,Individuel,
PERS_0047,TM35,Français,Duo,PERS_0130,TM05,Anglais,Duo,PERS_0130,TM24,Français,Duo,PERS_0130
PERS_0048,TM11,,Individuel,,TM02,Français,Individuel,,TM21,,Individuel,
PERS_0049,TM10,Français,Individuel,,TM01,Français,Individuel,,TM11,,Individuel,
PERS_0050,TM02,Français,Duo,PERS_0063,TM11,,Duo,PERS_0063,TM04,,Duo,PERS_0063
PERS_0051,TM02,Français,Duo,PERS_0035,TM11,Français,Duo,PERS_0035,TM26,Français,Duo,PERS_0035
PERS_0052,TM07,,Individuel,,TM04,,Individuel,,TM12,,Individuel,
PERS_0053,TM35,Français,Individuel,,TM04,,Individuel,,TM05,,Individuel,
PERS_0054,TM02,Français,Duo,PERS_0116,TM11,Français,Individuel,,TM01,Français,Individuel,
PERS_0055,TM35,Allemand,Individuel,,TM01,Allemand,Individuel,,TM14,Allemand,Individuel,
PERS_0056,TM20,Français,Individuel,,TM14,Français,Individuel,,TM10,Français,Individuel,
PERS_0057,TM07,Français,Individuel,,TM21,Français,Individuel,,TM11,Français,Individuel,
PERS_0058,TM27,Français,Individuel,,TM16,Français,Individuel,,TM17,Anglais,Individuel,
PERS_0059,TM05,Anglais,Individuel,,TM12,Français,Individuel,,TM21,Français,Individuel,
PERS_0060,TM32,Français,Individuel,,TM10,Français,Individuel,,TM16,Français,Individuel,
PERS_0061,TM02,Français,Duo,PERS_0016,TM26,Français,Duo,PERS_0016,TM11,Français,Duo,PERS_0016
PERS_0062,TM13,Français,Duo,PERS_0011,TM26,Français,Duo,PERS_0011,TM05,Anglais,Duo,PERS_0011
PERS_0063,TM02,Français,Duo,PERS_0050,TM11,,Duo,PERS_0050,TM04,,Duo,PERS_0050
PERS_0064,TM04,Français,Duo,PERS_0105,TM05,Anglais,Individuel,,TM32,Français,Individuel,
PERS_0065,TM11,Français,Individuel,,TM21,Français,Individuel,,TM01,Français,Individuel,
PERS_0066,TM26,Français,Duo,PERS_0033,TM18,,Duo,PERS_0191,TM31,,Duo,PERS_0003
PERS_0067,TM29,Français,Duo,PERS_0139,TM26,Français,Duo,PERS_0139,TM15,Français,Duo,PERS_0139
PERS_0068,TM18,Français,Duo,PERS_0095,TM14,Français,Duo,PERS_0095,TM06,Français,Individuel,
PERS_0069,TM27,Français,Individuel,,TM14,Français,Individuel,,TM04,Français,Individuel,
PERS_0070,TM13,Français,Individuel,,TM34,Français,Individuel,,TM11,Français,Individuel,
PERS_0071,TM35,Français,Individuel,,TM14,Français,Individuel,,TM26,Français,Duo,PERS_0191
PERS_0072,TM35,Français,Duo,PERS_0088,TM07,,Individuel,,TM18,,Duo,PERS_0088
PERS_0073,TM03,Français,Individuel,,TM10,Français,Individuel,,TM12,Français,Individuel,
PERS_0074,TM17,Français,Individuel,,TM03,,Individuel,,TM10,Français,Individuel,
PERS_0075,TM06,Français,Individuel,,TM14,Français,Individuel,,TM17,Français,Individuel,
PERS_0076,TM14,Allemand,Individuel,,TM34,Allemand,Individuel,,TM26,Allemand,Individuel,
PERS_0077,TM18,Français,Individuel,,TM30,Français,Individuel,,TM17,Français,Individuel,
PERS_0078,TM35,Français,Individuel,,TM04,Français,Individuel,,TM27,Français,Individuel,
PERS_0079,TM28,,Duo,PERS_0145,TM14,Anglais,Duo,PERS_0145,TM05,,Duo,PERS_0145
PERS_0080,TM35,Français,Individuel,,TM10,Français,Individuel,,TM04,Français,Individuel,
PERS_0081,TM35,Allemand,Individuel,,TM26,Allemand,Duo,PERS_0018,TM19,Allemand,Duo,PERS_0018
PERS_0082,TM08,Français,Individuel,,TM01,Français,Individuel,,TM16,Français,Individuel,
PERS_0083,TM14,Français,Individuel,,TM30,Français,Duo,PERS_0095,TM31,Français,Individuel,
PERS_0084,TM13,Italien,Individuel,,TM20,Français,Individuel,,TM03,Français,Individuel,
PERS_0085,TM02,Français,Duo,PERS_0218,TM26,Français,Duo,PERS_0218,TM04,Français,Duo,PERS_0218
PERS_0086,TM24,Français,Individuel,,TM34,Français,Individuel,,TM01,Français,Duo,PERS_0200
PERS_0087,TM16,Français,Individuel,,TM27,Français,Individuel,,TM33,Français,Individuel,
PERS_0088,TM35,Français,Duo,PERS_0072,TM07,Français,Individuel,,TM18,Français,Duo,PERS_0072
PERS_0089,TM26,Français,Duo,PERS_0134,TM05,Anglais,Duo,PERS_0134,TM34,Français,Duo,PERS_0134
PERS_0090,TM29,Français,Duo,PERS_0023,TM08,Français,Duo,PERS_0023,TM15,Français,Duo,PERS_0023
PERS_0091,TM07,,Individuel,,TM25,,Individuel,,TM05,,Individuel,
PERS_0092,TM13,Français,Individuel,,TM17,Français,Individuel,,TM10,Français,Individuel,
PERS_0093,TM29,Français,Duo,PERS_0136,TM15,Français,Duo,PERS_0136,TM26,Français,Individuel,
PERS_0094,TM34,Français,Individuel,,TM13,Français,Individuel,,TM03,Français,Individuel,
PERS_0095,TM18,Français,Duo,PERS_0068,TM30,Français,Duo,PERS_0083,TM14,Français,Duo,PERS_0068
PERS_0096,TM17,Français,Individuel,,TM27,Français,Individuel,,TM03,Français,Individuel,
PERS_0097,TM35,Français,Individuel,,TM05,Anglais,Individuel,,TM06,Français,Individuel,
PERS_0098,TM17,Français,Individuel,,TM06,Français,Individuel,,TM24,Français,Individuel,
PERS_0099,TM05,Anglais,Individuel,,TM11,Français,Individuel,,TM16,Français,Individuel,
PERS_0100,TM04,,Individuel,,TM27,,Individuel,,TM13,Français,Individuel,
PERS_0101,TM12,,Individuel,,TM13,Français,Individuel,,TM26,Français,Duo,PERS_0182
PERS_0102,TM29,Français,Duo,PERS_0115,TM28,Français,Duo,PERS_0115,TM15,Français,Duo,PERS_0115
PERS_0103,TM17,Français,Individuel,,TM13,Français,Individuel,,TM03,Français,Individuel,
PERS_0104,TM05,Anglais,Individuel,,TM03,Français,Individuel,,TM34,Français,Individuel,
PERS_0105,TM04,Français,Duo,PERS_0064,TM32,Français,Individuel,,TM27,Français,Individuel,
PERS_0106,TM10,Français,Individuel,,TM11,Français,Individuel,,TM26,Français,Individuel,
PERS_0107,TM34,Français,Duo,PERS_0014,TM03,Français,Duo,PERS_0014,TM13,Français,Duo,PERS_0014
PERS_0108,TM05,,Duo,PERS_0002,TM02,Français,Duo,PERS_0002,TM26,Français,Duo,PERS_0002
PERS_0109,TM12,,Individuel,,TM32,,Individuel,,TM17,Français,Individuel,
PERS_0110,TM11,Français,Duo,PERS_0181,TM04,Français,Duo,PERS_0181,TM02,Français,Duo,PERS_0181
PERS_0111,TM33,Français,Individuel,,TM16,Français,Individuel,,TM04,Français,Individuel,
PERS_0112,TM07,,Individuel,,TM34,Français,Individuel,,TM05,,Individuel,
PERS_0113,TM26,Français,Duo,PERS_0044,TM02,Français,Duo,PERS_0044,TM18,Français,Duo,PERS_0044
PERS_0114,TM06,Français,Individuel,,TM13,Français,Individuel,,TM23,Français,Individuel,
PERS_0115,TM29,Français,Duo,PERS_0102,TM28,Français,Duo,PERS_0102,TM15,Français,Duo,PERS_0102
PERS_0116,TM02,Français,Duo,PERS_0054,TM04,Français,Individuel,,TM11,Français,Individuel,
PERS_0117,TM35,Français,Individuel,,TM28,Français,Individuel,,TM14,Français,Individuel,
PERS_0118,TM14,Français,Individuel,,TM04,Français,Individuel,,TM27,Français,Individuel,
PERS_0119,TM35,Français,Individuel,,TM14,Français,Individuel,,TM18,Français,Duo,PERS_0152
PERS_0120,TM10,Français,Individuel,,TM17,Français,Individuel,,TM04,Français,Individuel,
PERS_0121,TM04,Français,Individuel,,TM20,Français,Individuel,,TM10,Français,Individuel,
PERS_0122,TM35,Français,Individuel,,TM18,Français,Duo,PERS_0042,TM05,Anglais,Individuel,
PERS_0123,TM35,Français,Individuel,,TM05,,Individuel,,TM06,,Individuel,
PERS_0124,TM04,Français,Duo,PERS_0022,TM26,Français,Duo,PERS_0022,TM27,Français,Duo,PERS_0022
PERS_0125,TM34,Français,Duo,PERS_0039,TM05,Anglais,Individuel,,TM04,Anglais,Individuel,
PERS_0126,TM26,Français,Individuel,,TM04,Français,Individuel,,TM02,Français,Individuel,
PERS_0127,TM33,Français,Individuel,,TM10,Français,Individuel,,TM16,Français,Individuel,
PERS_0128,TM14,Français,Individuel,,TM02,Français,Duo,PERS_0182,TM04,Français,Duo,PERS_0182
PERS_0129,TM25,Français,Individuel,,TM26,Français,Individuel,,TM01,Français,Individuel,
PERS_0130,TM35,Français,Duo,PERS_0047,TM05,Anglais,Duo,PERS_0047,TM24,Français,Duo,PERS_0047
PERS_0131,TM04,Français,Individuel,,TM10,Français,Individuel,,TM27,Français,Individuel,
PERS_0132,TM24,,Individuel,,TM25,,Individuel,,TM22,,Individuel,
PERS_0133,TM01,Français,Duo,PERS_0030,TM02,Français,Duo,PERS_0030,TM04,Français,Duo,PERS_0030
PERS_0134,TM26,Français,Duo,PERS_0089,TM05,Anglais,Duo,PERS_0089,TM34,Français,Duo,PERS_0089
PERS_0135,TM20,Anglais,Duo,PERS_0173,TM05,Anglais,Individuel,,TM18,Français,Individuel,
PERS_0136,TM29,Français,Duo,PERS_0093,TM15,Français,Duo,PERS_0093,TM28,Français,Individuel,
PERS_0137,TM18,Français,Duo,PERS_0205,TM11,Français,Duo,PERS_0205,TM26,Français,Duo,PERS_0205
PERS_0138,TM08,,Individuel,,TM11,,Duo,PERS_0033,TM33,,Individuel,
PERS_0139,TM29,Français,Duo,PERS_0067,TM26,Français,Duo,PERS_0067,TM15,Français,Duo,PERS_0067
PERS_0140,TM35,Français,Individuel,,TM26,Français,Individuel,,TM06,Français,Individuel,
PERS_0141,TM05,Anglais,Individuel,,TM17,Anglais,Individuel,,TM04,Français,Individuel,
PERS_0142,TM04,Français,Individuel,,TM03,Français,Individuel,,TM10,Français,Individuel,
PERS_0143,TM34,Français,Duo,PERS_0029,TM10,Français,Duo,PERS_0029,TM04,Français,Duo,PERS_0029
PERS_0144,TM30,Français,Individuel,,TM31,Français,Individuel,,TM33,Français,Individuel,
PERS_0145,TM28,,Duo,PERS_0079,TM14,Anglais,Duo,PERS_0079,TM05,,Duo,PERS_0079
PERS_0146,TM26,Français,Duo,PERS_0162,TM02,Français,Duo,PERS_0162,TM21,Français,Individuel,
PERS_0147,TM11,,Duo,PERS_0185,TM33,,Individuel,,TM21,,Individuel,
PERS_0148,TM06,,Individuel,,TM15,,Individuel,,TM03,,Individuel,
PERS_0149,TM17,Français,Duo,PERS_0190,TM13,Français,Duo,PERS_0190,TM20,Français,Individuel,
PERS_0150,TM14,Français,Duo,PERS_0202,TM11,,Individuel,,TM05,Anglais,Individuel,
PERS_0151,TM05,Anglais,Individuel,,TM21,Français,Individuel,,TM34,Français,Individuel,
PERS_0152,TM08,Français,Duo,PERS_0212,TM18,Français,Duo,PERS_0119,TM17,Français,Individuel,
PERS_0153,TM18,,Duo,PERS_0215,TM04,,Duo,PERS_0215,TM02,Français,Duo,PERS_0215
PERS_0154,TM35,Français,Individuel,,TM26,Français,Individuel,,TM32,Français,Individuel,
PERS_0155,TM18,Français,Individuel,,TM02,Français,Duo,PERS_0164,TM11,Français,Duo,PERS_0031
PERS_0156,TM06,Français,Individuel,,TM28,Français,Individuel,,TM32,Français,Individuel,
PERS_0157,TM07,Français,Individuel,,TM01,Français,Individuel,,TM34,Français,Individuel,
PERS_0158,TM35,Allemand,Individuel,,TM26,Allemand,Individuel,,TM34,Allemand,Individuel,
PERS_0159,TM07,Français,Individuel,,TM04,Anglais,Individuel,,TM03,Français,Individuel,
PERS_0160,TM03,Français,Individuel,,TM16,Français,Individuel,,TM04,Français,Individuel,
PERS_0161,TM30,Français,Individuel,,TM14,Anglais,Individuel,,TM10,Anglais,Individuel,
PERS_0162,TM26,Français,Duo,PERS_0146,TM02,Français,Duo,PERS_0146,TM16,Français,Individuel,
PERS_0163,TM34,Français,Duo,PERS_0174,TM11,Français,Duo,PERS_0174,TM02,Français,Duo,PERS_0174
PERS_0164,TM26,Français,Duo,PERS_0031,TM02,Français,Duo,PERS_0155,TM04,Français,Individuel,
PERS_0165,TM06,Français,Individuel,,TM17,Français,Individuel,,TM13,Français,Individuel,
PERS_0166,TM11,Français,Duo,PERS_0179,TM27,Français,Individuel,,TM21,Français,Individuel,
PERS_0167,TM04,Français,Individuel,,TM10,Français,Individuel,,TM27,Français,Individuel,
PERS_0168,TM11,,Individuel,,TM21,,Individuel,,TM01,Français,Individuel,
PERS_0169,TM24,Français,Individuel,,TM23,Français,Individuel,,TM25,Français,Individuel,
PERS_0170,TM15,Français,Duo,PERS_0027,TM30,Français,Duo,PERS_0027,TM17,Français,Individuel,
PERS_0171,TM29,Français,Duo,PERS_0184,TM28,Français,Duo,PERS_0184,TM33,Français,Individuel,
PERS_0172,TM26,Français,Duo,PERS_0198,TM32,Français,Individuel,,TM05,Anglais,Individuel,
PERS_0173,TM20,Anglais,Duo,PERS_0135,TM17,Anglais,Individuel,,TM28,Français,Individuel,
PERS_0174,TM34,Français,Duo,PERS_0163,TM11,Français,Duo,PERS_0163,TM02,Français,Duo,PERS_0163
PERS_0175,TM01,Français,Duo,PERS_0206,TM02,Français,Duo,PERS_0206,TM04,Français,Duo,PERS_0206
PERS_0176,TM34,Français,Duo,PERS_0183,TM04,Français,Duo,PERS_0183,TM10,Français,Individuel,
PERS_0177,TM10,Français,Individuel,,TM27,Français,Individuel,,TM03,Français,Individuel,
PERS_0178,TM05,Anglais,Individuel,,TM04,Français,Individuel,,TM12,Français,Individuel,
PERS_0179,TM11,,Duo,PERS_0166,TM02,Français,Duo,PERS_0164,TM04,,Duo,PERS_0164
PERS_0180,TM23,Allemand,Individuel,,TM05,Anglais,Individuel,,TM22,Français,Individuel,
PERS_0181,TM11,Français,Duo,PERS_0110,TM04,Français,Duo,PERS_0110,TM02,Français,Duo,PERS_0110
PERS_0182,TM02,Français,Duo,PERS_0128,TM26,Français,Duo,PERS_0101,TM04,Français,Duo,PERS_0128
PERS_0183,TM34,Français,Duo,PERS_0176,TM04,Français,Duo,PERS_0176,TM03,Français,Individuel,
PERS_0184,TM29,Français,Duo,PERS_0171,TM28,Français,Duo,PERS_0171,TM14,Français,Individuel,
PERS_0185,TM11,Français,Duo,PERS_0147,TM21,Français,Individuel,,TM12,Français,Individuel,
PERS_0186,TM26,Français,Individuel,,TM13,Français,Individuel,,TM33,Français,Individuel,
PERS_0187,TM16,Français,Individuel,,TM31,Français,Individuel,,TM30,Français,Individuel,
PERS_0188,TM04,,Individuel,,TM13,Français,Individuel,,TM05,,Individuel,
PERS_0189,TM34,Français,Duo,PERS_0009,TM04,Français,Duo,PERS_0009,TM02,Français,Duo,PERS_0009
PERS_0190,TM13,Français,Duo,PERS_0149,TM17,Français,Duo,PERS_0149,TM24,Français,Individuel,
PERS_0191,TM35,Français,Individuel,,TM18,Français,Duo,PERS_0066,TM26,Français,Duo,PERS_0071
PERS_0192,TM07,Français,Individuel,,TM34,Français,Individuel,,TM15,Français,Duo,PERS_0148
PERS_0193,TM35,Français,Individuel,,TM17,Français,Individuel,,TM25,,Individuel,
PERS_0194,TM06,Français,Individuel,,TM25,Français,Individuel,,TM17,Français,Individuel,
PERS_0195,TM35,Français,Individuel,,TM08,Français,Individuel,,TM31,Français,Individuel,
PERS_0196,TM35,Français,Individuel,,TM04,Français,Individuel,,TM33,Français,Individuel,
PERS_0197,TM17,Français,Duo,PERS_0221,TM05,,Duo,PERS_0221,TM15,,Duo,PERS_0221
PERS_0198,TM26,Français,Duo,PERS_0172,TM02,Français,Individuel,,TM05,Anglais,Individuel,
PERS_0199,TM35,Français,Individuel,,TM34,Français,Individuel,,TM27,Français,Individuel,
PERS_0200,TM34,Français,Duo,PERS_0217,TM01,Français,Duo,PERS_0086,TM04,Français,Duo,PERS_0217
PERS_0201,TM07,,Individuel,,TM05,,Duo,PERS_0004,TM16,,Individuel,
PERS_0202,TM14,Français,Duo,PERS_0150,TM10,Français,Individuel,,TM18,Français,Individuel,
PERS_0203,TM31,Français,Individuel,,TM14,Français,Individuel,,TM02,Français,Duo,PERS_0031
PERS_0204,TM06,Français,Individuel,,TM14,Français,Individuel,,TM24,Français,Individuel,
PERS_0205,TM18,Français,Duo,PERS_0137,TM11,Français,Duo,PERS_0137,TM26,Français,Duo,PERS_0137
PERS_0206,TM01,Français,Duo,PERS_0175,TM02,Français,Duo,PERS_0175,TM04,Français,Duo,PERS_0175
PERS_0207,TM05,,Individuel,,TM21,,Individuel,,TM11,,Individuel,
PERS_0208,TM13,Français,Individuel,,TM34,Français,Individuel,,TM04,Français,Individuel,
PERS_0209,TM04,Français,Duo,PERS_0040,TM11,Français,Duo,PERS_0040,TM02,Français,Duo,PERS_0040
PERS_0210,TM34,Français,Duo,PERS_0007,TM04,Français,Duo,PERS_0007,TM03,Français,Duo,PERS_0007
PERS_0211,TM31,Français,Individuel,,TM26,Français,Individuel,,TM30,Français,Individuel,
PERS_0212,TM08,Français,Duo,PERS_0152,TM31,Français,Duo,PERS_0013,TM11,Français,Individuel,
PERS_0213,TM18,Français,Duo,PERS_0034,TM30,Français,Duo,PERS_0034,TM28,Français,Duo,PERS_0034
PERS_0214,TM17,Français,Individuel,,TM14,Français,Individuel,,TM06,Français,Individuel,
PERS_0215,TM18,,Duo,PERS_0153,TM04,,Duo,PERS_0153,TM02,Français,Duo,PERS_0153
PERS_0216,TM26,Français,Individuel,,TM02,Français,Individuel,,TM04,Français,Individuel,
PERS_0217,TM34,Français,Duo,PERS_0200,TM05,Anglais,Individuel,,TM04,Français,Duo,PERS_0200
PERS_0218,TM02,Français,Duo,PERS_0085,TM26,Français,Duo,PERS_0085,TM04,Français,Duo,PERS_0085
PERS_0219,TM34,Français,Individuel,,TM17,Français,Individuel,,TM25,Français,Individuel,
PERS_0220,TM17,Français,Individuel,,TM16,Français,Individuel,,TM20,Français,Individuel,
PERS_0221,TM17,Français,Duo,PERS_0197,TM05,Anglais,Duo,PERS_0197,TM15,Français,Duo,PERS_0197
PERS_0222,TM31,Français,Individuel,,TM25,Français,Individuel,,TM03,Français,Individuel,
PERS_0223,TM28,Français,Individuel,,TM16,Français,Individuel,,TM31,Français,Individuel,
