Elève,1,2,3,4,5,6,7,8,9,10,11,12,13,14,15,16,17,18,19,20,21,22,23,24,25,26,27,28,29,30,31,32,33
1,,3.0,,,,,,,,,,,,,,,9.0,1.0,,,,,,,,,,,,,,,
2,,3.0,,,,,1.0,,,,,,9.0,,,,,,,,,,,,,,,,,,,,
4,,,,,,,,,,,,,3.0,,,,,,,1.0,,,,,,,9.0,,,,,,
5,,,,,,1.0,,,,,,,3.0,,,9.0,,,,,,,,,,,,,,,,,
6,,3.0,,,,,9.0,,,,1.0,,,,,,,,,,,,,,,,,,,,,,
7,9.0,,,,,,,,3.0,,,,,,,,,,,,,,,,,,1.0,,,,,,
8,,,,,,1.0,3.0,,,,,,,,,,,,,9.0,,,,,,,,,,,,,
9,,,,,,,,,,,3.0,,,,,,,,,1.0,,,,,,,,9.0,,,,,
10,,,,,,,,,,,3.0,,,,,,,,,,,,,,,,,,,1.0,,,
11,,,,,,,,,,,,,,,,,,,,,,,,3.0,,,,9.0,,,,1.0,
12,,,,,,9.0,,,,,,,,,1.0,,,,,3.0,,,,,,,,,,,,,
13,,,,,,,,,9.0,,,1.0,,,,,,,,,,,,,,,3.0,,,,,,
14,,,9.0,,,,,,,,,,,,,,,,1.0,,,,,,3.0,,,,,,,,
15,,,,,,1.0,,,,,,,,,3.0,,,,,,,,,,,,,,,,,,
16,,,,,,3.0,,,,,9.0,,,,,,,,,,1.0,,,,,,,,,,,,
18,,,,,,,1.0,,9.0,,,,,,,3.0,,,,,,,,,,,,,,,,,
20,,9.0,,,,,,,,,,,,,,,1.0,3.0,,,,,,,,,,,,,,,
21,,,,,,,,,,,,,3.0,,,,,,,1.0,,,,,,,9.0,,,,,,
22,,,,,,3.0,1.0,,,,,,,,,,,,,,,,,,,,9.0,,,,,,
23,,,,3.0,,,,,,,,,,,,,,,,,9.0,,1.0,,,,,,,,,,
24,,,,,,3.0,1.0,,,,,,,,,,,,,,,,,,,,9.0,,,,,,
25,,,,,,,,,,,,1.0,,,,,,,,,3.0,,,,,,,,,,,,
26,3.0,,,,,,,,,,,,,,,,,,,,1.0,,,,,,,,,,,,
27,,,,,,3.0,,,,1.0,,,,,,9.0,,,,,,,,,,,,,,,,,
28,,,,,,,,,,,,,,,,,,,,1.0,,,,,,,,9.0,,,,3.0,
30,,,,,,,3.0,,,,,,,,,,,,,1.0,,,,,,,9.0,,,,,,
31,,,,,,,,,,3.0,1.0,,,,,,,,,,,,,,,,,,,,,,
33,,,,1.0,,,,,,,,,,,,,,,,,,,,,,3.0,,,9.0,,,,
34,,,,,,3.0,,,,,1.0,,,,9.0,,,,,,,,,,,,,,,,,,
35,,9.0,,,,,,,,,,,,,,,,,,,3.0,,,,,,,,,,,1.0,
37,9.0,,,,,,,,,,,3.0,,,,,,,,,1.0,,,,,,,,,,,,
39,,,,,,,9.0,1.0,,,,,,,,,,,,3.0,,,,,,,,,,,,,
40,,,,,,,,,,,,,,,,,,,3.0,1.0,,,,,,,,,,,,,
41,,,,3.0,,,,,,9.0,,,,,,,,,,,,,,,,,,,,,1.0,,
42,,3.0,,,,,,,,,,,1.0,,,,,,,9.0,,,,,,,,,,,,,
43,,3.0,,,,,,,,,,9.0,1.0,,,,,,,,,,,,,,,,,,,,
44,,,,,,,,1.0,,,,,,,,,,,,,,,,,,,9.0,,,3.0,,,
45,,,,,,3.0,1.0,,,,,,,,,,,,,,,,,,,,9.0,,,,,,
46,,,,,,1.0,,,,,,,,,,3.0,,,,,,,,,,,9.0,,,,,,
47,,9.0,,,,,,,1.0,,,,,,,,,,,,3.0,,,,,,,,,,,,
49,,,,,,3.0,1.0,,,,,,,,,,,,,,,,,,,,,,,,9.0,,
50,,,,,,,1.0,,,,,,9.0,,,,,,,3.0,,,,,,,,,,,,,
51,,,,,,,1.0,,,,,,,,,,,,,,,,,,,,9.0,,,,,,
52,3.0,,,,,,,,,,1.0,,,,,,,,,,,,,,,,,,,,,,
53,,,,,,,,,,,,3.0,,,,,,,,,,,1.0,,,,9.0,,,,,,
54,3.0,,,,,,1.0,,,,,,,,,,,,,,9.0,,,,,,,,,,,,
55,,,,,,,,,,,,,,,,,,,,,3.0,,,,,,,,,1.0,,9.0,
56,,,,,,1.0,,9.0,,,,,,,3.0,,,,,,,,,,,,,,,,,,
57,,9.0,,,,,,,1.0,,,,,,,,,,,,3.0,,,,,,,,,,,,
58,,9.0,,,,1.0,,,,,,,,,,,,,,,,,3.0,,,,,,,,,,
59,,,,,,9.0,,,,,,,,,,,,,,1.0,,,,,,,,,,3.0,,,
60,,,,,,,3.0,,,,,,,,,,,,,9.0,,,,,,,,,,1.0,,,
61,,,,,,1.0,,,,,,,,,,,,9.0,,,,,,,,,3.0,,,,,,
62,,1.0,,,,,,,,,,,,,,3.0,,,,9.0,,,,,,,,,,,,,
63,,,,,,,,,,,,,,,,,,,,1.0,,,,,,,3.0,,,,,,
64,,,,,,9.0,,,,1.0,,,,,,,,,,,,,,,,,,,,,3.0,,
65,,9.0,,,,,3.0,,,,,1.0,,,,,,,,,,,,,,,,,,,,,
66,,3.0,,,,,,,,,,,,,1.0,,,,,,,,,,,,,,,,,,
67,,,,,,,,,,,,,,,,,,,,1.0,,,,,,,3.0,,,,,,
68,,,,,,3.0,,,,,,9.0,1.0,,,,,,,,,,,,,,,,,,,,
69,,,,,,1.0,3.0,,,,,,,,,9.0,,,,,,,,,,,,,,,,,
70,,,,,,,9.0,,,,,3.0,1.0,,,,,,,,,,,,,,,,,,,,
71,,3.0,,,,,1.0,,,,,,,,,,,,,,,,,9.0,,,,,,,,,
72,,,,,,9.0,3.0,,,,,,,,,,,,,1.0,,,,,,,,,,,,,
73,,,,,,,,,,,,,9.0,,,,,,,3.0,,,,,,,,,,,,1.0,
75,,1.0,,,,,,9.0,,,,,,,,,,,,,,,3.0,,,,,,,,,,
76,,,,,,9.0,,1.0,,,,,,,3.0,,,,,,,,,,,,,,,,,,
77,,,,,,1.0,3.0,,,,,,,,,9.0,,,,,,,,,,,,,,,,,
78,,,1.0,,,,,,,,,,3.0,,,,,,,9.0,,,,,,,,,,,,,
79,,,,,,3.0,1.0,,,,,,,,,,,,,,,,,,,,9.0,,,,,,
80,,,,,,1.0,,,,,,,,,,,,,,3.0,,,,,,,,,,,,,
81,,9.0,,,,,,,1.0,,,3.0,,,,,,,,,,,,,,,,,,,,,
82,,,,3.0,,9.0,,,,,,,,,,,,,,,,,,,,,,,,1.0,,,
83,,,,,,,,,,,,,,,,3.0,,,,1.0,,,,,,,,,,,9.0,,
84,,,,,,,,,9.0,,,3.0,,,,,,,,,,,,,,1.0,,,,,,,
85,,,,,,,,,,,,,,,,,,,,,,,,,3.0,,,9.0,,1.0,,,
86,,,,,,1.0,,,,,,,,,,3.0,,,,9.0,,,,,,,,,,,,,
87,,,,,,3.0,1.0,,,,,,,,,,,,,,,,,,,,9.0,,,,,,
88,,3.0,,,,,,,,,,,,,,,,,,,,,,9.0,,1.0,,,,,,,
89,,,,,,,1.0,,,,,,9.0,,,,,,,,,,,,,,3.0,,,,,,
90,,1.0,,,,,,,,,,,,,,9.0,,,,,,,3.0,,,,,,,,,,
91,,,,,,,,,,,,,,,,,,,,,,,,,3.0,,,9.0,,1.0,,,
92,,,,,,9.0,,,,,,,,,,,,,,1.0,,,,,,,3.0,,,,,,
93,,,,,,9.0,,,,,,,,,,,,,,1.0,,,,,,,3.0,,,,,,
94,,,,,,,9.0,,,,,,,,,,,,,1.0,3.0,,,,,,,,,,,,
95,,,,,,,,,,,,,,,,3.0,,,,,1.0,,,,,,9.0,,,,,,
96,,,,,,,,1.0,,,,,,,,3.0,,,,,,,9.0,,,,,,,,,,
97,,,,,,3.0,,,,,,,,,,,,,,1.0,,,,,,,9.0,,,,,,
98,,,,,,9.0,1.0,,,,,,,,3.0,,,,,,,,,,,,,,,,,,
99,,,,,,9.0,3.0,,,,,,,,,,,,,1.0,,,,,,,,,,,,,
100,,,,3.0,,,,,,,,,,,,1.0,,,,,,,9.0,,,,,,,,,,
101,,,,,,,,,,,,,,,,1.0,,,,3.0,,,,,,,,,,,,,
102,,,,,,9.0,,,,,,,,,,,,,,3.0,,,,,,,1.0,,,,,,
103,,,,,,,,,,,1.0,,,,,3.0,,,,,,,,,,,,,,,,,
104,,,,,,3.0,1.0,,,,,,,,,,,,,,,,,,,,9.0,,,,,,
105,,3.0,,,,,,,,,,,9.0,,,,,,,1.0,,,,,,,,,,,,,
106,,,,,,1.0,,9.0,,,,,,,3.0,,,,,,,,,,,,,,,,,,
107,,,,,,,,,,,,,,,,,,,,,,,,,9.0,,,3.0,,1.0,,,
108,,,,,,,,,,,,,,,,,,,,,,,,,9.0,,,3.0,,1.0,,,
109,,,,,,,,,,3.0,1.0,,,,,,,,,,,,,,,,,,,,,,
110,,,,,,1.0,,,,,,,,,,,,,,3.0,,,,,,,,,,,9.0,,
111,,,,,,,,,,,,,,,,9.0,,,,,,,3.0,,,,1.0,,,,,,
112,,,,,,,9.0,,,,,,,,,1.0,,,,,,,3.0,,,,,,,,,,
113,,9.0,,,,,1.0,,,,,,,,,,,,,3.0,,,,,,,,,,,,,
114,,,,,,,3.0,,,,,,,,,9.0,,,,1.0,,,,,,,,,,,,,
115,,,,,,,,,,,,,,,,,,,,,3.0,,,9.0,,1.0,,,,,,,
116,,3.0,,,,,,,,,,,,,,,,,,,,,,,,,1.0,,,,,,
117,,,,3.0,,,,,,,,,,,,,,,,,,,,,,,1.0,,,,,,
118,,,,,,,,,,,3.0,,,,,,,,,1.0,,,,,,,,9.0,,,,,
119,,,,,,,3.0,,,,,,,,,,,,,1.0,,,,,,,,,,,9.0,,
120,,,,,,3.0,,,,,,,9.0,,,,,,,1.0,,,,,,,,,,,,,
121,,,,,,,1.0,,,,,,,,,3.0,,,,,,,9.0,,,,,,,,,,
122,,,,,,,3.0,,,,,1.0,,,,,,,,,,,,,,,9.0,,,,,,
123,,,,,,1.0,,,,,,,,,,,,,,3.0,,,,,,,9.0,,,,,,
124,,,,1.0,,,,,,,,,,,,,,,,,9.0,,,,,,3.0,,,,,,
125,,9.0,,,,,,,3.0,,,,,,,,,,,1.0,,,,,,,,,,,,,
126,,,,,,,,,,3.0,,,,,,,,,,,,,,,,,1.0,,,,9.0,,
127,,,,,,,9.0,,,,,,,,,,,,,1.0,,,,,,,,,,,3.0,,
128,,,,,,,,,,,,,,,3.0,1.0,,,9.0,,,,,,,,,,,,,,
129,,,,1.0,,,9.0,,,,,,,,,,,,,,,,3.0,,,,,,,,,,
130,9.0,,,,,,,,,,,,,,,,,,,,3.0,,1.0,,,,,,,,,,
131,,,,,,,9.0,,,,,,,,,3.0,,,,1.0,,,,,,,,,,,,,
132,,,,9.0,,,,,,,,,,,,,,,,,,,1.0,,,,,,,3.0,,,
133,,,,,,,,,,,,,3.0,,,,,,,1.0,,,,,,,9.0,,,,,,
134,,,,,,,,,,,,,9.0,,,,,,,3.0,,,,,,,,,,1.0,,,
135,,,,,,,,,,,9.0,3.0,1.0,,,,,,,,,,,,,,,,,,,,
136,,,,,,1.0,,,,,,,9.0,,,,,,,,,,,,,,3.0,,,,,,
137,,,,,,1.0,,,,,,,9.0,,,,,,,,,,,,,,3.0,,,,,,
138,,,,,,9.0,3.0,,,,,,,,,,,,,1.0,,,,,,,,,,,,,
139,,,,,,,,,,,,,,,,3.0,,,,,,,,,,,1.0,,,,9.0,,
140,,,,,,9.0,,,,,,,,,,3.0,,,,,,,1.0,,,,,,,,,,
141,,,,,,,,,,,,3.0,,,,,,,,,,,9.0,,,,,,,,1.0,,
142,,,,1.0,,,,,,,,,,,,,,,,9.0,,,,,,,,,3.0,,,,
143,,1.0,,,,3.0,,,,,,,9.0,,,,,,,,,,,,,,,,,,,,
144,,9.0,,,,,,,,,1.0,,,,,,,,,3.0,,,,,,,,,,,,,
145,,,,,,1.0,9.0,,,,,,,,,,,,,3.0,,,,,,,,,,,,,
146,1.0,,,,,,,,,,,,,,,,,,,,,,,,,,,,,3.0,,,
147,,,9.0,,,,,,,,,,3.0,,,,,,,1.0,,,,,,,,,,,,,
148,,3.0,,,,9.0,1.0,,,,,,,,,,,,,,,,,,,,,,,,,,
149,,,,,,,,,,,,,1.0,,,,,,,9.0,,,,,,,,,,,3.0,,
150,,,,,,,,,,,,,3.0,,,,,,,1.0,,,,,,,9.0,,,,,,
151,,,,,,1.0,9.0,,,,,,,,,,,,,3.0,,,,,,,,,,,,,
152,1.0,,,,,,,,,,3.0,,,,,,,,,,9.0,,,,,,,,,,,,
153,,,,,,,,,,,,,,,,,,,1.0,,,,,,,,,9.0,,,3.0,,
154,,,,,,9.0,1.0,,,,,,,,,,,,,3.0,,,,,,,,,,,,,
155,,,,1.0,,,,,,,9.0,,,,,,,,,,3.0,,,,,,,,,,,,
156,,,,,,,,,9.0,,,3.0,,,,,,,,,1.0,,,,,,,,,,,,
157,,,,,,,,,,,,,,,,,,,,,1.0,,,,,,3.0,,,,,,
158,,,,,,,,,,,,3.0,,,,,,,1.0,,,,,,9.0,,,,,,,,
159,,1.0,,,,,,,,,,,,,,,,,,3.0,,,,,,,,,,,,,
160,,,,,,,,,,,,,,,,,,,,,,,,,1.0,,,,,,3.0,,
161,,,,,,,,,,,,,3.0,,,,,,,1.0,,,,,,,9.0,,,,,,
162,,,,,,,,1.0,,,,,,,,,,,,9.0,,,,,,,,3.0,,,,,
163,,,,,,9.0,1.0,,,,,,,,,,,,,3.0,,,,,,,,,,,,,
164,,,,,,,,,,,1.0,,,,,,,,,,9.0,,,,,,,,3.0,,,,
165,,,,,,,,,,,,,1.0,,,,,,,9.0,,,,,,,,,,,3.0,,
166,,1.0,,,,,,,,,,,,,,,,,,3.0,,,,9.0,,,,,,,,,
167,,,,,,,9.0,,,,,3.0,1.0,,,,,,,,,,,,,,,,,,,,
168,,,,,,,,,,,,,,,,,,,,,,,,,,,,9.0,,1.0,3.0,,
169,,,,,,,,,3.0,,,9.0,1.0,,,,,,,,,,,,,,,,,,,,
170,,,,,,,1.0,3.0,,,,,,,9.0,,,,,,,,,,,,,,,,,,
171,,,,1.0,,,,,,,,,,,,,,,,,,,,9.0,,,,,,3.0,,,
172,,,,,,,,,9.0,,,1.0,,,,,,,,,,,,,,,3.0,,,,,,
173,,,,,,,,,,,,9.0,,,,1.0,,3.0,,,,,,,,,,,,,,,
174,,,,,,1.0,,,,,,,,,,,,,,3.0,,,,,,,9.0,,,,,,
175,,,,,,1.0,,,,,,,,,,,,,,3.0,,,,,,,9.0,,,,,,
176,,,,,,3.0,,,,,,1.0,9.0,,,,,,,,,,,,,,,,,,,,
177,,,,,,,1.0,,,,,,,,,3.0,,9.0,,,,,,,,,,,,,,,
178,9.0,,,,,,,,3.0,,,,,,,,,,,,,,,,,,1.0,,,,,,
179,,,,,,,,,3.0,9.0,,,,,,,,,,,1.0,,,,,,,,,,,,
180,,,,,,,,,,,,,3.0,,,,,,,,,,,9.0,,,,,,1.0,,,
181,,,,,,,,,,,,,,,,3.0,,,,,,,,,,,1.0,,,,9.0,,
182,,,,,,1.0,3.0,,,,,,,,,,,,,9.0,,,,,,,,,,,,,
183,,,9.0,,,,3.0,,,,,,,,,,,,,,,,,,,,,,,1.0,,,
184,,,,9.0,,,,,,,,,,,,3.0,,,,,,,,,,,1.0,,,,,,
185,,,,,,3.0,,,,,,,1.0,,,,,,,,,,,,,,9.0,,,,,,
186,,,,,,,1.0,,,,,,3.0,,,,,,,,,,,,,,9.0,,,,,,
187,,,,,,,,,,,,,,,,,,,,,,,,9.0,,,,,,,,,
188,,,3.0,,,,,,,,,,,,,,,,,,,,,,,,1.0,,,,,,
189,,,,,,,,,,,,,,,,,,,,,,,,,3.0,9.0,,,,,,1.0,
190,,,,,,,3.0,,,,,,,,,,,,,1.0,,,,,,,9.0,,,,,,
191,,,,,,,3.0,,,,,,,,,,,,9.0,1.0,,,,,,,,,,,,,
192,,,,,,,3.0,,,,,,,,,1.0,,,,,,,,,,,9.0,,,,,,
193,,,,,,3.0,,,,,,,1.0,,,,,,,,,,,,,,9.0,,,,,,
194,,,,,,,,,,,,,3.0,,,,,,,1.0,,,,,,,,,,,,,
195,,,3.0,,,,,,,,,,,,,,,,,,,,,,,,1.0,,,,,,
196,,,,,,1.0,,,,,,,3.0,,,,,,,,,,,,,,,,,,,,
197,,,,,,3.0,,,,,,,,,,,,,,,,,,,,,1.0,,,,,9.0,
198,,,,,,,1.0,,,,,,,,,,,,,3.0,,,,,,,9.0,,,,,,
199,,,,,,3.0,,,,,,,,,,,,,,,,,,,,,,,,1.0,,,
200,,,,,,1.0,,,,,,,,,,,,,,9.0,,,,,,,,3.0,,,,,
201,,,,,,1.0,,,,,,,,,3.0,,,,,9.0,,,,,,,,,,,,,
202,,,,,,,,,,,,,,,,,,,,,,,,1.0,,,,3.0,,,,,
203,,,,,,,3.0,,,,,1.0,,,,,,,,,,,,,,,9.0,,,,,,
204,,,,,,,,,,,,,,,,,,,,1.0,,,,,,,3.0,,,,,,
205,,,,,,,,3.0,,,,,,,,,,,,,,,,,,,,,,,,1.0,
206,,9.0,,,,,,,,,,,,,,,,,,,3.0,,1.0,,,,,,,,,,
207,,,9.0,,,,,,,,,,,,,,,,,,,,,,,,,3.0,,,,1.0,
208,,,9.0,,,,,,,,,,3.0,,,,,,,,,,,,,,,1.0,,,,,
209,,1.0,,3.0,,,,,,,,,,,,,,,,,,,,,,,,,,9.0,,,
210,,,,,,,,,,,,,,,,,,,3.0,,,,,,1.0,,,,,,,,
211,,,9.0,,,,,,,,,,3.0,,,,,,,,,,,,,,,1.0,,,,,
212,,,,,,,3.0,,,,,,1.0,,,,,,,,,,,,,,9.0,,,,,,
213,,,,1.0,,,,,,,,,,,,,,,,,,,,,,,9.0,,,,3.0,,
214,,,,,,,,,,,,,,,,,,,3.0,1.0,,,,9.0,,,,,,,,,
215,,,,,,,1.0,,,,,,9.0,,,,,,,3.0,,,,,,,,,,,,,
216,,3.0,,,,,1.0,,,,,,,,,,,,,9.0,,,,,,,,,,,,,
217,,,,,,,,,,,,,,,,,,,,9.0,,,,,1.0,,3.0,,,,,,
218,,,,,,1.0,,,,,,,,,,,,9.0,,3.0,,,,,,,,,,,,,
219,,,,,,,,,,,,,,,,,,,,,,,,,,,,1.0,,3.0,,,
220,,,,,,,,,,,,,,,,,,,,,,,,,,,,,1.0,,3.0,,
221,,,,,,9.0,3.0,,,,,,,,,,,,,1.0,,,,,,,,,,,,,
222,,3.0,,,,,,,,,,,,,1.0,,,,,,,,,,,,,,,,,,
223,,,,,,,,1.0,3.0,,,,,,,,,,,,,,,,,,,,,,,,
224,,,,,,3.0,1.0,,,,,,,,,,,,,9.0,,,,,,,,,,,,,
225,,,,,,,1.0,,,,,,,,,3.0,,,,,,,,,,,9.0,,,,,,
226,,3.0,,,,,,,,,,,1.0,,,,,,,,,,,,,,,,,,,,
227,,,,,,,,,,,,3.0,1.0,,,,,,,,,,,,,,,,,9.0,,,
228,,,,,,,,,,,,,1.0,,,,,,,,,,,,,,3.0,,,,,,
229,,,,,,3.0,,,,,,,9.0,,,,,,,1.0,,,,,,,,,,,,,
230,,,,,,9.0,,1.0,,,,,,,,,,,,,,,,,,,,,,3.0,,,
231,,,,,,,,3.0,,,,,,,1.0,,,,,,,,,,,,,,,,9.0,,
