Mean,Std,Problems_nonattribue,Problems_pasassez,Problems_tropnombreux,TMnonouverts,NbEnvie1,NbEnvie3,NbEnvie9
4.815315315315315,3.397782034034129,3,0,0,"[5, 14, 17, 29]",49,85,85
4.815315315315315,3.4295943376645655,3,0,1,"[17, 14, 5, 26]",52,81,86
4.990990990990991,3.36872895319577,0,0,1,"[5, 14, 17]",46,87,89
4.72972972972973,3.3699388287369376,2,0,0,"[17, 14, 26, 5]",51,87,82
4.747747747747748,3.3874093959424045,2,0,1,"[5, 17, 14]",52,85,83
4.513513513513513,3.3454632341348156,2,0,0,"[14, 17, 26, 5]",57,87,76
4.846846846846847,3.4013524012418137,2,0,1,"[17, 5, 14]",50,84,86
4.81981981981982,3.419926167333534,0,0,0,"[17, 14, 5, 26]",56,80,86
4.837837837837838,3.4445590659915823,4,0,1,"[17, 14, 5]",51,80,87
