Eleves,Choix,ElevesAccord,Envies
5 + 221,7,5 + 221,{3}
5 + 221,11,5 + 221,{2}
5 + 221,1,5 + 221,{1}
8 + 176,10,8 + 176,{3}
8 + 176,11,8 + 176,{2}
8 + 176,22,8 + 176,{1}
264 + 9,7,264 + 9,{3}
264 + 9,10,264 + 9,{2}
264 + 9,11,264 + 9,{1}
257 + 11,7,257 + 11,{3}
257 + 11,23,257 + 11,{2}
257 + 11,15,257 + 11,{1}
14 + 86,11,14 + 86,{3}
14 + 86,34,14 + 86,{1}
17 + 161,10,17 + 161,{3}
17 + 161,7,17 + 161,{2}
17 + 161,11,17 + 161,{1}
58 + 18,31,58 + 18,{3}
231 + 22,4,231 + 22,{2}
231 + 22,11,231 + 22,{1}
24 + 159,7,24 + 159,{3}
25 + 272,10,25 + 272,{3}
25 + 272,34,25 + 272,{2}
25 + 272,11,25 + 272,{1}
33 + 119,7,33 + 119,{3}
88 + 33,10,88 + 33,{2}
39 + 106,23,39 + 106,{3}
39 + 106,17,39 + 106,{2}
39 + 106,18,39 + 106,{1}
279 + 44,7,279 + 44,{3}
279 + 44,4,279 + 44,{2}
279 + 44,10,279 + 44,{1}
46 + 212,7,46 + 212,{3}
46 + 212,23,46 + 212,{2}
46 + 212,15,46 + 212,{1}
183 + 48 + 248,4,183 + 48 + 248,{3}
60 + 115,7,60 + 115,{3}
60 + 115,10,60 + 115,{2}
60 + 115,11,60 + 115,{1}
71 + 147,7,71 + 147,{3}
71 + 147,11,71 + 147,{2}
102 + 73,8,102 + 73,{3}
75 + 251,4,75 + 251,{3}
85 + 153,34,85 + 153,{3}
85 + 153,4,85 + 153,{2}
91 + 261,7,91 + 261,{3}
91 + 119,4,91 + 119,{2}
91 + 119,11,91 + 119,{1}
136 + 100,4,136 + 100,{3}
100 + 179,10,100 + 179,{1}
114 + 139,11,114 + 139,{3}
114 + 139,33,114 + 139,{2}
280 + 117,7,280 + 117,{3}
280 + 117,4,280 + 117,{2}
280 + 117,11,280 + 117,{1}
278 + 118,34,278 + 118,{1}
149 + 123,23,149 + 123,"{2, 3}"
160 + 258,7,160 + 258,{3}
160 + 258,17,160 + 258,{2}
160 + 258,31,160 + 258,{1}
169 + 256,7,169 + 256,{3}
169 + 256,22,169 + 256,{2}
169 + 256,4,169 + 256,{1}
180 + 222 + 179,4,180 + 222 + 179,"{2, 3}"
180 + 222,7,180 + 222,{2}
180 + 222,34,180 + 222,{1}
183 + 248,34,183 + 248,{2}
183 + 248,7,183 + 248,{1}
223 + 229,33,223 + 229,{3}
223 + 229,1,223 + 229,{1}
262 + 227,16,262 + 227,{3}
262 + 227,18,262 + 227,{2}
