Id,Mean,Std,TMnonouverts,NbEnvie1,NbEnvie2,NbEnvie3,Problems_nonattribue,Problems_pasassez,Problems_tropnombreux
0,2.171171171171171,0.7654753218134529,"[17, 14, 5]",4,6,6,1,0,1
1,2.0315315315315314,0.9044367244832687,"[5, 26, 14, 17]",5,7,7,11,1,0
2,2.1171171171171173,0.8795179545497418,"[5, 14, 26]",4,9,2,8,1,3
3,2.184684684684685,0.7412473525638603,"[5, 28, 14]",1,8,8,2,2,3
4,2.09009009009009,0.840701598290031,"[3, 5, 14, 26]",3,7,0,6,1,1
5,2.1396396396396398,0.809086326687362,"[14, 28, 5, 17]",9,7,9,5,0,1
6,2.1396396396396398,0.8365820657955377,"[14, 5, 32]",6,7,9,7,1,1
7,2.130630630630631,0.7821877652156126,"[5, 14]",9,6,7,3,1,2
8,2.1126126126126126,0.7792114725382481,"[14, 5, 17]",9,6,6,2,0,0
9,2.1126126126126126,0.7964419879703688,"[14, 5, 17, 26]",9,6,2,4,1,1
10,2.0675675675675675,0.7844255657897979,"[17, 14, 5]",8,8,9,3,0,2
11,2.1036036036036037,0.7804660317876017,"[5, 14]",8,6,9,2,1,1
12,2.1486486486486487,0.8186032541826025,"[17, 26, 5, 14]",8,6,7,3,0,1
13,2.0495495495495497,0.779995808536583,"[5, 14, 17, 28]",9,7,7,4,0,2
14,2.1621621621621623,0.7674431963066027,"[14, 17, 5]",7,7,8,1,1,2
15,2.144144144144144,0.7884556971499849,"[14, 17, 5, 26]",8,8,7,5,0,1
16,2.2117117117117115,0.7932108686375008,"[14, 26, 17, 5]",7,7,6,2,1,1
17,2.1126126126126126,0.8352653808771113,"[14, 5, 26, 17]",9,7,5,7,2,1
18,2.1396396396396398,0.7327848423711557,"[14, 5, 17]",8,8,6,1,1,2
19,2.1936936936936937,0.8419734714148572,"[5, 17, 14, 26]",9,6,7,5,0,2
20,2.0765765765765765,0.8606484932602412,"[3, 5, 14, 17]",9,7,0,5,0,1
21,2.09009009009009,0.8188895422123721,"[14, 26, 5, 17]",5,7,7,6,0,1
22,2.054054054054054,0.8053872662568292,"[5, 14, 17]",7,7,9,4,1,1
23,2.1396396396396398,0.7863978566920337,"[17, 14, 29, 5]",7,7,7,0,0,2
24,2.1396396396396398,0.8034742748070984,"[5, 17, 14]",9,8,4,2,1,2
25,2.144144144144144,0.7826957343774225,"[5, 17, 14]",9,8,6,3,1,2
26,2.0585585585585586,0.813457896850872,"[14, 5]",9,7,9,1,0,1
27,2.063063063063063,0.7584131955540957,"[14, 5]",8,7,2,1,1,1
28,2.1621621621621623,0.8020397135374479,"[5, 17, 14, 29]",5,7,7,3,0,2
29,2.108108108108108,0.7885073974678759,"[5, 17, 29, 14]",9,6,8,3,0,1
30,2.0315315315315314,0.8368743811173183,"[17, 5, 29, 14]",1,8,6,6,2,3
31,2.0,0.8183417732943565,"[14, 5, 17]",8,6,5,2,0,1
32,2.2162162162162162,0.7833725142136639,"[5, 17, 14, 29]",6,7,8,3,0,1
33,2.184684684684685,0.788572018098652,"[14, 26, 5, 17]",9,8,9,2,1,1
34,2.0855855855855854,0.8166089076336229,"[14, 5]",4,7,9,6,0,1
35,2.1171171171171173,0.8319278025011886,"[5, 14]",6,8,7,5,0,1
36,2.1666666666666665,0.8151099454845049,"[5, 14, 26]",8,6,7,4,0,1
37,2.0765765765765765,0.88654650060186,"[5, 14]",5,6,6,8,0,1
38,2.1036036036036037,0.7862423293933886,"[14, 5, 17, 26, 28]",9,8,5,3,0,1
39,2.1036036036036037,0.8033220535980014,"[5, 14, 17]",9,6,7,4,0,2
40,2.09009009009009,0.8243966618688144,"[5, 14, 28, 17]",8,6,9,3,0,1
41,2.1981981981981984,0.7995453438797676,"[5, 14, 26, 17]",8,7,4,2,2,2
42,2.1531531531531534,0.7751595742672911,"[5, 14, 17]",9,7,9,1,0,1
43,2.1396396396396398,0.7630350542322416,"[14, 5, 17]",8,7,7,2,1,2
44,2.1621621621621623,0.8352043729681784,"[14, 5, 17, 29, 26]",9,8,6,3,1,1
45,2.054054054054054,0.8275552813385176,"[5, 14, 17]",6,7,5,4,0,0
46,2.1171171171171173,0.7458935998114042,"[5, 17, 14, 1, 26]",0,7,4,2,1,1
47,2.0405405405405403,0.7746992852145429,"[1, 5, 14]",0,8,2,3,1,2
48,2.0495495495495497,0.8359971285185128,"[5, 17, 14, 26]",5,8,5,6,1,2
49,2.0855855855855854,0.7998129698620859,"[5, 14]",9,7,7,0,0,2
50,2.1531531531531534,0.7751595742672911,"[17, 5, 10, 26, 14]",9,7,6,2,1,1
51,2.1036036036036037,0.7804660317876017,"[5, 29, 14]",9,6,6,1,0,0
52,2.126126126126126,0.8306037396108408,"[14, 5, 26, 17]",9,7,7,5,0,1
53,2.1576576576576576,0.7944433207999924,"[5, 14, 17]",8,8,6,3,1,2
54,2.175675675675676,0.7732772376017416,"[14, 5, 17]",7,7,9,1,0,1
55,2.0315315315315314,0.8037786307414235,"[14, 5, 26]",9,8,9,1,0,2
56,2.108108108108108,0.8166962621684045,"[5, 14]",4,8,9,2,0,1
57,2.099099099099099,0.8178434831834329,"[5, 17, 14]",9,7,9,4,0,1
58,2.1531531531531534,0.7809751208162166,"[17, 14, 5, 26]",8,8,4,1,1,1
59,2.1981981981981984,0.8218709460386346,"[5, 14, 29]",9,7,9,3,0,1
60,2.1576576576576576,0.8441493669751962,"[5, 14]",9,8,9,6,0,1
61,2.22972972972973,0.7589102206477039,"[5, 14, 26]",6,8,9,2,0,2
62,2.1486486486486487,0.7789498517034031,"[15, 5, 17, 14]",6,8,2,0,1,2
63,2.135135135135135,0.7726839453446801,"[5, 29, 14]",9,8,2,1,1,2
64,2.175675675675676,0.7674033570667542,"[5, 14, 29]",9,8,9,1,0,1
65,2.144144144144144,0.8221684917960583,"[14, 5, 17]",6,7,5,7,1,1
66,2.1126126126126126,0.81885220597176,"[5, 14, 17]",9,8,9,5,0,1
67,2.0720720720720722,0.8424453923703329,"[5, 14]",8,7,7,6,0,2
68,2.126126126126126,0.8360336990882422,"[5, 14, 26]",9,6,9,4,0,1
69,2.126126126126126,0.8196359098674247,"[5, 14, 28, 17, 26]",9,7,9,3,0,2
70,2.054054054054054,0.8544569108208755,"[5, 14]",6,9,5,7,0,3
71,2.1171171171171173,0.7756327294653673,"[14, 17, 5, 26]",7,9,9,2,0,1
72,2.135135135135135,0.8237040992943556,"[14, 5, 17]",9,8,7,5,0,2
73,2.1036036036036037,0.8033220535980014,"[5, 14, 17]",7,7,7,5,0,1
74,2.0765765765765765,0.8500683980950068,"[17, 14, 1, 5]",0,7,7,5,1,3
75,2.144144144144144,0.8166463464355603,"[5, 14, 17]",4,8,9,5,0,2
76,2.099099099099099,0.7839447177267498,"[5, 14, 32]",8,7,6,1,0,1
77,2.0675675675675675,0.8238154432603442,"[14, 29, 5]",9,8,7,5,1,1
78,2.1936936936936937,0.7863978566920337,"[14, 5]",9,8,9,1,1,0
79,2.045045045045045,0.817095478255875,"[3, 14, 5]",8,6,0,1,1,1
80,2.0855855855855854,0.7710070803704269,"[14, 5]",9,8,3,2,1,0
81,2.2072072072072073,0.7742123963738583,"[5, 26, 14, 17]",3,8,9,3,1,2
82,2.1126126126126126,0.784997001708211,"[14, 17, 5, 28, 26]",4,8,9,6,0,2
83,2.1396396396396398,0.797822747558088,"[14, 26, 5]",7,7,9,2,0,1
84,2.1486486486486487,0.7613235515874873,"[5, 14]",1,8,6,0,1,1
85,2.09009009009009,0.8188895422123721,"[5, 14, 17]",7,7,7,4,0,1
86,2.130630630630631,0.8049949037575447,"[17, 5, 14]",6,8,7,4,1,1
87,2.036036036036036,0.8007680467893785,"[5, 14, 29]",9,9,9,2,0,2
88,2.081081081081081,0.7974522228289,"[14, 5]",8,8,9,1,0,1
89,2.1981981981981984,0.7938658470825908,"[14, 17, 5]",9,6,9,2,0,1
90,2.1981981981981984,0.7823831770001496,"[14, 5]",8,8,8,4,0,1
91,2.0405405405405403,0.7746992852145429,"[17, 14, 5, 29]",6,8,7,2,0,1
92,2.027027027027027,0.8397312590951516,"[3, 17, 14, 29, 5]",9,7,0,4,0,2
93,2.0855855855855854,0.7826566715314206,"[14, 5]",8,7,8,2,0,2
94,1.9864864864864864,0.7756458685451882,"[28, 5, 14, 17]",8,7,7,2,0,1
95,2.108108108108108,0.7942252134106667,"[5, 26, 17, 14]",6,10,9,3,0,1
96,2.1216216216216215,0.8064115704079748,"[5, 14, 26]",8,6,9,2,0,2
97,2.1576576576576576,0.8001187185158061,"[17, 14, 5]",6,8,7,2,1,2
98,2.1666666666666665,0.792593923901217,"[14, 17, 5]",7,8,9,2,0,1
99,2.063063063063063,0.8377872091227945,"[5, 17, 14]",9,6,5,6,0,1
100,2.1126126126126126,0.7907402016127275,"[5, 26, 14]",9,8,7,3,0,0
101,2.171171171171171,0.8057920852149157,"[5, 14]",9,6,6,2,0,1
102,2.175675675675676,0.7614841683723098,"[14, 26, 5]",9,7,2,1,1,1
103,2.130630630630631,0.8326257645868875,"[17, 14, 5]",9,6,9,5,0,0
104,2.1396396396396398,0.809086326687362,"[14, 17, 26, 5]",9,8,7,3,0,2
105,2.144144144144144,0.811086605357833,"[14, 5, 26]",7,8,6,3,0,1
106,2.18018018018018,0.8149974121847509,"[14, 5, 17]",9,7,9,3,1,2
107,2.054054054054054,0.8275552813385176,"[5, 29, 14]",4,7,7,6,0,2
108,2.108108108108108,0.7769455375702022,"[5, 14]",9,7,6,3,0,2
109,2.0225225225225225,0.8479076920523672,"[5, 14, 17]",9,8,7,6,0,3
110,2.2117117117117115,0.7641561446107581,"[14, 5, 17]",9,6,8,3,0,1
111,2.1666666666666665,0.792593923901217,"[14, 5, 26]",7,8,9,2,0,1
112,2.1981981981981984,0.7823831770001496,"[32, 5, 14, 17, 29]",9,8,9,3,0,1
113,2.2027027027027026,0.8124550203446097,"[17, 14, 5, 26]",9,7,8,4,0,1
114,2.1036036036036037,0.8418282117430508,"[14, 28, 5, 26]",9,7,9,5,0,0
115,2.1036036036036037,0.8310085382083571,"[14, 5, 29]",9,8,7,5,0,3
116,2.0495495495495497,0.8195986076270692,"[14, 29, 5]",7,7,9,0,0,1
117,2.0855855855855854,0.8330662814527707,"[5, 14]",5,6,3,4,1,2
118,2.1531531531531534,0.8369109133536646,"[5, 14]",8,8,9,4,1,1
119,2.099099099099099,0.8178434831834329,"[14, 5, 17]",7,7,4,3,1,1
120,2.130630630630631,0.8216849252253488,"[14, 17, 5]",5,8,5,3,0,1
121,2.0405405405405403,0.7920279690635249,"[14, 5, 17]",9,7,7,1,0,1
122,2.1666666666666665,0.7694192830846545,"[14, 5, 8]",6,8,6,2,0,1
123,2.1216216216216215,0.828552180559849,"[5, 14, 17]",4,7,9,5,1,2
124,2.063063063063063,0.7584131955540958,"[14, 5]",3,7,2,2,1,1
125,2.081081081081081,0.8031063574959483,"[14, 17, 5]",9,8,7,1,0,1
126,2.1621621621621623,0.7906757581840481,"[14, 5]",9,7,2,3,1,1
127,2.1396396396396398,0.7921309000193595,"[14, 26, 5]",9,7,8,1,0,1
128,2.1576576576576576,0.7944433207999924,"[5, 26, 14, 25]",9,7,9,3,0,1
129,2.054054054054054,0.7997492575132488,"[14, 5]",8,8,5,4,0,1
130,2.099099099099099,0.806702185118088,"[14, 5, 17]",9,7,7,3,0,0
131,2.045045045045045,0.7889208780403245,"[14, 5]",8,8,7,3,0,1
132,2.0945945945945947,0.8044376735642,"[5, 17, 29, 14, 26]",9,6,6,2,0,0
133,2.1126126126126126,0.8243595750523394,"[5, 14, 17, 26]",1,6,7,3,1,2
134,2.0585585585585586,0.856803326320745,"[14, 5, 26]",7,8,5,6,0,0
135,2.099099099099099,0.7839447177267498,"[14, 5]",9,8,6,1,1,1
136,2.09009009009009,0.8188895422123721,"[5, 14, 29, 17]",9,6,7,3,0,0
137,2.09009009009009,0.8133451349760028,"[17, 5, 14]",7,7,5,5,0,1
138,2.0720720720720722,0.8261748712343142,"[5, 14, 17]",6,6,6,4,0,1
139,2.0765765765765765,0.8230233366445513,"[29, 14, 5, 26]",9,7,9,4,2,1
140,2.063063063063063,0.8214244253142174,"[5, 26, 14, 17]",9,7,9,4,0,1
141,2.054054054054054,0.7591116246003612,"[14, 17, 26, 5]",9,7,6,1,0,2
142,2.1486486486486487,0.8186032541826025,"[14, 5]",9,8,7,4,0,2
143,2.2387387387387387,0.7912040393515345,"[14, 26, 5, 17]",7,6,9,4,0,1
144,2.189189189189189,0.7671244244563783,"[14, 5, 17, 26]",6,6,9,0,0,1
145,2.018018018018018,0.8236546082558097,"[5, 14, 17]",7,7,7,4,0,1
146,2.081081081081081,0.8087209625118332,"[17, 14, 5, 26]",6,8,7,0,0,1
147,2.1576576576576576,0.7474904681121162,"[26, 14, 17, 5]",9,9,5,2,0,2
148,2.0855855855855854,0.7591787473777288,"[5, 14, 17]",9,7,9,1,1,1
149,2.0135135135135136,0.7814577961392896,"[17, 29, 5, 14]",7,7,7,1,0,1
150,2.027027027027027,0.817893325855459,"[5, 14, 26]",9,6,5,3,0,1
151,2.1936936936936937,0.7327848423711556,"[17, 14, 5, 29]",6,6,9,0,0,1
152,2.018018018018018,0.7784656213705152,"[14, 5, 17, 26]",5,8,7,1,0,1
153,2.1036036036036037,0.7628747639732995,"[14, 5, 17, 29]",9,8,6,1,1,1
154,2.1216216216216215,0.806411570407975,"[14, 5]",9,8,9,5,0,3
155,2.0765765765765765,0.7777976746020018,"[5, 17, 14, 29]",9,8,8,1,0,1
156,2.0675675675675675,0.778635790667876,"[14, 5, 17]",9,8,2,1,1,2
157,2.1621621621621623,0.7733167742348221,"[5, 14, 17]",7,8,6,1,0,1
158,2.108108108108108,0.782747815139657,"[5, 26, 14]",4,7,7,1,0,2
159,1.9954954954954955,0.8155599234068583,"[3, 5, 17, 14]",6,7,0,2,0,1
160,2.108108108108108,0.7942252134106665,"[14, 17, 5]",7,7,7,3,0,0
161,2.1486486486486487,0.8130568946898431,"[5, 17, 26, 14]",7,8,9,3,0,2
162,2.135135135135135,0.7957635166404936,"[14, 5]",6,7,6,2,0,1
163,2.0945945945945947,0.8044376735642,"[5, 17, 14]",9,7,8,0,0,0
164,2.099099099099099,0.8178434831834329,"[5, 17, 14]",7,7,8,2,0,0
165,2.0135135135135136,0.8264831983725527,"[17, 5, 14]",9,8,9,2,0,2
166,2.0315315315315314,0.798129258629767,"[14, 5]",7,6,7,1,0,1
167,2.0405405405405403,0.8033727972057582,"[14, 5]",8,8,8,0,0,2
168,2.0945945945945947,0.8211390210654653,"[14, 5, 17]",7,8,5,4,1,2
169,2.135135135135135,0.7549113577940474,"[5, 26, 14]",7,7,6,0,0,1
170,2.018018018018018,0.801378698667744,"[14, 5, 17]",9,7,7,2,0,1
171,2.1171171171171173,0.7872138708948211,"[5, 14, 29, 26, 17]",8,7,6,1,0,0
172,2.081081081081081,0.8142968555519061,"[14, 29, 5]",9,7,3,4,1,1
173,2.018018018018018,0.8345696263418312,"[5, 14, 17, 28]",8,6,5,4,0,2
174,2.1036036036036037,0.7919764985689903,"[28, 5, 14]",8,7,8,3,0,1
175,2.0720720720720722,0.7811316968436159,"[5, 14]",9,8,7,4,0,2
176,2.099099099099099,0.7664332972834004,"[14, 5, 17, 29]",9,8,2,1,1,1
177,2.009009009009009,0.812743474086136,"[14, 17, 5]",8,7,9,4,1,0
178,2.081081081081081,0.7802440172329329,"[14, 5]",9,8,9,0,0,1
179,2.054054054054054,0.8109860802777719,"[5, 14, 17]",9,7,9,5,0,2
180,2.054054054054054,0.78259156245517,"[5, 14, 17]",9,8,9,2,0,1
181,2.0405405405405403,0.792027969063525,"[17, 5, 14]",9,6,3,1,1,3
182,2.09009009009009,0.8243966618688144,"[14, 5, 26]",9,8,5,3,0,1
183,2.1486486486486487,0.7847373096931292,"[14, 5]",8,7,6,2,0,1
184,2.0855855855855854,0.8276168531016577,"[14, 17, 5]",9,7,9,4,0,1
185,2.1981981981981984,0.7881454240230692,"[5, 17, 14]",6,8,6,2,2,1
186,2.0765765765765765,0.8007298655844591,"[5, 17, 14]",9,8,9,3,0,2
187,2.0,0.807207352795575,"[14, 5, 17]",3,7,7,2,0,1
188,2.054054054054054,0.788352286342648,"[14, 5, 17]",9,6,9,2,0,0
189,2.1576576576576576,0.7944433207999924,"[17, 5, 26, 14]",6,7,8,3,0,1
190,2.054054054054054,0.7767881177453528,"[14, 5]",8,8,9,0,0,1
191,2.108108108108108,0.8055390972066664,"[5, 17, 14]",6,7,9,3,0,1
192,2.0675675675675675,0.8015440034905214,"[5, 29, 14]",9,8,9,2,0,1
193,2.1171171171171173,0.8319278025011886,"[14, 26, 17, 5]",8,6,9,4,0,1
194,2.099099099099099,0.7839447177267498,"[5, 14, 17]",9,6,2,2,1,1
195,2.135135135135135,0.8453919435486419,"[5, 14]",6,9,6,6,1,3
196,2.1216216216216215,0.828552180559849,"[5, 14]",6,7,6,3,1,1
197,2.126126126126126,0.7683456650123668,"[5, 14, 17]",9,6,7,1,0,1
198,2.1576576576576576,0.8169083700062963,"[14, 5, 29]",9,8,7,5,0,0
199,2.126126126126126,0.8196359098674247,"[14, 17, 5]",4,8,9,3,1,1
200,2.099099099099099,0.7723145556962921,"[14, 5, 26]",9,8,8,1,0,1
201,2.1171171171171173,0.7929410143792943,"[5, 17, 14]",5,7,7,1,0,1
202,2.0855855855855854,0.7884169196867215,"[5, 14, 17, 29]",9,8,5,2,0,1
203,2.0585585585585586,0.7851527756881226,"[17, 5, 14]",9,7,5,1,0,1
204,2.135135135135135,0.7668055200882193,"[5, 17, 14]",9,8,2,2,1,1
205,2.126126126126126,0.7800350046341565,"[14, 5, 17]",7,8,5,2,0,1
206,2.081081081081081,0.8308000302291101,"[14, 17, 5]",9,7,9,3,0,1
207,2.184684684684685,0.7652755926498351,"[5, 14, 28, 17]",9,8,8,0,0,1
208,2.1126126126126126,0.7733826641317795,"[5, 14, 17]",9,8,7,2,0,1
209,2.0495495495495497,0.8028652168061973,"[14, 17, 5]",9,9,9,3,0,1
210,2.0225225225225225,0.8040828714730361,"[17, 5, 14]",9,8,7,1,0,1
211,2.0765765765765765,0.8285029791239055,"[5, 26, 14, 17]",4,7,9,5,0,0
212,2.1981981981981984,0.793865847082591,"[17, 5, 14, 26]",7,6,9,3,0,1
213,2.0855855855855854,0.8166089076336227,"[17, 14, 5]",9,8,7,4,0,1
214,2.0135135135135136,0.7872268166815277,"[5, 17, 14]",7,6,7,1,0,1
215,2.130630630630631,0.7936732624728557,"[5, 26, 14, 29, 17]",9,7,6,1,0,1
216,2.063063063063063,0.8103323632877316,"[5, 17, 14, 29]",9,6,7,4,0,2
217,2.144144144144144,0.7941738853197862,"[14, 17, 5]",7,8,5,3,1,2
218,2.036036036036036,0.8554105460627882,"[17, 14, 5]",9,7,7,4,0,1
219,2.054054054054054,0.7997492575132485,"[17, 14, 5]",8,7,6,1,0,1
220,2.184684684684685,0.7770111197511066,"[17, 26, 14, 5]",9,7,9,1,0,1
221,2.081081081081081,0.7860219463751896,"[5, 14, 17]",7,8,9,1,0,1
222,2.054054054054054,0.822069321843126,"[14, 5]",9,6,9,2,0,1
223,2.220720720720721,0.7792114725382481,"[14, 5, 26]",3,7,8,2,0,1
224,2.1171171171171173,0.7872138708948209,"[26, 5, 14]",9,8,9,1,1,1
225,2.1036036036036037,0.7687832459562144,"[5, 14, 17]",9,7,6,2,0,0
226,2.0720720720720722,0.798320768288509,"[5, 14, 17]",4,7,9,3,0,2
227,2.0675675675675675,0.812756013230862,"[14, 5, 17]",3,8,7,3,0,1
228,2.0495495495495497,0.7915131135022021,"[14, 26, 5]",9,8,2,2,1,1
229,2.1216216216216215,0.8120033218180284,"[5, 17, 14, 29]",5,8,7,3,0,1
230,2.099099099099099,0.806702185118088,"[5, 14]",7,6,7,1,0,0
231,2.063063063063063,0.7990863479500622,"[5, 17, 14]",9,6,7,4,0,1
232,2.130630630630631,0.7821877652156126,"[5, 14]",9,6,5,3,0,1
233,2.081081081081081,0.8198348264848099,"[14, 5, 17]",9,8,9,4,0,1
234,2.081081081081081,0.8362287151158745,"[14, 17, 26, 5]",9,7,9,6,0,1
235,2.1486486486486487,0.8074724393111101,"[14, 5]",8,6,7,1,0,1
236,2.0585585585585586,0.7735407769855778,"[5, 14]",9,7,5,2,0,0
237,2.0855855855855854,0.7410823498121172,"[14, 5, 17, 29]",7,7,5,1,0,2
238,2.1171171171171173,0.7929410143792942,"[14, 17, 5]",7,7,6,1,0,2
239,2.22972972972973,0.7408072635554935,"[5, 14, 26]",9,8,6,2,0,1
240,2.126126126126126,0.8029032964667868,"[5, 14]",9,8,7,3,0,2
241,2.0225225225225225,0.8425542596687264,"[17, 14, 5]",9,7,9,5,0,2
242,2.126126126126126,0.7915517392855129,"[14, 5, 17, 29]",9,6,6,3,0,0
243,2.108108108108108,0.8166962621684045,"[14, 5, 26, 17]",9,7,6,2,0,1
244,2.063063063063063,0.826914663226169,"[14, 17, 29, 5]",9,7,5,5,0,1
245,2.0,0.8561726894780893,"[5, 17, 14]",9,8,9,6,2,0
246,2.126126126126126,0.7972477216785111,"[14, 5]",8,8,9,2,0,1
247,2.135135135135135,0.7957635166404936,"[17, 14, 5]",9,8,6,1,0,1
248,2.144144144144144,0.8331029806773694,"[14, 5]",3,8,9,4,0,0
249,2.108108108108108,0.8111368632260447,"[17, 14, 5]",9,7,9,1,0,1
250,2.0495495495495497,0.7972093718726632,"[14, 17, 5, 29]",9,8,7,2,0,1
251,2.0765765765765765,0.8063610180276339,"[14, 5]",9,9,5,3,0,2
252,2.0720720720720722,0.8584075724228977,"[14, 5]",9,8,7,5,0,1
253,2.171171171171171,0.8113881058720657,"[32, 5, 17, 14, 29]",5,8,7,3,0,2
254,2.09009009009009,0.7964803747250551,"[5, 14]",6,8,7,2,0,0
255,2.0495495495495497,0.825100994654525,"[5, 26, 14]",9,8,9,4,0,0
256,2.1576576576576576,0.7944433207999924,"[17, 5, 14, 26]",8,7,6,2,1,1
257,2.0855855855855854,0.7941353870744926,"[5, 14]",9,8,9,1,0,1
258,2.0765765765765765,0.7777976746020019,"[5, 26, 14]",7,7,6,3,1,0
259,2.0945945945945947,0.793108077841898,"[14, 5]",7,7,7,0,0,2
260,2.063063063063063,0.7876797851721572,"[5, 14]",9,8,7,2,0,2
261,2.081081081081081,0.7685578565836623,"[5, 14, 17]",9,9,3,2,1,2
262,2.0765765765765765,0.8119531175814391,"[17, 14, 5]",9,8,7,4,0,0
263,2.036036036036036,0.8175443633380667,"[14, 5]",9,6,2,2,1,2
264,2.171171171171171,0.7772078330901726,"[5, 17, 14, 29]",9,7,5,0,0,1
265,2.081081081081081,0.8253356386786131,"[14, 17, 29, 5]",9,7,3,3,1,2
266,2.1216216216216215,0.736004304212946,"[5, 17, 14]",8,8,8,1,1,0
267,2.0225225225225225,0.7812491082706582,"[5, 14]",8,8,5,2,0,1
268,2.018018018018018,0.7957122877791638,"[5, 14, 29]",6,7,7,1,0,2
269,2.0720720720720722,0.7694590179486329,"[14, 5, 17]",9,7,2,0,1,0
270,2.1216216216216215,0.7951101014177496,"[14, 5, 17]",9,7,7,3,0,2
271,2.144144144144144,0.776893067839427,"[5, 17, 14]",9,8,8,2,0,1
272,2.0135135135135136,0.8154599497711779,"[14, 5, 17]",9,7,5,4,0,1
273,2.1621621621621623,0.7849320867592706,"[14, 5, 17]",8,8,9,0,0,1
274,2.081081081081081,0.8142968555519062,"[5, 17, 26, 14]",9,8,7,4,0,1
275,2.045045045045045,0.7946357187816142,"[14, 17, 5]",7,6,9,2,0,1
276,2.0135135135135136,0.809892064367318,"[5, 14, 17, 29]",5,8,7,4,0,1
277,2.130630630630631,0.8326257645868875,"[14, 5, 17]",9,7,6,4,0,0
278,2.130630630630631,0.8216849252253489,"[26, 17, 5, 14]",9,7,9,3,0,2
279,2.0945945945945947,0.7640494449705395,"[17, 14, 5]",2,8,6,0,1,1
280,2.0405405405405403,0.7805182613287018,"[26, 5, 14]",9,8,5,0,1,1
281,2.220720720720721,0.7615912274102536,"[17, 5, 14]",8,8,6,1,1,1
282,2.0765765765765765,0.7719581911351323,"[17, 14, 5, 29]",9,8,2,2,1,1
283,2.099099099099099,0.806702185118088,"[14, 5]",4,6,2,2,1,1
284,2.1216216216216215,0.8007807734531345,"[14, 5]",7,8,9,2,0,1
285,2.1486486486486487,0.7789498517034033,"[14, 5, 26, 17]",9,6,8,2,0,0
286,2.144144144144144,0.811086605357833,"[5, 14, 17]",5,8,7,2,0,1
287,2.108108108108108,0.8331519104621986,"[5, 14, 17, 29, 26]",9,7,5,6,1,0
288,2.099099099099099,0.7781513649001827,"[14, 5, 26, 17]",4,8,5,1,0,1
289,2.0225225225225225,0.8152599657211406,"[5, 17, 14]",7,8,9,1,0,1
290,2.2072072072072073,0.7915517392855129,"[5, 17, 26, 14]",8,8,6,4,1,1
291,2.0225225225225225,0.8040828714730361,"[14, 5, 17, 26]",9,8,7,1,0,1
292,2.135135135135135,0.7608816806061955,"[5, 14, 17]",9,7,5,2,0,2
293,1.9774774774774775,0.804082871473036,"[5, 28, 14, 17]",8,8,9,5,0,1
294,2.1171171171171173,0.8264708674955219,"[14, 29, 5]",9,8,9,6,0,0
295,2.1126126126126126,0.8077248217762688,"[5, 17, 14, 26]",9,8,4,2,1,1
296,2.081081081081081,0.8087209625118331,"[14, 5, 26]",7,7,9,1,0,1
297,2.0585585585585586,0.7557883383543854,"[14, 17, 5]",9,8,9,1,0,1
298,2.0945945945945947,0.8100430509578107,"[5, 14, 17, 26]",7,7,9,3,0,2
299,2.18018018018018,0.7514474502955104,"[14, 17, 5, 26]",9,8,9,0,1,1
300,2.0585585585585586,0.8078762134098192,"[17, 5, 14, 26]",9,7,9,1,0,1
301,2.1216216216216215,0.7951101014177496,"[14, 5, 17]",6,7,7,1,0,1
302,1.9954954954954955,0.7698959661033118,"[28, 17, 14, 5]",9,8,9,0,0,1
303,2.0405405405405403,0.8200958313253229,"[17, 5, 14, 26]",4,6,2,5,1,1
304,2.1216216216216215,0.8230728656412047,"[14, 5]",9,8,9,3,0,0
305,2.1621621621621623,0.7495463549976922,"[17, 14, 26, 5]",6,8,2,1,2,1
306,2.1621621621621623,0.8187899751207264,"[5, 14]",9,7,6,2,0,1
307,2.099099099099099,0.8010734309154447,"[17, 14, 5]",9,8,7,4,0,1
308,2.0765765765765765,0.7893470530302839,"[17, 14, 5, 26]",9,8,9,0,0,1
309,2.0585585585585586,0.8190015407218109,"[5, 14]",6,6,9,3,0,1
310,2.09009009009009,0.8021413597850569,"[5, 14, 17]",9,7,7,2,0,0
311,2.0585585585585586,0.8461751547303789,"[14, 17, 4, 5]",8,8,7,6,0,1
312,2.054054054054054,0.7997492575132488,"[5, 17, 14]",9,6,9,1,0,1
313,2.1621621621621623,0.8132448890725005,"[14, 17, 5, 26]",9,8,7,4,0,2
314,2.045045045045045,0.817095478255875,"[5, 17, 29, 14]",9,8,9,2,0,2
315,2.0945945945945947,0.7338410492616975,"[5, 14]",6,8,5,1,1,1
316,2.0675675675675675,0.7901729190628471,"[17, 26, 14, 5]",7,7,7,2,0,1
317,2.0765765765765765,0.8447286592061115,"[5, 17, 14, 26]",9,8,9,6,0,1
318,2.130630630630631,0.7879514412758254,"[5, 17, 14]",7,8,7,2,0,1
319,2.0045045045045047,0.8320380459656691,"[14, 5, 17]",6,6,9,3,0,1
320,2.0495495495495497,0.8195986076270692,"[5, 14, 17]",9,8,5,2,0,1
321,2.0,0.8015821459161773,"[14, 5, 29, 17]",9,8,7,4,0,1
322,2.0855855855855854,0.7826566715314206,"[14, 5, 26]",9,8,9,1,0,1
323,2.130630630630631,0.7879514412758253,"[14, 17, 26, 5]",9,7,9,2,0,0
324,2.1486486486486487,0.7904823963758244,"[5, 26, 14, 17]",8,8,2,1,1,1
325,1.954954954954955,0.7773651679208455,"[5, 14, 17]",9,6,6,3,0,0
326,2.1126126126126126,0.7964419879703688,"[17, 14, 5, 26, 29]",9,7,7,3,0,2
327,2.130630630630631,0.8105964278426564,"[14, 5, 17, 29]",6,7,6,2,0,2
328,2.027027027027027,0.8234071084430594,"[5, 17, 14]",6,8,9,3,1,1
329,2.144144144144144,0.7884556971499849,"[14, 5]",7,8,7,3,2,1
330,2.175675675675676,0.7848931352128725,"[14, 5, 17]",5,8,9,1,0,0
331,2.1171171171171173,0.7814447547802416,"[5, 14, 17]",1,7,5,2,1,2
332,2.0405405405405403,0.8525583939479507,"[5, 17, 29, 14]",9,7,2,6,1,2
333,2.054054054054054,0.8544569108208755,"[14, 5]",7,7,9,5,0,2
334,2.0720720720720722,0.7869031081203345,"[14, 29, 5]",9,8,9,1,0,2
335,2.027027027027027,0.812342119259643,"[5, 14, 17]",9,7,5,2,0,1
336,2.0135135135135136,0.837361346554423,"[17, 5, 14, 29]",9,7,7,5,0,1
337,2.1396396396396398,0.809086326687362,"[5, 26, 14, 17]",8,7,9,3,0,2
338,2.126126126126126,0.7972477216785111,"[5, 17, 14]",6,8,4,1,1,1
339,2.054054054054054,0.7997492575132485,"[5, 14, 17]",9,7,7,1,0,2
340,2.018018018018018,0.7667523564648956,"[5, 14, 29, 17]",9,8,9,0,0,1
341,2.09009009009009,0.7964803747250551,"[14, 5, 17]",9,7,9,1,0,2
342,2.036036036036036,0.8501043633341623,"[14, 17, 5]",6,8,9,6,0,1
343,2.0315315315315314,0.8204933933332591,"[5, 17, 14]",8,7,6,5,0,1
344,2.081081081081081,0.8253356386786131,"[14, 5, 17]",9,8,2,3,1,1
345,2.0315315315315314,0.7924396126678963,"[17, 5, 14]",9,7,7,1,0,1
346,2.1216216216216215,0.7601982838987518,"[14, 17, 5, 26]",7,6,9,0,0,1
347,2.144144144144144,0.7826957343774225,"[17, 5, 26, 14, 29]",7,7,9,0,0,1
348,2.009009009009009,0.8508233488563853,"[5, 17, 14]",9,6,9,5,0,1
349,2.036036036036036,0.8554105460627882,"[5, 29, 14, 26, 17]",5,7,7,5,0,0
350,1.9954954954954955,0.809992725221495,"[17, 5, 14]",8,7,7,1,1,1
351,2.09009009009009,0.8133451349760028,"[17, 5, 14, 26]",9,8,7,3,0,1
352,2.036036036036036,0.8285398804747766,"[5, 17, 14]",5,7,5,4,0,0
353,2.081081081081081,0.7626476284371552,"[5, 14, 17]",9,6,6,1,1,0
354,2.0585585585585586,0.8078762134098192,"[14, 28, 17, 5, 26]",7,7,9,2,0,1
355,2.1531531531531534,0.7924781932931759,"[14, 17, 5]",9,8,7,2,0,1
356,2.1396396396396398,0.7630350542322416,"[5, 14, 17, 26]",7,7,9,1,0,1
357,2.0585585585585586,0.8408106913731084,"[14, 5, 17]",8,6,9,2,0,0
358,2.0675675675675675,0.7958787695220654,"[5, 14, 26]",9,8,5,3,0,0
359,2.09009009009009,0.8077626723447155,"[14, 5, 17, 29]",8,7,6,3,0,2
360,2.1036036036036037,0.873483474726591,"[14, 17, 5]",8,7,9,6,0,1
361,2.045045045045045,0.7773651679208455,"[17, 14, 5]",9,8,9,2,0,1
362,2.0495495495495497,0.7857755627978602,"[14, 5, 26, 17]",4,6,7,2,0,1
363,2.0225225225225225,0.787019658540595,"[5, 17, 14]",9,8,9,3,0,1
364,2.1036036036036037,0.7919764985689902,"[5, 17, 14]",9,8,7,1,0,1
365,2.1486486486486487,0.784737309693129,"[14, 5, 17]",9,7,9,0,0,0
366,2.0405405405405403,0.8145596348957617,"[14, 5]",9,6,7,3,0,0
367,2.1126126126126126,0.8133075442101599,"[17, 5, 14, 26]",9,7,5,3,0,1
368,2.1126126126126126,0.7733826641317794,"[14, 5, 17]",6,8,9,1,0,1
369,2.1216216216216215,0.7720109962648976,"[14, 29, 5]",9,8,7,1,0,1
370,2.1036036036036037,0.7919764985689903,"[5, 14, 26]",9,8,5,1,0,1
371,2.135135135135135,0.8291792429565407,"[17, 14, 5, 26]",9,7,9,3,0,1
372,2.1396396396396398,0.797822747558088,"[14, 5, 26]",9,6,9,3,0,1
373,2.0855855855855854,0.7651157717794568,"[5, 14, 17]",3,8,2,0,1,2
374,2.189189189189189,0.7960708205780502,"[5, 14, 26]",7,7,9,1,0,1
375,2.09009009009009,0.8460667533493258,"[5, 14]",4,8,9,5,0,0
376,2.099099099099099,0.8122919359626525,"[5, 14, 17]",9,8,9,2,0,0
377,2.1036036036036037,0.7687832459562146,"[5, 14, 17, 26]",8,6,9,0,0,2
378,2.09009009009009,0.7850359481010101,"[5, 14, 26]",9,7,5,0,0,1
379,2.1531531531531534,0.7693000661787257,"[5, 14, 17, 26]",9,7,6,0,0,0
380,2.081081081081081,0.7860219463751896,"[17, 14, 5]",9,7,9,1,0,2
381,2.108108108108108,0.7942252134106665,"[5, 14, 29, 26]",7,8,9,0,0,1
382,2.144144144144144,0.7826957343774225,"[5, 26, 17, 14]",5,7,6,0,0,1
383,2.0765765765765765,0.7893470530302839,"[17, 5, 14]",9,8,9,2,0,1
384,2.171171171171171,0.8057920852149157,"[14, 17, 5, 29]",9,8,9,2,1,2
385,2.0045045045045047,0.8099927252214951,"[17, 29, 14, 5]",8,7,5,3,0,1
386,2.081081081081081,0.8253356386786131,"[14, 5, 17]",9,6,5,4,0,1
387,2.0675675675675675,0.7844255657897979,"[5, 14]",4,7,2,2,1,1
388,2.099099099099099,0.8010734309154447,"[5, 14, 17, 26]",9,8,9,4,1,0
389,2.2387387387387387,0.7854642309682399,"[5, 14, 26, 17]",6,7,6,1,0,0
390,2.063063063063063,0.7402980845062392,"[5, 14, 17]",4,7,3,0,1,1
391,2.0495495495495497,0.8520801136971612,"[14, 17, 5, 29]",7,8,9,6,0,1
392,2.1126126126126126,0.7849970017082109,"[5, 14, 17]",9,8,7,2,1,1
393,2.0225225225225225,0.8096907051164531,"[14, 5, 17, 29, 26]",9,7,6,1,0,1
394,2.054054054054054,0.7997492575132488,"[17, 5, 26, 14]",6,6,2,1,1,1
395,2.09009009009009,0.7850359481010101,"[5, 14, 17]",9,7,7,1,1,2
396,2.045045045045045,0.8389541796837426,"[14, 5, 17, 26]",7,7,4,5,1,1
397,2.0855855855855854,0.8054505326308169,"[14, 26, 17, 5, 29]",8,7,9,3,0,2
398,2.171171171171171,0.7772078330901726,"[5, 14, 17, 26]",7,6,9,2,0,1
399,2.0315315315315314,0.8037786307414237,"[17, 14, 5]",9,8,9,3,1,2
400,2.0495495495495497,0.8678651055464411,"[14, 17, 5]",9,6,9,7,0,0
401,2.0585585585585586,0.8515058227861022,"[5, 17, 14]",6,6,9,3,0,0
402,2.1621621621621623,0.8352043729681784,"[5, 14, 26]",9,7,9,2,0,1
403,2.036036036036036,0.8175443633380667,"[14, 5, 25, 17]",9,6,9,4,0,0
404,2.130630630630631,0.8049949037575447,"[17, 5, 26, 14]",6,7,6,3,0,1
405,2.108108108108108,0.782747815139657,"[14, 5, 29]",7,8,9,1,0,1
406,2.018018018018018,0.760828103048786,"[5, 14, 29, 17]",9,6,7,0,0,0
407,2.1216216216216215,0.8007807734531345,"[5, 17, 14]",7,7,9,2,0,1
408,2.1216216216216215,0.7836456634635528,"[17, 14, 5]",9,6,6,2,1,1
409,2.081081081081081,0.7802440172329329,"[14, 5, 17]",9,9,2,1,1,2
410,2.0495495495495497,0.8413922822600971,"[14, 5]",9,7,7,5,0,0
411,2.1216216216216215,0.7836456634635528,"[14, 5, 17]",9,8,6,0,1,1
412,2.1216216216216215,0.8120033218180284,"[26, 17, 5, 14]",9,7,7,3,0,0
413,2.0045045045045047,0.8265818387665632,"[5, 14, 29]",8,6,9,6,1,0
414,2.1666666666666665,0.7635157231038845,"[26, 14, 17, 5]",8,6,6,0,0,1
415,2.1216216216216215,0.8230728656412046,"[5, 17, 4, 14]",9,8,9,4,0,1
416,2.1621621621621623,0.8076617335536502,"[14, 5, 29, 17]",9,8,7,3,0,2
417,2.09009009009009,0.7907788651491059,"[5, 17, 29, 14]",8,8,7,2,0,2
418,1.9774774774774775,0.7695782102310241,"[5, 14, 17, 29]",6,8,5,2,0,1
419,2.1036036036036037,0.8310085382083572,"[5, 14, 17]",8,8,9,6,0,1
420,2.1621621621621623,0.8076617335536502,"[14, 5, 26]",9,8,6,2,0,0
421,2.0495495495495497,0.7799958085365829,"[14, 26, 5, 17]",9,7,5,1,0,1
422,2.0495495495495497,0.7972093718726632,"[14, 25, 5]",7,7,9,4,0,1
423,1.9954954954954955,0.8374587056625687,"[5, 17, 14]",9,7,7,4,0,2
424,1.9774774774774775,0.7927482050973127,"[17, 14, 5]",9,7,9,1,1,1
425,2.130630630630631,0.8380426227880986,"[14, 5]",6,6,7,3,0,2
426,2.1036036036036037,0.7687832459562146,"[17, 5, 14, 26, 29]",9,8,9,1,0,0
427,2.0585585585585586,0.8245079123091277,"[17, 14, 5]",9,7,7,2,0,2
428,2.045045045045045,0.8003097521080377,"[26, 17, 5, 14]",7,6,7,4,0,1
429,2.2387387387387387,0.762072806960007,"[5, 14]",9,7,6,0,0,2
430,2.0765765765765765,0.8393549510954819,"[17, 26, 5, 14]",9,7,9,4,1,0
431,2.144144144144144,0.7884556971499849,"[14, 17, 5, 26]",7,8,9,0,0,0
432,2.1036036036036037,0.7919764985689902,"[29, 14, 26, 5]",6,6,7,3,0,1
433,2.0225225225225225,0.804082871473036,"[17, 5, 14]",9,6,9,3,0,1
434,2.099099099099099,0.7664332972834004,"[5, 14, 17]",8,8,2,1,1,1
435,2.09009009009009,0.7964803747250548,"[5, 17, 14]",9,8,6,2,0,2
436,2.0675675675675675,0.7610022163187308,"[14, 5, 17]",9,7,3,3,1,1
437,2.1126126126126126,0.8188522059717599,"[5, 14, 29]",9,7,6,3,0,1
438,2.171171171171171,0.7535601640175105,"[17, 5, 14]",9,8,5,0,0,2
439,2.0135135135135136,0.842747766807538,"[14, 5]",8,6,7,3,0,0
440,2.0675675675675675,0.8071694761865497,"[5, 26, 14, 17]",9,8,9,1,0,1
441,2.108108108108108,0.7942252134106665,"[5, 17, 14]",9,7,5,1,0,1
442,2.09009009009009,0.8298672362830699,"[5, 14, 17]",5,8,2,3,1,2
443,2.063063063063063,0.7819141066723375,"[14, 5]",9,7,2,0,1,1
444,2.036036036036036,0.7950972839868216,"[5, 29, 17, 14]",9,7,7,0,1,1
445,2.0675675675675675,0.778635790667876,"[14, 17, 29, 5, 26]",8,8,9,1,0,1
446,2.0720720720720722,0.8531200306154558,"[14, 5, 17]",6,8,9,4,0,1
447,2.1621621621621623,0.7849320867592706,"[5, 26, 14]",7,7,9,3,0,0
448,2.108108108108108,0.7885073974678759,"[17, 14, 5]",9,8,9,2,0,2
449,2.108108108108108,0.8222180722870905,"[14, 5, 26]",9,7,9,2,0,1
450,2.0,0.8015821459161773,"[3, 5, 14, 17]",9,7,0,2,0,2
451,2.0675675675675675,0.812756013230862,"[26, 5, 17, 14]",9,6,7,3,0,1
452,2.0675675675675675,0.8401316598136305,"[17, 5, 14]",9,7,7,5,0,1
453,2.099099099099099,0.8233575995527498,"[14, 5, 26, 17]",8,7,6,3,0,1
454,2.0585585585585586,0.8022556964196215,"[14, 5, 17]",8,7,9,2,0,1
455,2.0945945945945947,0.8156099056293362,"[5, 17, 28, 26, 14]",9,8,7,3,0,1
456,2.081081081081081,0.8253356386786131,"[14, 5, 17, 29]",9,6,9,3,0,0
457,2.1486486486486487,0.784737309693129,"[17, 26, 5, 14]",5,7,2,1,1,2
458,2.09009009009009,0.790778865149106,"[5, 17, 14]",9,8,7,2,0,1
459,2.130630630630631,0.7763813021301699,"[14, 5, 17]",7,8,7,1,0,1
460,2.1576576576576576,0.7474904681121162,"[5, 17, 14, 26]",9,7,7,0,0,1
461,2.1171171171171173,0.7986270882211046,"[5, 17, 14]",9,7,8,1,0,0
462,2.126126126126126,0.7383130719180148,"[5, 14]",9,8,7,0,0,1
463,2.1216216216216215,0.7542225514309098,"[5, 14, 17]",7,8,7,1,0,2
464,2.0405405405405403,0.8033727972057582,"[17, 14, 5]",4,8,9,3,1,0
465,2.1531531531531534,0.7751595742672911,"[14, 17, 5]",6,7,9,0,0,1
466,2.0045045045045047,0.8320380459656691,"[14, 26, 5, 17]",9,7,9,4,0,1
467,2.0855855855855854,0.8054505326308168,"[14, 5, 29]",5,7,7,0,0,2
468,2.108108108108108,0.8055390972066664,"[14, 5, 17]",8,7,7,2,0,2
469,1.9684684684684686,0.7981292586297672,"[17, 5, 14]",9,8,3,4,1,1
470,2.0945945945945947,0.8100430509578108,"[17, 14, 5]",9,7,9,3,0,1
471,2.126126126126126,0.8467891671026985,"[14, 5, 26, 17, 29]",4,6,8,3,0,1
472,2.018018018018018,0.8125929892570567,"[17, 5, 14]",8,8,9,3,0,1
473,2.126126126126126,0.82513804814701,"[14, 17, 5]",7,8,7,2,0,1
474,2.108108108108108,0.7999021586249626,"[14, 26, 17, 5]",9,7,7,2,0,1
475,2.1531531531531534,0.7867476807017356,"[5, 17, 14]",8,7,8,1,0,2
476,2.081081081081081,0.8253356386786131,"[17, 5, 14, 26]",9,8,9,5,0,0
477,2.1171171171171173,0.7986270882211047,"[14, 5, 17]",7,8,6,2,1,1
478,2.081081081081081,0.8142968555519062,"[14, 17, 29, 5]",9,8,7,1,0,1
479,2.1126126126126126,0.7849970017082109,"[14, 5, 26, 17]",9,8,9,0,0,1
480,2.0675675675675675,0.7669251247662161,"[14, 26, 5, 17]",9,8,9,1,0,1
481,2.0405405405405403,0.7977205510293364,"[14, 5, 17, 29]",9,8,7,2,0,0
482,2.126126126126126,0.7858144706037581,"[14, 29, 5]",6,6,6,0,0,1
483,2.1036036036036037,0.8033220535980014,"[14, 17, 5]",7,7,9,0,0,2
484,2.0405405405405403,0.8255949044857464,"[14, 17, 5, 26]",9,7,9,5,0,0
485,2.1036036036036037,0.8310085382083572,"[14, 17, 5]",6,7,8,5,0,2
486,2.1126126126126126,0.8352653808771114,"[5, 17, 14, 26]",6,7,9,2,0,2
487,2.0720720720720722,0.7926324970155456,"[17, 26, 14, 5]",7,8,7,2,0,1
488,2.0405405405405403,0.8255949044857465,"[5, 14, 17, 29, 26]",9,7,9,2,0,1
489,2.09009009009009,0.790778865149106,"[17, 14, 5]",5,8,5,1,0,1
490,2.045045045045045,0.8335432453407354,"[5, 14, 17, 26]",9,8,6,3,0,1
491,2.0225225225225225,0.8207914384685621,"[5, 14, 29, 17, 26]",9,7,2,2,1,1
492,1.9954954954954955,0.7987419279094045,"[14, 5, 17, 29]",9,6,3,2,1,1
493,2.09009009009009,0.8021413597850569,"[5, 14, 17, 26]",9,7,6,2,0,1
494,2.054054054054054,0.7940712191846122,"[14, 5]",6,8,7,3,0,1
495,2.099099099099099,0.7664332972834004,"[17, 5, 14]",9,8,7,0,0,2
496,2.099099099099099,0.7781513649001827,"[5, 14]",9,7,9,1,0,1
497,2.054054054054054,0.822069321843126,"[28, 29, 26, 14, 5]",9,8,9,5,0,1
498,2.1621621621621623,0.790675758184048,"[5, 17, 14]",8,8,9,0,0,2
499,2.1621621621621623,0.790675758184048,"[14, 5, 17, 29]",9,8,7,0,0,1
500,2.0225225225225225,0.7927482050973126,"[14, 26, 17, 5]",4,7,9,1,0,1
501,2.0315315315315314,0.7809359719041846,"[14, 5, 17]",9,8,7,1,0,2
502,2.09009009009009,0.7792507080877088,"[5, 14, 17]",6,8,9,2,0,1
503,2.099099099099099,0.8010734309154447,"[5, 17, 14]",7,8,9,4,0,1
504,2.0225225225225225,0.8425542596687265,"[5, 17, 14]",8,7,9,3,0,1
505,2.018018018018018,0.7842566527683642,"[5, 14, 17]",8,7,9,2,0,1
506,2.054054054054054,0.7940712191846122,"[17, 14, 5, 26]",8,6,9,4,0,1
507,2.081081081081081,0.8087209625118332,"[14, 5, 26]",7,8,9,4,0,0
508,2.135135135135135,0.8126431539630501,"[14, 5, 17]",7,8,5,4,0,1
509,2.1126126126126126,0.8077248217762688,"[14, 5, 17]",6,8,9,2,0,1
510,2.1126126126126126,0.8021032439517056,"[14, 26, 5]",6,8,9,3,0,0
511,2.1171171171171173,0.8209776617321233,"[17, 14, 5, 26]",9,6,9,2,0,0
512,1.9774774774774775,0.8371665943707142,"[14, 5, 17]",9,7,7,1,1,2
513,2.063063063063063,0.8158972439879524,"[5, 17, 14]",6,6,9,2,0,0
514,2.189189189189189,0.8403135970702004,"[5, 14, 17, 26]",7,6,9,3,0,0
515,2.0585585585585586,0.779368402884738,"[17, 5, 14]",6,8,5,1,0,1
516,2.054054054054054,0.8649833292965049,"[5, 17, 14, 29]",9,7,7,6,0,2
517,2.0675675675675675,0.8347283582492867,"[5, 14]",9,6,9,2,0,1
518,2.0855855855855854,0.7410823498121172,"[14, 5, 17, 29]",9,8,5,0,0,1
519,2.0315315315315314,0.8037786307414236,"[14, 5, 17]",5,6,7,1,0,1
520,2.0675675675675675,0.8238154432603442,"[14, 5, 17]",9,8,9,4,0,1
521,2.0315315315315314,0.8422639156025566,"[5, 17, 14]",5,6,9,3,0,1
522,2.018018018018018,0.8236546082558096,"[14, 17, 29, 5]",6,8,9,4,0,1
523,2.1486486486486487,0.8018490920936296,"[5, 14, 17, 29, 26]",9,8,9,2,0,2
524,2.1486486486486487,0.8404227405187052,"[14, 17, 26, 5]",9,8,9,5,0,1
525,2.0405405405405403,0.7977205510293364,"[5, 14, 26, 17]",9,8,9,4,0,0
526,2.0585585585585586,0.8408106913731084,"[5, 17, 14]",6,6,7,3,0,1
527,2.0720720720720722,0.7983207682885088,"[5, 17, 14, 26]",7,7,9,4,0,1
528,2.0945945945945947,0.8044376735642,"[17, 14, 5, 26]",6,7,7,6,0,1
529,2.1666666666666665,0.7982824700322463,"[5, 17, 26, 14, 29]",9,7,6,2,0,2
530,2.1486486486486487,0.8074724393111101,"[14, 5, 26]",9,7,6,3,0,1
531,2.126126126126126,0.7800350046341565,"[5, 14, 17]",9,7,9,1,0,1
532,2.130630630630631,0.8049949037575448,"[14, 5, 17]",8,7,6,2,0,2
533,2.130630630630631,0.7936732624728556,"[14, 29, 17, 5]",9,8,9,1,0,1
534,2.1216216216216215,0.8007807734531345,"[5, 17, 14, 26]",7,8,9,2,0,1
535,2.063063063063063,0.7819141066723375,"[5, 17, 14]",5,8,7,1,0,1
536,2.045045045045045,0.7773651679208455,"[14, 26, 5, 29]",9,8,9,1,0,1
537,2.0675675675675675,0.8238154432603442,"[14, 5, 17]",7,8,9,5,0,0
538,2.130630630630631,0.8049949037575448,"[14, 17, 5]",9,7,9,4,0,0
539,1.990990990990991,0.790160021544356,"[14, 5, 26, 17]",5,8,9,0,0,1
540,2.1126126126126126,0.8133075442101599,"[14, 5, 29, 17, 26]",9,7,7,1,0,1
541,2.081081081081081,0.7744229804648938,"[14, 5, 26, 17]",7,7,9,1,0,1
542,2.054054054054054,0.8384195198005503,"[5, 17, 26, 14]",9,7,9,7,0,0
543,2.189189189189189,0.7960708205780501,"[5, 17, 14, 4]",9,8,9,1,0,1
544,2.081081081081081,0.756691239149206,"[14, 5, 17]",9,7,9,0,0,1
545,2.1666666666666665,0.7752778901388584,"[5, 17, 14]",4,7,4,1,1,1
546,2.144144144144144,0.776893067839427,"[5, 14]",9,7,9,1,0,2
547,2.1981981981981984,0.8051847804544445,"[14, 17, 5]",6,8,6,1,0,0
548,2.1036036036036037,0.7862423293933887,"[14, 5, 17, 26]",9,8,7,3,0,1
549,2.108108108108108,0.8385653699399157,"[14, 5, 17, 26]",9,8,9,3,0,1
550,2.1396396396396398,0.7630350542322416,"[5, 29, 14, 17]",9,7,2,1,1,1
551,2.0585585585585586,0.8022556964196214,"[5, 14, 26]",9,7,9,3,0,1
552,2.108108108108108,0.8166962621684045,"[17, 5, 14]",9,7,9,3,0,0
553,2.0315315315315314,0.7633555337763428,"[5, 17, 14, 29]",9,6,7,0,0,1
554,2.1216216216216215,0.7720109962648976,"[17, 14, 5, 26]",9,7,9,0,0,1
555,2.09009009009009,0.851398100114585,"[14, 17, 29, 5]",9,8,9,5,0,1
556,2.1171171171171173,0.7336604900962727,"[17, 14, 5]",5,8,4,0,1,1
557,2.0945945945945947,0.8266311545496013,"[17, 5, 14]",6,7,6,3,0,1
558,2.09009009009009,0.8298672362830699,"[14, 26, 17, 5]",9,8,2,4,1,1
559,2.1126126126126126,0.755626510858771,"[17, 5, 14, 26]",9,8,9,0,0,1
560,1.9774774774774775,0.7984356520350697,"[5, 17, 14]",9,7,5,1,0,1
561,2.036036036036036,0.823060483671462,"[5, 17, 14, 26]",9,9,9,5,0,1
562,1.9954954954954955,0.7873303753121176,"[14, 5]",8,8,9,2,1,1
563,2.0765765765765765,0.8175069656619901,"[14, 5, 17]",9,8,9,2,0,0
564,2.054054054054054,0.78259156245517,"[32, 17, 14, 5]",9,8,9,1,0,1
565,2.0855855855855854,0.8221313044655548,"[14, 5, 29]",6,8,7,4,0,1
566,2.108108108108108,0.8222180722870905,"[17, 5, 14, 29]",7,6,7,2,0,2
567,2.0945945945945947,0.8266311545496013,"[5, 14, 17]",7,8,9,3,0,1
568,2.0855855855855854,0.8330662814527708,"[14, 5, 17]",9,7,9,3,0,1
569,2.1126126126126126,0.7907402016127277,"[14, 17, 5, 26]",9,7,7,2,1,0
570,2.0720720720720722,0.8370570263550434,"[17, 5, 26, 14]",9,8,7,5,0,0
571,1.9774774774774775,0.8096907051164531,"[26, 14, 5]",9,8,9,1,1,1
572,2.0315315315315314,0.7981292586297672,"[5, 14, 26]",8,6,9,3,0,0
573,2.130630630630631,0.77638130213017,"[17, 14, 5]",9,7,9,1,0,1
574,2.0765765765765765,0.7950588304542312,"[17, 5, 14, 29]",9,7,7,2,0,0
575,2.175675675675676,0.8297321397592969,"[14, 17, 5, 26]",9,7,9,5,1,1
576,2.130630630630631,0.7936732624728556,"[5, 14]",9,8,9,2,0,0
577,2.0225225225225225,0.7984356520350697,"[17, 14, 5, 26]",9,8,6,2,0,1
578,2.054054054054054,0.8330051124854692,"[5, 17, 14, 29]",6,7,7,2,0,1
579,2.054054054054054,0.8275552813385176,"[5, 26, 17, 14]",9,8,7,4,0,1
580,2.1126126126126126,0.8021032439517056,"[14, 5, 26]",9,6,6,3,0,0
581,2.1036036036036037,0.8033220535980015,"[17, 26, 14, 5, 29]",9,7,8,2,0,1
582,2.0945945945945947,0.7873821495197958,"[28, 17, 5, 14]",9,8,9,4,0,0
583,2.1171171171171173,0.7756327294653673,"[17, 5, 14, 26]",8,8,9,1,1,1
584,2.054054054054054,0.8165465058157807,"[28, 5, 14]",9,8,9,2,0,1
585,2.09009009009009,0.8077626723447155,"[5, 14, 26, 17]",9,8,9,4,0,1
586,2.063063063063063,0.7761055962029545,"[14, 5, 17]",5,9,2,0,1,2
587,1.9684684684684686,0.8149598976316993,"[5, 17, 14]",8,7,7,4,0,0
588,2.1621621621621623,0.7791460755651709,"[17, 14, 5, 26]",8,8,9,0,0,2
589,2.063063063063063,0.8377872091227945,"[17, 14, 5, 29]",9,7,9,4,0,0
590,2.027027027027027,0.8234071084430594,"[5, 17, 14, 26]",9,7,5,5,0,1
591,2.036036036036036,0.8285398804747766,"[5, 14, 26, 29]",9,7,9,2,1,1
592,2.1036036036036037,0.8200461225223119,"[5, 14, 29, 17]",9,7,9,4,0,2
593,2.135135135135135,0.8181923181249439,"[5, 17, 14]",6,8,9,2,0,0
594,2.0675675675675675,0.778635790667876,"[17, 14, 5]",4,8,7,1,0,1
595,2.1216216216216215,0.7893986949703475,"[5, 17, 14]",8,8,6,1,0,2
596,2.0855855855855854,0.8438595717326783,"[14, 26, 5]",9,6,9,3,0,1
597,2.081081081081081,0.8031063574959483,"[14, 26, 17, 5]",9,8,7,2,0,0
598,2.0675675675675675,0.8183044120610503,"[5, 17, 14, 26]",7,7,7,3,0,2
599,2.0135135135135136,0.8264831983725526,"[14, 5, 17]",6,6,9,5,0,1
600,2.054054054054054,0.7650491698963249,"[14, 5]",7,8,9,1,1,1
601,2.099099099099099,0.8122919359626525,"[5, 29, 14]",9,6,2,2,1,0
602,2.018018018018018,0.7957122877791637,"[14, 5, 17]",9,8,9,2,0,1
603,2.063063063063063,0.8047290011151731,"[26, 14, 17, 5]",9,7,9,2,0,0
604,2.063063063063063,0.8103323632877316,"[14, 5]",9,8,9,1,0,1
605,2.0315315315315314,0.7692603231043579,"[14, 17, 5]",5,6,3,0,1,0
606,2.0315315315315314,0.775120131630109,"[14, 17, 5]",5,8,5,0,0,1
607,2.0315315315315314,0.8422639156025565,"[5, 17, 14, 26]",9,7,9,4,0,2
608,2.099099099099099,0.8609681486738398,"[14, 26, 5]",9,7,7,6,0,1
609,2.0585585585585586,0.8190015407218109,"[14, 5, 17, 26]",9,8,9,1,0,2
610,2.0945945945945947,0.8266311545496013,"[17, 14, 5]",5,8,8,4,0,0
611,2.0675675675675675,0.812756013230862,"[5, 14, 17]",9,7,2,2,1,1
612,2.1126126126126126,0.7675095904442579,"[14, 5, 17]",9,8,7,1,0,1
613,2.1486486486486487,0.8186032541826025,"[14, 17, 26, 5]",9,8,9,3,0,0
614,2.0720720720720722,0.7926324970155456,"[14, 5, 17]",9,8,9,2,0,1
615,2.009009009009009,0.8401195292622845,"[5, 14]",8,8,2,3,2,1
616,2.0675675675675675,0.7958787695220654,"[5, 14, 17]",7,7,6,2,0,1
617,2.099099099099099,0.8233575995527498,"[5, 14, 17]",9,8,9,3,0,1
618,1.990990990990991,0.790160021544356,"[17, 14, 29, 5]",9,7,7,0,0,1
619,2.045045045045045,0.817095478255875,"[14, 5, 17]",9,7,9,2,0,1
620,2.0495495495495497,0.8520801136971612,"[14, 5, 17]",7,7,7,6,0,1
621,2.054054054054054,0.7940712191846122,"[5, 14, 17]",6,8,7,3,0,1
622,2.0405405405405403,0.8145596348957616,"[17, 5, 14]",9,7,9,4,0,1
623,2.063063063063063,0.7819141066723374,"[14, 5]",9,8,9,1,0,1
624,2.0855855855855854,0.7998129698620862,"[5, 14, 17]",7,7,9,3,0,0
625,2.063063063063063,0.7761055962029546,"[17, 5, 14, 26]",6,8,3,4,1,0
626,2.0405405405405403,0.8200958313253229,"[28, 14, 17, 5]",9,7,9,4,0,1
627,2.1126126126126126,0.8243595750523395,"[17, 14, 5]",8,7,9,4,1,1
628,2.0765765765765765,0.8230233366445513,"[5, 14, 26]",7,7,9,1,0,1
629,2.108108108108108,0.7942252134106665,"[14, 17, 5, 26]",5,7,7,2,0,1
630,2.1171171171171173,0.8154474522049158,"[5, 14]",7,8,7,3,0,2
631,2.126126126126126,0.8085193116017014,"[5, 14, 17]",5,7,6,2,0,2
632,2.0405405405405403,0.7920279690635249,"[5, 14]",8,8,7,1,0,0
633,2.099099099099099,0.7839447177267498,"[14, 5, 17, 29]",9,8,5,2,0,1
634,2.0225225225225225,0.8207914384685621,"[5, 14, 17]",9,8,9,3,0,1
635,2.0225225225225225,0.7695782102310241,"[5, 14, 29, 17]",9,8,5,0,1,1
636,2.0405405405405403,0.8089855530513882,"[14, 5, 17]",9,8,2,4,1,1
637,2.1036036036036037,0.8089351615256727,"[17, 14, 29, 5]",9,8,6,2,0,1
638,2.0720720720720722,0.8206796842272748,"[17, 5, 14]",7,7,9,3,0,0
639,2.099099099099099,0.8122919359626525,"[5, 14, 17]",8,7,6,3,0,0
640,2.0,0.8238525545716346,"[14, 28, 5, 17]",6,8,9,3,0,2
641,2.09009009009009,0.8021413597850569,"[5, 14, 17]",9,6,9,1,0,1
642,2.1621621621621623,0.7849320867592706,"[17, 14, 5, 29]",9,7,7,1,1,1
643,2.045045045045045,0.7889208780403245,"[14, 5, 17]",7,7,9,2,0,1
644,2.09009009009009,0.8133451349760029,"[32, 14, 5]",7,7,7,3,0,1
645,2.0945945945945947,0.8211390210654653,"[5, 17, 14]",5,7,9,3,0,1
646,2.0945945945945947,0.8428928680081326,"[14, 5, 17]",9,7,5,5,0,2
647,2.108108108108108,0.7942252134106665,"[14, 5, 17]",9,8,9,1,0,1
648,2.144144144144144,0.8276537939608937,"[5, 17, 14, 26]",9,8,7,3,0,1
649,2.0495495495495497,0.8028652168061973,"[14, 5, 26, 17, 29]",9,8,9,2,0,1
650,2.0765765765765765,0.8447286592061115,"[5, 14, 17, 26]",9,8,7,4,0,1
651,2.1396396396396398,0.8201952398933812,"[5, 17, 14]",6,7,7,4,0,1
652,2.108108108108108,0.8277030458752436,"[5, 14]",4,8,9,5,0,0
653,2.09009009009009,0.796480374725055,"[17, 5, 14]",9,8,9,1,0,1
654,2.099099099099099,0.7664332972834004,"[14, 5, 17, 26]",9,8,7,0,0,1
655,2.108108108108108,0.7532896344219971,"[26, 5, 14, 17]",6,7,7,0,0,0
656,2.184684684684685,0.7593398178351377,"[14, 5, 26]",7,7,6,1,0,1
657,2.144144144144144,0.7651557301266483,"[5, 14, 17]",7,8,2,1,1,1
658,2.135135135135135,0.7843086298803125,"[17, 5, 14]",5,8,7,2,0,2
659,2.0765765765765765,0.833946617100185,"[14, 5, 17]",9,7,5,2,0,0
660,1.990990990990991,0.790160021544356,"[14, 17, 5]",8,8,7,2,0,1
661,2.135135135135135,0.8181923181249441,"[5, 14]",9,8,9,3,0,0
662,2.126126126126126,0.8085193116017013,"[14, 5, 17]",5,8,9,4,0,2
663,1.990990990990991,0.8182919579375431,"[17, 14, 5]",9,8,9,4,0,0
664,2.0315315315315314,0.7867088190490744,"[5, 14, 17]",9,8,5,1,0,2
665,2.0675675675675675,0.7958787695220654,"[5, 14, 26]",9,8,9,1,0,1
666,2.0945945945945947,0.7521116983856038,"[5, 14, 17, 26]",3,8,9,0,0,0
667,2.054054054054054,0.7825915624551699,"[14, 5, 17]",9,7,9,2,0,1
668,2.009009009009009,0.7786227020423082,"[5, 17, 14]",4,7,7,2,0,1
669,2.144144144144144,0.7941738853197862,"[5, 17, 26, 14]",5,8,6,1,0,1
670,2.09009009009009,0.818889542212372,"[5, 14]",6,7,9,4,0,1
671,2.09009009009009,0.796480374725055,"[29, 14, 5, 17]",9,7,7,2,0,0
672,2.063063063063063,0.8214244253142176,"[5, 14]",9,7,9,4,1,1
673,2.054054054054054,0.7940712191846122,"[14, 17, 5, 26]",7,7,9,1,0,1
674,1.927927927927928,0.8039687946906964,"[5, 17, 14]",9,7,5,2,0,1
675,2.1126126126126126,0.8077248217762689,"[5, 17, 14]",6,8,8,0,0,1
676,2.0765765765765765,0.7835936423759049,"[14, 28, 17, 5]",9,7,9,2,0,0
677,2.126126126126126,0.8414286183431283,"[5, 14, 17]",7,7,9,3,0,1
678,2.0405405405405403,0.7688362691472533,"[14, 29, 17, 5]",9,8,7,0,0,0
679,1.9504504504504505,0.808481496456733,"[14, 17, 5]",9,6,5,2,0,0
680,2.1531531531531534,0.8038166671303404,"[14, 26, 5]",4,8,9,3,0,2
681,2.130630630630631,0.7879514412758253,"[14, 26, 17, 5]",7,7,5,2,0,2
682,2.0675675675675675,0.8347283582492867,"[17, 5, 14]",9,6,9,4,0,1
683,2.0675675675675675,0.7901729190628471,"[5, 17, 14, 26]",9,7,9,2,0,0
684,2.1126126126126126,0.7907402016127275,"[14, 17, 5]",9,7,7,2,0,0
685,2.1126126126126126,0.749614334279264,"[14, 5, 26]",3,9,6,2,0,2
686,2.189189189189189,0.7846204202443995,"[5, 14, 26]",5,8,6,1,0,1
687,2.09009009009009,0.835301983483672,"[5, 17, 26, 14]",6,7,9,4,0,1
688,2.175675675675676,0.7614841683723097,"[14, 5, 17, 26]",5,8,9,0,0,2
689,2.0135135135135136,0.8154599497711779,"[14, 5, 17]",4,7,7,4,0,2
690,2.1486486486486487,0.813056894689843,"[17, 5, 14, 29, 26]",9,8,6,1,0,1
691,2.054054054054054,0.810986080277772,"[5, 14, 17]",7,8,9,0,0,1
692,2.1666666666666665,0.7694192830846545,"[5, 17, 14, 29]",8,7,6,0,0,0
693,2.0585585585585586,0.8022556964196215,"[17, 5, 14]",9,7,7,3,0,0
694,2.1621621621621623,0.7849320867592706,"[5, 14, 17, 26]",6,7,6,0,0,2
695,2.018018018018018,0.8345696263418312,"[17, 5, 14]",5,6,9,4,0,1
696,2.108108108108108,0.8055390972066664,"[14, 5, 17]",9,8,7,3,0,2
697,2.09009009009009,0.8298672362830699,"[17, 14, 5, 26]",7,8,7,2,0,1
698,2.018018018018018,0.8453437222359055,"[29, 14, 5]",6,7,9,1,0,1
699,2.1036036036036037,0.7919764985689902,"[14, 26, 29, 5]",7,7,9,3,0,3
700,2.1171171171171173,0.8480879611463807,"[14, 5, 29]",7,8,9,5,0,1
701,2.144144144144144,0.7941738853197862,"[14, 26, 17, 5]",5,8,9,3,0,1
702,2.09009009009009,0.8188895422123721,"[14, 17, 5]",9,8,7,5,0,0
703,1.990990990990991,0.7669118362786903,"[17, 14, 5]",9,6,9,1,0,1
704,2.0405405405405403,0.8255949044857465,"[5, 14, 17, 29]",9,7,2,3,1,1
705,2.1396396396396398,0.8034742748070984,"[5, 17, 26, 14]",7,8,9,1,0,1
706,2.099099099099099,0.7781513649001827,"[14, 5, 26, 29]",9,8,3,1,1,1
707,2.1396396396396398,0.7806227099272528,"[14, 17, 5]",7,8,9,3,0,2
708,2.0765765765765765,0.7719581911351322,"[5, 14, 17]",5,8,9,3,0,1
709,2.1576576576576576,0.7654353801500418,"[14, 17, 5]",8,8,7,0,0,1
710,2.063063063063063,0.8591196091304081,"[14, 5, 17]",9,6,9,4,0,0
711,2.081081081081081,0.8142968555519062,"[5, 17, 14]",6,8,5,2,0,1
712,2.099099099099099,0.7781513649001827,"[5, 14]",4,8,9,2,0,2
713,2.0765765765765765,0.833946617100185,"[14, 5]",9,8,7,3,0,1
714,2.1036036036036037,0.7862423293933886,"[17, 5, 14]",7,8,9,0,0,0
715,2.1216216216216215,0.7601982838987519,"[14, 5, 17]",6,6,6,1,0,1
716,2.1936936936936937,0.7689423045605281,"[14, 5, 17, 26, 29]",7,8,9,0,0,1
717,2.1666666666666665,0.7810925557792853,"[14, 17, 5]",9,8,7,2,0,1
718,2.130630630630631,0.7705310847342124,"[17, 5, 14]",5,8,2,1,1,0
719,2.1126126126126126,0.7964419879703689,"[17, 5, 14]",9,7,9,2,0,1
720,2.018018018018018,0.801378698667744,"[17, 5, 14]",9,7,9,3,0,0
721,2.184684684684685,0.765275592649835,"[17, 26, 14, 5]",9,8,9,1,0,1
722,1.990990990990991,0.812743474086136,"[14, 17, 5, 29]",6,8,9,3,0,0
723,2.130630630630631,0.8271734341105516,"[5, 14]",6,8,9,2,1,1
724,2.0675675675675675,0.8183044120610503,"[17, 5, 14]",7,7,2,1,1,1
725,2.0585585585585586,0.7735407769855775,"[14, 28, 5, 26]",9,7,2,0,1,1
726,2.1486486486486487,0.813056894689843,"[14, 17, 5]",8,8,9,4,0,1
727,2.045045045045045,0.817095478255875,"[14, 5, 26]",9,8,5,2,0,1
728,2.0675675675675675,0.8015440034905214,"[5, 17, 14]",9,7,5,0,0,1
729,2.09009009009009,0.7964803747250548,"[14, 17, 5]",8,7,7,2,0,0
730,2.1396396396396398,0.809086326687362,"[14, 5, 17]",9,6,6,2,0,1
731,2.1126126126126126,0.7675095904442579,"[14, 5, 26, 17]",9,9,7,2,0,1
732,2.0675675675675675,0.7958787695220654,"[29, 17, 14, 5]",7,7,7,2,1,1
733,2.1036036036036037,0.7804660317876018,"[5, 17, 14]",6,7,2,0,1,2
734,2.1216216216216215,0.7661274075493342,"[17, 14, 5]",9,8,6,0,0,1
735,2.081081081081081,0.8031063574959483,"[5, 14, 17]",6,8,9,1,0,0
736,2.09009009009009,0.8188895422123721,"[14, 17, 5]",9,8,7,3,1,1
737,2.0585585585585586,0.8078762134098192,"[14, 17, 5]",6,7,7,2,0,0
738,2.0225225225225225,0.8317440309221362,"[17, 5, 14]",9,7,7,3,0,1
739,2.171171171171171,0.7713638843380377,"[5, 17, 14]",6,8,9,2,0,1
740,2.045045045045045,0.8443304384922279,"[5, 14, 29]",9,7,7,4,0,1
741,2.1126126126126126,0.7907402016127275,"[17, 5, 14]",7,7,9,0,0,1
742,2.0720720720720722,0.7869031081203346,"[17, 5, 14]",9,7,9,1,0,0
743,1.990990990990991,0.812743474086136,"[14, 5, 17]",9,7,4,3,1,1
744,2.027027027027027,0.845102574399809,"[17, 5, 14]",9,7,9,4,0,2
745,2.0585585585585586,0.8245079123091277,"[5, 17, 29, 14]",8,7,9,1,0,1
746,1.9684684684684686,0.8149598976316995,"[17, 5, 14]",9,8,5,3,0,1
747,2.1126126126126126,0.7964419879703689,"[5, 26, 14, 17]",8,7,7,4,0,0
748,2.099099099099099,0.8396827127005977,"[5, 17, 14, 26]",6,8,7,6,0,1
749,1.9774774774774775,0.804082871473036,"[17, 14, 5]",9,6,9,2,0,0
750,2.1036036036036037,0.7976694478549707,"[17, 5, 14]",9,7,9,2,0,1
751,2.09009009009009,0.8243966618688147,"[17, 5, 14]",9,8,9,2,0,1
752,1.936936936936937,0.7990863479500622,"[14, 5, 17]",9,7,9,2,0,0
753,2.135135135135135,0.8014295653216825,"[5, 14]",5,6,7,2,0,1
754,2.0135135135135136,0.7986398490019414,"[14, 5, 17]",9,8,9,3,0,1
755,2.09009009009009,0.8021413597850569,"[14, 5, 17, 26]",6,8,7,1,0,0
756,2.09009009009009,0.7556669709816429,"[5, 17, 14]",5,8,7,0,0,1
757,2.036036036036036,0.7836326585153965,"[5, 14, 17, 26]",8,8,9,2,0,1
758,2.0855855855855854,0.7826566715314205,"[5, 17, 14, 29]",9,8,6,1,0,1
759,2.0855855855855854,0.8166089076336228,"[14, 17, 5, 29]",4,6,9,3,0,1
760,2.0495495495495497,0.8251009946545251,"[14, 5]",5,7,7,3,0,2
761,2.108108108108108,0.8166962621684045,"[17, 5, 26, 14]",8,6,9,0,0,1
762,2.108108108108108,0.7652090046771133,"[5, 14, 29, 26]",9,8,9,1,0,1
763,2.108108108108108,0.7885073974678759,"[14, 5, 29]",8,7,7,1,0,2
764,2.0675675675675675,0.7610022163187307,"[14, 5, 17]",9,7,9,1,0,1
765,2.09009009009009,0.8188895422123721,"[14, 5, 17, 29]",9,8,6,1,0,0
766,2.0675675675675675,0.82928985180689,"[14, 17, 5]",9,8,7,5,0,1
767,2.0495495495495497,0.8195986076270692,"[5, 14]",8,6,5,3,0,0
768,2.0495495495495497,0.797209371872663,"[14, 5]",8,8,6,0,0,1
769,2.054054054054054,0.810986080277772,"[14, 17, 29, 5]",9,8,5,2,0,0
770,2.126126126126126,0.7800350046341565,"[17, 14, 5, 26]",9,8,5,2,0,3
771,2.0135135135135136,0.7986398490019414,"[17, 5, 14]",6,8,9,2,0,2
772,2.0945945945945947,0.7873821495197958,"[5, 14, 17]",6,8,5,1,0,4
773,2.0225225225225225,0.8152599657211406,"[5, 26, 14]",4,8,9,2,0,1
774,2.09009009009009,0.796480374725055,"[14, 17, 5]",9,8,2,1,1,1
775,2.0675675675675675,0.812756013230862,"[14, 5, 26]",8,8,9,2,0,0
776,2.1171171171171173,0.8534066812470366,"[14, 17, 5, 26]",6,7,9,5,0,1
777,2.063063063063063,0.7643561662904482,"[5, 17, 14]",9,7,7,1,0,2
778,2.0855855855855854,0.8054505326308168,"[17, 14, 5]",5,6,7,2,0,0
779,2.1126126126126126,0.8243595750523394,"[14, 17, 29, 5]",9,7,5,4,0,1
780,2.081081081081081,0.8142968555519061,"[14, 5, 17]",9,7,9,1,0,2
781,2.1216216216216215,0.828552180559849,"[5, 14, 17]",5,7,7,3,0,2
782,2.126126126126126,0.8521159940278893,"[32, 5, 14, 17, 29]",9,8,7,6,0,1
783,2.0945945945945947,0.793108077841898,"[14, 5]",9,8,6,2,0,1
784,2.108108108108108,0.7885073974678759,"[14, 5, 26]",9,8,5,2,0,1
785,2.081081081081081,0.8198348264848099,"[17, 5, 14]",8,7,7,3,0,1
786,2.126126126126126,0.7564757189969709,"[14, 17, 5]",9,6,7,0,0,1
787,2.0765765765765765,0.7719581911351323,"[5, 17, 14]",7,8,9,0,0,0
788,2.0765765765765765,0.760144658173241,"[5, 14, 17]",9,8,2,1,1,1
789,2.144144144144144,0.7941738853197862,"[14, 5, 17, 26]",7,8,9,0,0,1
790,1.981981981981982,0.834569626341831,"[14, 5, 17]",9,6,7,3,0,0
791,2.09009009009009,0.8077626723447154,"[14, 5]",9,7,4,3,1,0
792,2.0675675675675675,0.8183044120610503,"[17, 5, 14]",7,7,5,3,0,1
793,2.063063063063063,0.7990863479500622,"[14, 17, 5, 26]",9,8,7,1,0,0
794,2.09009009009009,0.835301983483672,"[14, 29, 5]",4,7,9,4,0,1
795,2.1216216216216215,0.7720109962648976,"[17, 5, 14, 26]",6,7,7,1,0,2
796,1.9954954954954955,0.809992725221495,"[5, 17, 29, 14]",6,8,7,2,0,0
797,2.0045045045045047,0.8640520542584837,"[14, 5, 17]",9,7,9,5,0,1
798,2.1171171171171173,0.7756327294653673,"[5, 14, 17]",9,7,3,2,1,1
799,1.990990990990991,0.8182919579375432,"[14, 5, 17]",9,7,9,3,0,0
800,2.1396396396396398,0.7921309000193595,"[5, 14, 17, 26]",6,8,2,3,1,2
801,2.036036036036036,0.823060483671462,"[14, 5, 17]",9,7,9,3,0,1
802,2.1171171171171173,0.7458935998114044,"[5, 17, 14, 26]",1,8,5,1,1,2
803,2.0315315315315314,0.7924396126678963,"[28, 5, 14, 26]",9,8,9,2,0,1
804,2.0,0.8183417732943565,"[14, 5, 17, 29]",7,6,7,2,0,1
805,2.1531531531531534,0.7924781932931759,"[5, 26, 17, 14]",6,8,9,1,0,2
806,2.027027027027027,0.817893325855459,"[14, 17, 5]",5,8,9,2,0,1
807,2.0405405405405403,0.8033727972057582,"[17, 5, 14]",9,7,9,4,0,0
808,2.036036036036036,0.78938578480206,"[5, 17, 14]",9,7,9,1,0,0
809,2.171171171171171,0.7414535543665463,"[26, 17, 5, 14]",7,8,7,0,0,1
810,2.0720720720720722,0.7811316968436159,"[5, 14, 17, 29]",9,8,9,0,0,1
811,2.1126126126126126,0.8298303939577832,"[17, 14, 5]",8,7,7,3,0,0
812,2.0135135135135136,0.7579427367052547,"[17, 5, 14, 26]",8,8,3,2,1,1
813,2.081081081081081,0.8087209625118331,"[5, 17, 14]",9,6,2,1,1,1
814,2.0405405405405403,0.7920279690635249,"[5, 17, 14]",9,8,9,0,0,1
815,1.972972972972973,0.8067527161203685,"[5, 17, 14]",9,8,7,2,0,1
816,2.036036036036036,0.766114105225155,"[5, 14, 17]",7,7,2,0,1,1
817,2.045045045045045,0.8115388141244638,"[14, 26, 17, 5]",9,7,9,3,0,0
818,2.0585585585585586,0.8022556964196214,"[14, 5, 17]",9,7,9,2,0,1
819,1.972972972972973,0.8343253644387617,"[14, 5, 17]",9,7,7,3,0,1
820,2.018018018018018,0.8612521872196459,"[5, 17, 14]",7,7,5,4,0,1
821,2.1396396396396398,0.7921309000193595,"[14, 5]",9,8,9,0,0,1
822,2.0855855855855854,0.7941353870744925,"[5, 14]",9,7,9,1,0,2
823,2.0855855855855854,0.8166089076336227,"[14, 5, 17, 29]",6,8,9,3,0,1
824,2.0945945945945947,0.7699489126659286,"[5, 10, 26, 14]",9,8,7,1,0,1
825,2.0585585585585586,0.7617517877551315,"[14, 17, 26, 5]",9,8,9,0,0,1
826,2.1126126126126126,0.7792114725382481,"[14, 17, 26, 5, 4]",9,8,7,1,0,1
827,2.0405405405405403,0.7805182613287018,"[17, 14, 5]",9,8,8,0,0,0
828,2.1621621621621623,0.790675758184048,"[14, 5]",9,8,6,1,0,1
829,2.081081081081081,0.8142968555519062,"[14, 5, 17, 29]",6,8,6,2,0,1
830,2.1171171171171173,0.7638760262677337,"[17, 26, 5, 14]",4,8,6,0,0,1
831,2.0225225225225225,0.7984356520350697,"[14, 5, 17, 29]",9,8,5,4,1,3
832,2.126126126126126,0.8306037396108408,"[5, 14, 17, 26]",9,8,6,2,0,1
833,2.045045045045045,0.8335432453407354,"[5, 17, 14, 29]",9,6,9,3,0,1
834,2.171171171171171,0.765475321813453,"[5, 14, 17, 26]",6,7,9,1,0,2
835,1.90990990990991,0.7964803747250548,"[5, 14, 17]",9,8,7,2,0,1
836,2.0675675675675675,0.8508353268009727,"[14, 5]",7,6,5,5,0,0
837,2.099099099099099,0.7954048453227989,"[14, 5, 17]",9,8,9,1,0,0
838,2.144144144144144,0.7472041020221154,"[29, 14, 5, 26, 17]",6,8,7,1,0,1
839,2.054054054054054,0.7767881177453528,"[5, 17, 14]",9,7,6,0,0,1
840,2.0045045045045047,0.82108937541723,"[17, 26, 14, 5]",7,6,7,3,0,0
841,2.027027027027027,0.845102574399809,"[5, 29, 17, 14]",9,7,9,4,0,0
842,2.09009009009009,0.835301983483672,"[14, 5, 17]",7,7,7,5,0,0
843,2.0585585585585586,0.7908948444176503,"[5, 14, 17]",7,7,6,3,0,0
844,2.027027027027027,0.812342119259643,"[17, 5, 14]",9,7,7,3,0,1
845,2.045045045045045,0.8443304384922277,"[17, 5, 14]",8,7,7,6,0,0
846,2.045045045045045,0.765635067630325,"[1, 14, 5, 17]",0,8,5,0,0,2
847,2.0720720720720722,0.8039687946906964,"[14, 5]",7,7,3,3,1,1
848,2.0225225225225225,0.8040828714730361,"[5, 14, 17]",9,8,7,3,0,0
849,2.0855855855855854,0.849204775399029,"[14, 17, 5, 29]",9,8,7,5,0,0
850,2.063063063063063,0.8158972439879524,"[14, 5]",9,7,9,2,0,0
851,2.0720720720720722,0.8039687946906964,"[17, 5, 14]",9,7,9,1,0,0
852,2.0765765765765765,0.760144658173241,"[29, 14, 17, 5]",7,8,7,2,0,1
853,2.0765765765765765,0.7950588304542312,"[5, 17, 26, 14]",9,8,9,2,0,0
854,2.1486486486486487,0.7904823963758245,"[32, 5, 17, 14]",9,8,9,1,0,2
855,2.1216216216216215,0.8007807734531345,"[5, 17, 26, 14]",8,7,5,1,0,2
856,2.09009009009009,0.7792507080877089,"[17, 5, 14]",9,8,9,1,0,1
857,1.981981981981982,0.8070053236714507,"[5, 17, 29, 14]",9,6,6,2,0,1
858,2.1531531531531534,0.7924781932931759,"[5, 14, 17]",9,8,6,1,1,1
859,2.036036036036036,0.8007680467893786,"[5, 14, 17]",9,6,9,3,0,0
860,2.0225225225225225,0.7636758788299721,"[14, 5, 17]",9,8,9,0,0,1
861,2.1126126126126126,0.8077248217762689,"[14, 5, 17]",9,8,6,4,0,1
862,2.1486486486486487,0.7553567213218727,"[5, 14, 17]",7,7,9,0,0,2
863,2.0720720720720722,0.8151474531320843,"[5, 26, 14, 17]",7,6,9,2,0,1
864,2.0045045045045047,0.8099927252214951,"[5, 17, 29, 14]",7,8,7,2,0,1
865,2.099099099099099,0.7723145556962921,"[5, 14, 17]",7,7,8,2,0,1
866,2.036036036036036,0.7836326585153964,"[17, 5, 14]",7,8,9,1,0,1
867,2.063063063063063,0.8158972439879524,"[14, 5]",9,8,5,4,0,2
868,2.099099099099099,0.8396827127005977,"[14, 17, 5, 29]",9,7,9,4,0,0
869,2.045045045045045,0.8115388141244637,"[14, 5, 17]",9,6,7,2,0,0
870,2.0495495495495497,0.7915131135022023,"[5, 17, 14, 26]",8,8,7,1,0,1
871,2.009009009009009,0.7727894528136424,"[17, 14, 5, 26]",5,8,5,1,0,1
872,2.1126126126126126,0.8298303939577832,"[17, 5, 14]",6,8,7,4,0,0
873,2.171171171171171,0.7830081669895772,"[5, 14, 17, 26]",6,6,9,0,0,1
874,2.1171171171171173,0.7929410143792941,"[5, 14]",9,7,7,2,0,0
875,2.081081081081081,0.7917577116385401,"[5, 17, 14]",8,8,2,1,1,1
876,2.036036036036036,0.8393913753717447,"[14, 5, 17, 26]",9,7,9,5,0,0
877,2.1171171171171173,0.7986270882211046,"[5, 14, 17]",8,8,9,2,1,1
878,2.1621621621621623,0.8242977599835243,"[5, 14, 17]",9,8,8,1,0,1
879,2.0765765765765765,0.8007298655844591,"[5, 17, 14]",6,8,5,4,0,1
880,2.0945945945945947,0.7699489126659286,"[14, 17, 5]",7,8,9,2,0,1
881,2.027027027027027,0.8067527161203686,"[17, 5, 14]",9,7,9,3,0,1
882,2.130630630630631,0.77638130213017,"[17, 5, 14, 21]",9,8,7,0,0,1
883,2.099099099099099,0.7781513649001827,"[3, 14, 29, 5, 17]",5,9,0,2,0,2
884,2.1216216216216215,0.7836456634635528,"[26, 17, 5, 14]",8,7,7,1,1,1
885,2.0855855855855854,0.8276168531016577,"[17, 14, 5]",9,6,7,2,0,1
886,2.0315315315315314,0.7692603231043579,"[28, 5, 17, 14]",9,8,7,1,0,1
887,2.0675675675675675,0.8561369791617309,"[14, 17, 5, 26]",8,6,7,3,0,1
888,2.0720720720720722,0.8316337484822821,"[5, 14, 17, 29]",9,8,6,5,0,1
889,2.0945945945945947,0.7873821495197958,"[5, 17, 14]",7,7,9,0,1,2
890,2.1036036036036037,0.7919764985689902,"[14, 17, 5]",8,8,2,2,1,1
891,2.1396396396396398,0.7806227099272529,"[5, 14, 17]",8,8,7,2,0,1
892,2.130630630630631,0.7405871209813208,"[17, 14, 5]",9,8,7,1,0,1
893,2.099099099099099,0.8178434831834329,"[5, 17, 14]",9,8,7,2,0,1
894,2.1126126126126126,0.784997001708211,"[17, 5, 26, 14]",9,8,6,1,0,1
895,2.0720720720720722,0.8039687946906964,"[14, 17, 26, 5]",8,6,7,2,0,0
896,2.1036036036036037,0.7804660317876017,"[14, 17, 5]",9,7,7,3,0,1
897,2.0855855855855854,0.8166089076336227,"[14, 17, 5]",9,8,7,4,0,1
898,2.018018018018018,0.8345696263418311,"[17, 5, 14]",9,6,5,6,0,0
899,1.954954954954955,0.7889208780403245,"[14, 17, 5]",6,8,7,1,0,1
900,2.0945945945945947,0.793108077841898,"[5, 14, 17, 29]",9,7,6,1,0,2
901,2.1216216216216215,0.828552180559849,"[14, 5, 17, 26]",9,8,9,4,0,1
902,2.0225225225225225,0.7984356520350697,"[26, 14, 5, 17]",8,8,9,1,0,1
903,2.027027027027027,0.7782037497913458,"[14, 5, 29]",9,8,3,1,1,1
904,1.9594594594594594,0.820095831325323,"[5, 14, 17]",8,7,5,2,0,1
905,2.0675675675675675,0.8347283582492867,"[17, 14, 5, 29]",4,8,7,4,0,0
906,2.0495495495495497,0.8520801136971612,"[5, 17, 14]",9,6,5,5,0,0
907,2.0855855855855854,0.849204775399029,"[14, 5, 17, 29]",9,7,7,4,0,1
908,2.1396396396396398,0.7806227099272528,"[5, 26, 17, 14]",5,8,6,3,0,1
909,2.135135135135135,0.8237040992943557,"[14, 5, 26, 17]",7,8,7,4,0,1
910,2.1126126126126126,0.7675095904442579,"[5, 14, 29, 17, 26]",9,8,7,0,0,2
911,2.018018018018018,0.7900052348985382,"[17, 14, 5]",1,8,9,2,1,1
912,2.0945945945945947,0.8100430509578108,"[17, 14, 5]",7,8,7,2,0,2
913,2.018018018018018,0.7784656213705153,"[5, 14, 17]",9,8,9,1,0,1
914,2.027027027027027,0.8011243169520794,"[5, 17, 14]",9,6,5,1,0,1
915,2.0585585585585586,0.779368402884738,"[5, 17, 14]",7,8,5,0,0,1
916,2.0945945945945947,0.8100430509578107,"[5, 14, 17]",7,8,7,4,0,1
917,2.081081081081081,0.8031063574959483,"[14, 17, 5, 29]",7,8,7,1,0,1
918,2.099099099099099,0.7954048453227989,"[5, 17, 14]",9,8,9,2,0,1
919,2.0765765765765765,0.8393549510954819,"[5, 17, 26, 14]",6,7,7,5,0,1
920,2.0720720720720722,0.8206796842272748,"[5, 14, 17, 29, 26]",9,8,9,2,0,1
921,2.1171171171171173,0.7872138708948209,"[5, 26, 14, 17]",7,7,7,2,0,1
922,2.1981981981981984,0.7707294519749036,"[14, 5, 17, 29]",8,8,6,1,0,1
923,1.9594594594594594,0.792027969063525,"[17, 5, 14]",9,7,5,1,0,1
924,2.135135135135135,0.8070558356937625,"[5, 14, 26]",6,7,9,1,0,2
925,2.036036036036036,0.8175443633380667,"[5, 28, 14]",8,8,9,1,0,1
926,2.0,0.807207352795575,"[14, 17, 5]",7,7,5,2,0,1
927,2.045045045045045,0.8280969557349606,"[17, 5, 14]",9,6,2,3,1,1
928,1.990990990990991,0.7786227020423082,"[17, 14, 5]",7,8,5,0,0,1
929,2.0855855855855854,0.7998129698620862,"[5, 14]",9,7,7,2,0,1
930,2.081081081081081,0.8142968555519062,"[14, 5, 17, 26]",7,6,7,3,0,0
931,2.009009009009009,0.8347161491742124,"[14, 5, 17]",9,8,9,4,1,1
932,2.09009009009009,0.7734221953755527,"[14, 17, 26, 5]",5,9,7,2,0,1
933,1.9864864864864864,0.8154599497711779,"[28, 17, 14, 5]",9,7,6,2,0,2
934,2.081081081081081,0.7974522228289,"[17, 14, 5, 29]",8,8,9,1,0,1
935,2.1621621621621623,0.8242977599835243,"[17, 5, 14, 29]",9,7,9,2,0,2
936,2.09009009009009,0.840701598290031,"[5, 14]",8,8,9,4,0,1
937,2.126126126126126,0.7972477216785111,"[5, 14, 26, 17]",6,7,7,2,0,1
938,2.0855855855855854,0.7884169196867215,"[14, 17, 5, 26]",9,8,9,1,0,1
939,2.1171171171171173,0.8154474522049158,"[14, 5]",8,7,7,2,0,0
940,2.171171171171171,0.7595411078735326,"[14, 17, 5]",9,8,8,1,0,1
941,2.081081081081081,0.8362287151158745,"[14, 5, 17, 26]",9,8,7,6,0,0
942,2.0855855855855854,0.7941353870744926,"[5, 26, 17, 14]",9,8,2,1,1,1
943,2.108108108108108,0.8111368632260447,"[14, 17, 5]",9,7,5,3,0,1
944,2.0765765765765765,0.7777976746020019,"[14, 17, 5]",9,8,6,0,1,1
945,2.0225225225225225,0.8152599657211406,"[14, 5, 17]",9,8,7,5,0,1
946,2.009009009009009,0.8401195292622843,"[5, 14, 17]",9,7,9,3,0,0
947,2.1216216216216215,0.7836456634635528,"[14, 28, 17, 5]",4,7,9,3,0,2
948,2.0405405405405403,0.8255949044857465,"[17, 5, 14]",9,8,9,2,0,0
949,2.081081081081081,0.8142968555519062,"[14, 17, 5]",9,8,9,2,0,1
950,2.099099099099099,0.7664332972834004,"[17, 14, 5]",9,8,5,0,0,1
951,2.018018018018018,0.801378698667744,"[17, 14, 5]",4,7,9,2,0,0
952,2.0585585585585586,0.8134578968508721,"[17, 5, 14]",9,7,5,2,0,2
953,2.1621621621621623,0.8076617335536502,"[5, 17, 14]",7,8,8,0,0,1
954,2.108108108108108,0.7999021586249626,"[5, 14, 17]",9,8,5,3,1,1
955,2.1171171171171173,0.7814447547802416,"[5, 17, 14]",9,8,9,0,0,1
956,2.1486486486486487,0.7904823963758244,"[14, 5]",6,8,2,3,1,1
957,2.0720720720720722,0.7694590179486329,"[17, 14, 5]",8,8,5,0,0,1
958,2.0225225225225225,0.7984356520350697,"[5, 17, 14]",9,8,9,0,0,0
959,2.0,0.778675055224552,"[5, 14, 17]",9,7,5,1,0,1
960,2.045045045045045,0.7831643365554003,"[17, 14, 5]",9,7,5,1,0,1
961,2.1126126126126126,0.8021032439517055,"[5, 14, 17]",6,8,6,3,0,1
962,2.1576576576576576,0.7887270860114184,"[14, 17, 5]",5,8,7,1,0,3
963,2.0720720720720722,0.8151474531320843,"[14, 5, 17, 26]",8,8,7,2,0,2
964,2.108108108108108,0.8546000239465454,"[14, 29, 5, 26]",9,8,9,4,0,1
965,2.0765765765765765,0.8285029791239055,"[17, 14, 5]",8,7,7,4,0,2
966,2.054054054054054,0.8275552813385176,"[17, 14, 5]",9,6,7,3,0,1
967,2.0315315315315314,0.8037786307414236,"[14, 5, 17, 26]",8,6,7,3,0,1
968,2.081081081081081,0.8031063574959483,"[5, 32, 14, 26]",8,8,9,4,0,1
969,2.081081081081081,0.8087209625118331,"[17, 5, 14]",9,7,9,2,0,1
970,1.945945945945946,0.8053872662568292,"[5, 29, 17, 14]",9,7,7,1,0,1
971,1.954954954954955,0.8496726799892614,"[17, 29, 14, 5]",9,8,7,6,0,1
972,2.018018018018018,0.850679600366267,"[5, 14]",5,7,9,3,0,1
973,1.9234234234234233,0.8230233366445513,"[5, 17, 14]",9,6,5,3,0,0
974,1.990990990990991,0.8071568502552311,"[14, 17, 5]",9,7,7,3,0,0
975,2.108108108108108,0.7999021586249626,"[5, 26, 14, 17, 29]",9,7,9,2,0,2
976,2.0135135135135136,0.8042856346904996,"[5, 17, 14]",9,8,9,2,0,1
977,2.054054054054054,0.7709409874398377,"[14, 5, 17, 26, 29]",9,7,7,2,0,1
978,2.036036036036036,0.777836981466073,"[14, 5, 26, 17]",9,8,8,2,0,1
979,2.081081081081081,0.8253356386786131,"[5, 17, 14]",8,7,9,4,0,0
980,2.0675675675675675,0.8401316598136305,"[14, 5]",9,6,9,2,0,1
981,2.1126126126126126,0.7792114725382481,"[5, 14, 17]",9,9,6,1,0,1
982,2.0405405405405403,0.8310575913066944,"[28, 5, 17, 14]",9,7,9,3,0,0
983,2.126126126126126,0.8140965857860756,"[5, 17, 14, 26]",9,7,7,2,0,3
984,2.081081081081081,0.8198348264848097,"[14, 5, 29]",9,7,9,3,0,0
985,1.9189189189189189,0.8087209625118332,"[14, 17, 5]",9,7,5,3,0,0
986,2.0945945945945947,0.7338410492616975,"[5, 17, 14, 29]",9,8,3,0,1,2
987,2.0765765765765765,0.7893470530302839,"[5, 14, 17]",9,8,9,0,0,1
988,2.1216216216216215,0.7661274075493341,"[14, 17, 5, 26]",5,8,9,0,0,1
989,2.054054054054054,0.7767881177453528,"[14, 5, 17, 26]",7,7,7,1,0,1
990,2.099099099099099,0.7664332972834004,"[17, 14, 5]",7,8,9,1,1,2
991,2.0315315315315314,0.8149598976316995,"[14, 5, 17, 29, 26]",9,7,3,3,1,1
992,2.1171171171171173,0.8154474522049158,"[14, 5, 26, 17]",7,6,9,1,0,1
993,2.1981981981981984,0.7407935065612108,"[5, 14]",6,8,9,0,0,1
994,2.0405405405405403,0.8310575913066945,"[14, 5, 17]",9,7,9,4,0,1
995,2.0045045045045047,0.7639960895623064,"[5, 17, 14]",9,8,9,0,0,1
996,2.054054054054054,0.8220693218431261,"[14, 5, 17]",9,7,7,6,0,1
997,2.0675675675675675,0.8183044120610503,"[5, 14, 29]",8,7,7,2,0,2
998,2.0045045045045047,0.804386997132654,"[14, 5, 17]",9,6,9,1,0,1
999,2.0495495495495497,0.8305669299554027,"[28, 5, 14, 26, 17]",9,7,9,2,0,1
1000,2.1936936936936937,0.7510811850099081,"[5, 14, 26, 17]",8,8,9,0,0,1
