Elève,0
PERS_0001,0.0
PERS_0002,0.0
PERS_0003,2.0
PERS_0004,0.0
PERS_0005,0.0
PERS_0006,0.0
PERS_0007,0.0
PERS_0008,0.0
PERS_0009,0.0
PERS_0010,0.0
PERS_0011,0.0
PERS_0012,0.0
PERS_0013,0.0
PERS_0014,0.0
PERS_0015,6.0
PERS_0016,0.0
PERS_0017,0.0
PERS_0018,0.0
PERS_0019,0.0
PERS_0020,0.0
PERS_0021,0.0
PERS_0022,0.0
PERS_0023,0.0
PERS_0024,0.0
PERS_0025,2.0
PERS_0026,0.0
PERS_0027,0.0
PERS_0028,0.0
PERS_0029,0.0
PERS_0030,0.0
PERS_0031,9.0
PERS_0032,0.0
PERS_0033,33.0
PERS_0034,0.0
PERS_0035,0.0
PERS_0036,0.0
PERS_0037,0.0
PERS_0038,0.0
PERS_0039,0.0
PERS_0040,0.0
PERS_0041,0.0
PERS_0042,0.0
PERS_0043,0.0
PERS_0044,0.0
PERS_0045,0.0
PERS_0046,0.0
PERS_0047,0.0
PERS_0048,0.0
PERS_0049,0.0
PERS_0050,0.0
PERS_0051,0.0
PERS_0052,0.0
PERS_0053,0.0
PERS_0054,0.0
PERS_0055,0.0
PERS_0056,0.0
PERS_0057,0.0
PERS_0058,0.0
PERS_0059,0.0
PERS_0060,0.0
PERS_0061,0.0
PERS_0062,0.0
PERS_0063,0.0
PERS_0064,0.0
PERS_0065,0.0
PERS_0066,0.0
PERS_0067,0.0
PERS_0068,0.0
PERS_0069,0.0
PERS_0070,0.0
PERS_0071,0.0
PERS_0072,0.0
PERS_0073,0.0
PERS_0074,0.0
PERS_0075,0.0
PERS_0076,0.0
PERS_0077,0.0
PERS_0078,0.0
PERS_0079,0.0
PERS_0080,0.0
PERS_0081,3.0
PERS_0082,0.0
PERS_0083,0.0
PERS_0084,0.0
PERS_0085,0.0
PERS_0086,0.0
PERS_0087,0.0
PERS_0088,0.0
PERS_0089,0.0
PERS_0090,0.0
PERS_0091,0.0
PERS_0092,0.0
PERS_0093,0.0
PERS_0094,0.0
PERS_0095,1.0
PERS_0096,0.0
PERS_0097,0.0
PERS_0098,0.0
PERS_0099,0.0
PERS_0100,0.0
PERS_0101,0.0
PERS_0102,0.0
PERS_0103,0.0
PERS_0104,0.0
PERS_0105,0.0
PERS_0106,0.0
PERS_0107,0.0
PERS_0108,0.0
PERS_0109,0.0
PERS_0110,0.0
PERS_0111,0.0
PERS_0112,0.0
PERS_0113,0.0
PERS_0114,0.0
PERS_0115,0.0
PERS_0116,6.0
PERS_0117,0.0
PERS_0118,0.0
PERS_0119,0.0
PERS_0120,0.0
PERS_0121,0.0
PERS_0122,28.0
PERS_0123,0.0
PERS_0124,0.0
PERS_0125,0.0
PERS_0126,0.0
PERS_0127,0.0
PERS_0128,0.0
PERS_0129,0.0
PERS_0130,0.0
PERS_0131,0.0
PERS_0132,0.0
PERS_0133,0.0
PERS_0134,0.0
PERS_0135,1.0
PERS_0136,0.0
PERS_0137,0.0
PERS_0138,0.0
PERS_0139,0.0
PERS_0140,0.0
PERS_0141,0.0
PERS_0142,0.0
PERS_0143,0.0
PERS_0144,0.0
PERS_0145,0.0
PERS_0146,2.0
PERS_0147,18.0
PERS_0148,19.0
PERS_0149,0.0
PERS_0150,12.0
PERS_0151,0.0
PERS_0152,2.0
PERS_0153,0.0
PERS_0154,0.0
PERS_0155,0.0
PERS_0156,0.0
PERS_0157,0.0
PERS_0158,0.0
PERS_0159,0.0
PERS_0160,0.0
PERS_0161,0.0
PERS_0162,0.0
PERS_0163,0.0
PERS_0164,16.0
PERS_0165,0.0
PERS_0166,1.0
PERS_0167,0.0
PERS_0168,0.0
PERS_0169,0.0
PERS_0170,0.0
PERS_0171,1.0
PERS_0172,0.0
PERS_0173,31.0
PERS_0174,0.0
PERS_0175,0.0
PERS_0176,1.0
PERS_0177,0.0
PERS_0178,0.0
PERS_0179,3.0
PERS_0180,0.0
PERS_0181,0.0
PERS_0182,89.0
PERS_0183,0.0
PERS_0184,2.0
PERS_0185,1.0
PERS_0186,0.0
PERS_0187,0.0
PERS_0188,0.0
PERS_0189,0.0
PERS_0190,9.0
PERS_0191,47.0
PERS_0192,1.0
PERS_0193,0.0
PERS_0194,0.0
PERS_0195,0.0
PERS_0196,0.0
PERS_0197,0.0
PERS_0198,2.0
PERS_0199,0.0
PERS_0200,10.0
PERS_0201,16.0
PERS_0202,0.0
PERS_0203,0.0
PERS_0204,0.0
PERS_0205,0.0
PERS_0206,0.0
PERS_0207,0.0
PERS_0208,0.0
PERS_0209,0.0
PERS_0210,0.0
PERS_0211,0.0
PERS_0212,6.0
PERS_0213,0.0
PERS_0214,0.0
PERS_0215,0.0
PERS_0216,0.0
PERS_0217,9.0
PERS_0218,0.0
PERS_0219,0.0
PERS_0220,0.0
PERS_0221,0.0
PERS_0222,0.0
PERS_0223,0.0
