Id,Mean,Std
0,1.9921259842519685,0.7917838308500942
1,1.9763779527559056,0.8306104747593197
2,2.1023622047244093,0.7951703987225784
3,2.0708661417322833,0.788620478885462
4,2.1496062992125986,0.7875896538281516
5,2.031496062992126,0.8158840552744266
6,2.0393700787401574,0.8300083648760893
7,2.094488188976378,0.8206953194694576
8,2.015748031496063,0.8355613260909056
9,2.0236220472440944,0.8209998446448615
10,2.1102362204724407,0.8187131448793896
11,2.1181102362204722,0.7828942358817875
12,2.047244094488189,0.8531758384844114
13,1.9921259842519685,0.7506194583832656
14,2.188976377952756,0.823583762420851
15,2.078740157480315,0.8126607212232069
16,2.0708661417322833,0.8374290053984367
17,1.9606299212598426,0.7601333926707656
18,2.1181102362204722,0.8415233091335159
19,2.0708661417322833,0.8182550380758941
20,1.9921259842519685,0.7917838308500942
21,1.9763779527559056,0.8401111692228108
22,1.9763779527559056,0.7813761459212992
23,1.9291338582677164,0.8182550380758941
24,2.1338582677165356,0.8296318242928697
25,2.031496062992126,0.8060978698508189
26,2.094488188976378,0.7392947182382329
27,2.047244094488189,0.824796922735852
28,2.1338582677165356,0.8004185881527662
29,2.0236220472440944,0.8209998446448615
30,2.0551181102362204,0.819476087123858
31,2.1653543307086616,0.7844093878447864
32,2.031496062992126,0.825554242629798
33,1.9606299212598426,0.820390681255744
34,2.078740157480315,0.8126607212232069
35,2.0551181102362204,0.7797749636117882
36,2.078740157480315,0.8028352458294334
37,2.125984251968504,0.8066403575427515
38,2.078740157480315,0.8601061139092677
39,1.984251968503937,0.8260083012813958
40,1.9291338582677164,0.7682292808605408
41,1.937007874015748,0.7943054417905887
42,2.062992125984252,0.7842500360121935
43,2.1496062992125986,0.7976029580500336
44,2.0236220472440944,0.8112753718891451
45,2.204724409448819,0.7594754108182472
46,2.188976377952756,0.8138901632593115
47,2.0,0.7559289460184544
48,2.0551181102362204,0.809733315045647
49,1.8818897637795275,0.8029130814247327
50,2.236220472440945,0.8013549330876439
51,2.173228346456693,0.7776081376233389
52,2.0236220472440944,0.8014329124517254
53,2.078740157480315,0.8319636287513141
54,2.141732283464567,0.8330895781483211
55,2.2125984251968505,0.8030687299832223
56,2.1102362204724407,0.856611508847718
57,2.0551181102362204,0.8291043801843319
58,2.062992125984252,0.8333145854659008
59,2.0,0.8067178260046389
60,2.1181102362204722,0.7828942358817874
61,2.173228346456693,0.7977596426518887
62,2.1811023622047245,0.7808961359573408
63,1.9921259842519685,0.7917838308500941
64,2.0866141732283463,0.7666006394678041
65,2.0078740157480315,0.7611192989122028
66,2.1023622047244093,0.8436000488203542
67,2.0551181102362204,0.7486186921635859
68,2.0393700787401574,0.8008088649267264
69,1.968503937007874,0.8539079898578693
70,2.0551181102362204,0.737941007387245
71,2.094488188976378,0.8206953194694576
72,2.1496062992125986,0.8172615924146902
73,2.125984251968504,0.8066403575427517
74,2.141732283464567,0.7940693809279415
75,2.1811023622047245,0.7808961359573408
76,2.15748031496063,0.7910731795498283
77,2.1811023622047245,0.7808961359573408
78,2.0236220472440944,0.8209998446448615
79,2.0078740157480315,0.7611192989122028
80,2.031496062992126,0.7657034101308184
81,2.125984251968504,0.7558462721027462
82,2.0551181102362204,0.7998718807545352
83,2.0,0.816496580927726
84,2.0393700787401574,0.7496197427897378
85,2.236220472440945,0.7913891033561721
86,2.047244094488189,0.8343638173048653
87,2.047244094488189,0.8343638173048653
88,1.9448818897637796,0.7898873399091679
89,1.905511811023622,0.8206953194694576
90,2.015748031496063,0.8065628816402011
91,2.125984251968504,0.8066403575427515
92,1.874015748031496,0.7967406419555125
93,1.9448818897637796,0.8194760871238582
94,2.078740157480315,0.8414490450633778
95,2.125984251968504,0.835636113410464
96,2.062992125984252,0.8140437129566043
97,2.1102362204724407,0.7890957901162904
98,1.968503937007874,0.7861601262033048
99,2.0708661417322833,0.8182550380758941
100,2.1338582677165356,0.7904409531315111
101,1.984251968503937,0.796662203299949
102,1.968503937007874,0.7552673012999758
103,2.1338582677165356,0.7803357511446183
104,2.0551181102362204,0.7797749636117881
105,2.125984251968504,0.786716362274655
106,2.0,0.8357108940373449
107,2.0551181102362204,0.8573407262342624
108,2.0551181102362204,0.8386221372667555
109,2.078740157480315,0.7928880224047977
110,2.0393700787401574,0.7389565230154861
111,2.141732283464567,0.7096210641907109
112,2.0551181102362204,0.8291043801843317
113,2.125984251968504,0.8260839534591686
114,2.1023622047244093,0.8341390930154802
115,1.921259842519685,0.8028352458294334
116,2.031496062992126,0.8060978698508189
117,2.0866141732283463,0.7870340349555905
118,1.984251968503937,0.8355613260909056
119,2.047244094488189,0.8151177509302044
120,2.141732283464567,0.7840109475347066
121,2.173228346456693,0.746361419205863
122,2.1102362204724407,0.7583225688057854
123,1.9921259842519685,0.8213042569076934
124,2.1968503937007875,0.7457750850225019
125,2.0236220472440944,0.8112753718891452
126,2.0551181102362204,0.7797749636117881
127,2.0393700787401574,0.8489169084841643
128,2.0078740157480315,0.7506194583832657
129,2.141732283464567,0.773821781795558
130,2.0708661417322833,0.7886204788854619
131,2.1181102362204722,0.8127376158367322
132,2.141732283464567,0.8611952698653165
133,2.1023622047244093,0.824569591134473
134,2.078740157480315,0.7726094643006641
135,2.1102362204724407,0.8283503060126893
136,2.0708661417322833,0.8084975519218145
137,2.1102362204724407,0.8089611843131193
138,2.0866141732283463,0.7970543193857579
139,2.1023622047244093,0.814887719106538
140,2.0708661417322833,0.7886204788854618
141,1.9763779527559056,0.781376145921299
142,1.921259842519685,0.7622679112057278
143,2.0708661417322833,0.8374290053984366
144,2.015748031496063,0.8355613260909056
145,2.062992125984252,0.8237355051697056
146,2.1181102362204722,0.8415233091335159
147,1.968503937007874,0.7552673012999758
148,2.0393700787401574,0.7807360670541615
149,1.9763779527559056,0.8014329124517254
150,2.094488188976378,0.8109671950985806
151,2.188976377952756,0.8138901632593114
152,2.0551181102362204,0.7591462060299937
153,2.0393700787401574,0.8395158733682737
154,2.1023622047244093,0.764641690849758
155,2.1181102362204722,0.8415233091335161
156,1.952755905511811,0.7853648198528296
157,1.952755905511811,0.795406132824913
158,2.125984251968504,0.7558462721027462
159,2.1181102362204722,0.7929668343946948
160,2.1181102362204722,0.8693563868943914
161,1.9763779527559056,0.8209998446448614
162,1.937007874015748,0.7943054417905888
163,2.0708661417322833,0.8374290053984366
164,2.0,0.8067178260046389
165,2.078740157480315,0.8319636287513141
166,2.1181102362204722,0.802913081424733
167,2.0866141732283463,0.7666006394678039
168,2.047244094488189,0.7853648198528295
169,1.9606299212598426,0.7807360670541615
170,2.1102362204724407,0.8378766289522176
171,2.1653543307086616,0.8043905267250879
172,2.0,0.8451542547285166
173,1.984251968503937,0.8065628816402012
174,2.015748031496063,0.8065628816402012
175,2.125984251968504,0.786716362274655
176,1.9763779527559056,0.7607908054575788
177,2.0236220472440944,0.8209998446448614
178,2.1811023622047245,0.7602977991596936
179,1.968503937007874,0.8445625135359083
180,2.0393700787401574,0.8106589011527892
181,2.031496062992126,0.7861601262033048
182,2.094488188976378,0.8303094743961983
183,2.141732283464567,0.7840109475347066
184,2.047244094488189,0.7751934496559238
185,2.0,0.7867957924694432
186,2.078740157480315,0.7726094643006641
187,2.2283464566929134,0.7886997173160951
188,2.1653543307086616,0.7844093878447866
189,2.047244094488189,0.795406132824913
190,2.173228346456693,0.8076468679547301
191,1.9921259842519685,0.8213042569076934
192,2.1338582677165356,0.7597222207941559
193,2.204724409448819,0.8197810652092672
194,2.1023622047244093,0.8341390930154802
195,2.1968503937007875,0.7563421800437524
196,2.0866141732283463,0.8639483197290245
197,2.078740157480315,0.8414490450633779
198,2.125984251968504,0.8066403575427517
199,2.1338582677165356,0.8102733687672842
200,2.1811023622047245,0.7602977991596936
201,2.0393700787401574,0.8489169084841643
202,1.984251968503937,0.8450063582789237
203,1.968503937007874,0.7961914090876715
204,2.1181102362204722,0.8029130814247328
205,2.0708661417322833,0.788620478885462
206,1.968503937007874,0.7861601262033048
207,2.015748031496063,0.8260083012813956
208,2.031496062992126,0.825554242629798
209,2.0866141732283463,0.8069501867677518
210,2.0551181102362204,0.7898873399091679
211,2.078740157480315,0.8028352458294334
212,1.905511811023622,0.8768003778723926
213,1.9763779527559056,0.840111169222811
214,2.1496062992125986,0.756755188418355
215,2.1102362204724407,0.8089611843131194
216,1.9291338582677164,0.8084975519218144
217,2.0708661417322833,0.7682292808605407
218,2.0393700787401574,0.8300083648760893
219,2.188976377952756,0.784090651794307
220,2.0078740157480315,0.8017447540637024
221,2.031496062992126,0.8158840552744266
222,2.0708661417322833,0.8182550380758941
223,2.0393700787401574,0.7601333926707657
224,2.047244094488189,0.8053222535162549
225,2.0,0.8067178260046389
226,2.094488188976378,0.8492113135245684
227,2.125984251968504,0.776562694698664
228,1.937007874015748,0.7943054417905887
229,2.0078740157480315,0.7611192989122028
230,1.9448818897637796,0.7998718807545351
231,2.078740157480315,0.8414490450633778
232,1.9448818897637796,0.8097333150456472
233,2.094488188976378,0.8206953194694576
234,2.173228346456693,0.7569203286687483
235,2.1968503937007875,0.8360846968444421
236,2.0078740157480315,0.8115834316579426
237,2.0551181102362204,0.819476087123858
238,2.015748031496063,0.796662203299949
239,2.125984251968504,0.7967406419555125
240,2.0708661417322833,0.8182550380758941
241,2.0236220472440944,0.8014329124517254
242,1.8661417322834646,0.7597222207941559
243,2.078740157480315,0.822368812450982
244,2.3149606299212597,0.7421631553986942
245,2.062992125984252,0.842784797100198
246,2.0866141732283463,0.8167261596138117
247,2.0,0.8067178260046389
248,2.141732283464567,0.773821781795558
249,2.015748031496063,0.8260083012813956
250,2.1102362204724407,0.7583225688057853
251,2.2440944881889764,0.7737410197244937
252,2.1181102362204722,0.8029130814247328
253,2.078740157480315,0.8126607212232068
254,2.2440944881889764,0.7939906783774802
255,2.0551181102362204,0.8097333150456472
256,2.094488188976378,0.8109671950985806
257,2.1102362204724407,0.847295852236601
258,2.0866141732283463,0.7870340349555907
259,2.015748031496063,0.7661929382000865
260,2.0236220472440944,0.8112753718891452
261,2.078740157480315,0.8414490450633777
262,2.0551181102362204,0.8480330801253432
263,1.9763779527559056,0.7914680646038974
264,2.0551181102362204,0.7797749636117881
265,2.078740157480315,0.8126607212232068
266,2.1653543307086616,0.8043905267250879
267,2.1102362204724407,0.8089611843131193
268,2.0236220472440944,0.8306104747593197
269,2.031496062992126,0.825554242629798
270,2.0236220472440944,0.8209998446448615
271,2.1023622047244093,0.8148877191065381
272,1.9763779527559056,0.8014329124517254
273,2.094488188976378,0.7911521723284513
274,2.0551181102362204,0.8097333150456472
275,2.173228346456693,0.8174145087959358
276,2.125984251968504,0.7967406419555125
277,1.984251968503937,0.8065628816402011
278,1.9763779527559056,0.7914680646038974
279,2.141732283464567,0.7634966497033477
280,2.1496062992125986,0.8269156706153362
281,2.062992125984252,0.8333145854659008
282,2.062992125984252,0.8333145854659008
283,2.062992125984252,0.7943054417905888
284,2.094488188976378,0.7810561720561535
285,1.9763779527559056,0.7914680646038974
286,2.1023622047244093,0.8050894229075677
287,2.094488188976378,0.7911521723284513
288,2.0551181102362204,0.7797749636117879
289,2.0866141732283463,0.8167261596138117
290,2.078740157480315,0.7726094643006641
291,1.9921259842519685,0.781695988810634
292,2.0551181102362204,0.809733315045647
293,2.047244094488189,0.795406132824913
294,2.3070866141732282,0.7401395302133761
295,2.0393700787401574,0.7908361538727324
296,2.0866141732283463,0.766600639467804
297,2.015748031496063,0.7866369240594503
298,2.0,0.8357108940373449
299,2.1023622047244093,0.7951703987225786
300,2.0393700787401574,0.820390681255744
301,2.0866141732283463,0.8359351957798864
302,2.1496062992125986,0.7875896538281516
303,2.0236220472440944,0.8112753718891453
304,2.094488188976378,0.7604621701051144
305,2.1338582677165356,0.8200097243365467
306,2.141732283464567,0.7424157207132706
307,1.952755905511811,0.8151177509302044
308,2.0866141732283463,0.8167261596138117
309,2.283464566929134,0.7335241937265274
310,2.2440944881889764,0.7634147953316622
311,2.094488188976378,0.8206953194694576
312,2.188976377952756,0.823583762420851
313,1.9291338582677164,0.7986208584745024
314,2.188976377952756,0.8040797112085672
315,2.1496062992125986,0.7671710572428524
316,1.9763779527559056,0.8209998446448615
317,1.8661417322834646,0.7904409531315111
318,2.1496062992125986,0.8269156706153361
319,2.2125984251968505,0.8030687299832223
320,2.062992125984252,0.8521497697566066
321,2.0708661417322833,0.7986208584745023
322,2.173228346456693,0.7673339558660374
323,2.1181102362204722,0.7623498887196719
324,1.9921259842519685,0.8017447540637024
325,1.984251968503937,0.796662203299949
326,2.1102362204724407,0.8089611843131193
327,2.2125984251968505,0.762513817307465
328,2.188976377952756,0.784090651794307
329,2.1181102362204722,0.8029130814247329
330,2.0551181102362204,0.7591462060299937
331,2.204724409448819,0.8001843307198717
332,2.031496062992126,0.8445625135359083
333,2.047244094488189,0.7853648198528294
334,2.220472440944882,0.7550190350461964
335,2.0393700787401574,0.8008088649267264
336,2.0708661417322833,0.7578279567939465
337,2.0551181102362204,0.8291043801843317
338,2.047244094488189,0.8343638173048653
339,2.047244094488189,0.8343638173048653
340,2.0078740157480315,0.7917838308500943
341,2.0708661417322833,0.7986208584745023
342,2.173228346456693,0.7569203286687481
343,2.062992125984252,0.8042351339820702
344,2.1023622047244093,0.824569591134473
345,2.141732283464567,0.8138133775462995
346,2.078740157480315,0.8028352458294334
347,2.078740157480315,0.8126607212232068
348,2.1338582677165356,0.839143599005874
349,1.9606299212598426,0.7807360670541615
350,2.1338582677165356,0.8102733687672842
351,2.1102362204724407,0.8089611843131193
352,2.141732283464567,0.7424157207132704
353,2.0078740157480315,0.8115834316579426
354,2.047244094488189,0.8151177509302046
355,2.0866141732283463,0.8639483197290245
356,2.0236220472440944,0.8209998446448614
357,2.094488188976378,0.8303094743961983
358,2.031496062992126,0.8158840552744266
359,2.031496062992126,0.7657034101308184
360,2.0866141732283463,0.7870340349555907
361,2.0,0.816496580927726
362,1.858267716535433,0.7634966497033479
363,2.1102362204724407,0.8378766289522175
364,1.9763779527559056,0.8014329124517254
365,1.9763779527559056,0.7914680646038974
366,2.0551181102362204,0.809733315045647
367,1.9763779527559056,0.8014329124517254
368,2.1181102362204722,0.7623498887196719
369,2.188976377952756,0.7941480756787345
370,2.141732283464567,0.7840109475347066
371,2.0551181102362204,0.819476087123858
372,2.1653543307086616,0.8141972336959149
373,2.173228346456693,0.7569203286687483
374,2.078740157480315,0.7928880224047977
375,2.094488188976378,0.7810561720561535
376,2.2913385826771653,0.7979162964860257
377,2.0078740157480315,0.781695988810634
378,2.0551181102362204,0.7898873399091678
379,2.0236220472440944,0.8306104747593198
380,1.9763779527559056,0.7914680646038974
381,2.220472440944882,0.7859216188024968
382,2.0393700787401574,0.7496197427897379
383,2.015748031496063,0.8163434926014667
384,1.905511811023622,0.7604621701051143
385,2.1338582677165356,0.7803357511446183
386,2.1181102362204722,0.7929668343946951
387,1.8425196850393701,0.7707468739197344
388,2.1496062992125986,0.8074921018580797
389,2.0,0.816496580927726
390,1.968503937007874,0.825554242629798
391,2.0551181102362204,0.8194760871238582
392,2.2440944881889764,0.7634147953316621
393,2.1102362204724407,0.7990902213469194
394,2.0078740157480315,0.7291663318870087
395,2.1968503937007875,0.7972111118175659
396,2.1338582677165356,0.8200097243365467
397,2.1102362204724407,0.8187131448793895
398,2.1496062992125986,0.8172615924146902
399,2.0551181102362204,0.7898873399091679
400,2.141732283464567,0.8138133775462996
401,2.1338582677165356,0.8200097243365466
402,2.094488188976378,0.8206953194694576
403,1.984251968503937,0.796662203299949
404,2.1653543307086616,0.7742254657824275
405,2.0393700787401574,0.7807360670541615
406,1.9291338582677164,0.7784916466119078
407,1.9448818897637796,0.7695297122286764
408,2.1496062992125986,0.7976029580500336
409,2.1023622047244093,0.7749515670405427
410,2.0708661417322833,0.7886204788854619
411,1.9606299212598426,0.7908361538727325
412,2.0236220472440944,0.8112753718891451
413,2.094488188976378,0.7392947182382329
414,2.141732283464567,0.7940693809279414
415,2.125984251968504,0.8066403575427515
416,2.1653543307086616,0.8334645565974068
417,2.1181102362204722,0.8224447994054016
418,2.047244094488189,0.7853648198528296
419,2.031496062992126,0.8445625135359083
420,2.2440944881889764,0.6867976693467824
421,2.094488188976378,0.8303094743961983
422,2.062992125984252,0.8140437129566043
423,2.1181102362204722,0.7828942358817874
424,2.015748031496063,0.7764822177105521
425,2.188976377952756,0.7739025354385429
426,2.047244094488189,0.7853648198528295
427,2.0236220472440944,0.781376145921299
428,2.1102362204724407,0.8187131448793896
429,1.9291338582677164,0.8278975318296334
430,2.0078740157480315,0.8309113660840812
431,2.078740157480315,0.7726094643006641
432,1.9606299212598426,0.820390681255744
433,2.0866141732283463,0.7666006394678041
434,2.0708661417322833,0.8084975519218145
435,2.094488188976378,0.8303094743961983
436,2.0393700787401574,0.8395158733682737
437,1.9606299212598426,0.7807360670541617
438,2.1181102362204722,0.7726903446426078
439,2.0236220472440944,0.8401111692228108
440,2.0393700787401574,0.820390681255744
441,2.062992125984252,0.7842500360121932
442,2.1023622047244093,0.7219313346112035
443,2.031496062992126,0.8158840552744266
444,2.031496062992126,0.7759991805143741
445,2.0,0.8067178260046389
446,2.047244094488189,0.8151177509302046
447,2.1653543307086616,0.8615580158777233
448,2.0,0.816496580927726
449,2.1102362204724407,0.8283503060126896
450,1.9763779527559056,0.7813761459212992
451,2.1023622047244093,0.8050894229075676
452,2.0,0.7968190728895957
453,2.0866141732283463,0.745607476281196
454,2.0708661417322833,0.7886204788854619
455,2.220472440944882,0.8156542395648936
456,2.0393700787401574,0.7908361538727323
457,2.094488188976378,0.8206953194694576
458,2.0393700787401574,0.7807360670541615
459,1.9133858267716535,0.8069501867677519
460,2.0393700787401574,0.8203906812557439
461,1.9763779527559056,0.7914680646038974
462,2.0,0.8067178260046389
463,2.062992125984252,0.742668200135877
464,2.062992125984252,0.7319037092541937
465,2.1023622047244093,0.8341390930154802
466,2.078740157480315,0.7928880224047977
467,2.0078740157480315,0.7611192989122028
468,2.15748031496063,0.7707468739197344
469,2.1181102362204722,0.7726903446426078
470,2.0236220472440944,0.8401111692228109
471,2.0,0.8451542547285166
472,2.062992125984252,0.8042351339820702
473,2.047244094488189,0.7751934496559238
474,1.984251968503937,0.8355613260909056
475,2.1181102362204722,0.7195035019642592
476,2.031496062992126,0.8060978698508189
477,2.062992125984252,0.8333145854659008
478,1.9921259842519685,0.7917838308500943
479,1.9921259842519685,0.8115834316579424
480,2.0708661417322833,0.7986208584745024
481,2.0236220472440944,0.8014329124517255
482,1.9606299212598426,0.7807360670541615
483,2.0866141732283463,0.8167261596138117
484,1.8976377952755905,0.7851260708520694
485,2.047244094488189,0.8343638173048653
486,2.015748031496063,0.796662203299949
487,1.9763779527559056,0.7711521675660437
488,2.125984251968504,0.7452721457149749
489,1.968503937007874,0.7861601262033048
490,2.141732283464567,0.7530299583915774
491,2.0708661417322833,0.7986208584745023
492,2.047244094488189,0.7853648198528296
493,2.0,0.7453559924999299
494,2.047244094488189,0.8247969227358519
495,1.8425196850393701,0.7707468739197344
496,2.0551181102362204,0.7998718807545351
497,1.9921259842519685,0.8115834316579427
498,2.1338582677165356,0.8200097243365467
499,2.078740157480315,0.8319636287513141
500,2.2125984251968505,0.7931244348800822
501,2.125984251968504,0.8066403575427515
502,1.984251968503937,0.7661929382000865
503,2.0866141732283463,0.7768845192854997
504,2.062992125984252,0.8140437129566043
505,1.9291338582677164,0.7578279567939465
506,2.188976377952756,0.8040797112085672
507,2.062992125984252,0.8237355051697056
508,2.0393700787401574,0.8008088649267264
509,2.047244094488189,0.7751934496559238
510,2.015748031496063,0.8727283616056352
511,2.094488188976378,0.8206953194694576
512,2.078740157480315,0.8126607212232069
513,1.9133858267716535,0.8263864929139036
514,2.062992125984252,0.80423513398207
515,2.0236220472440944,0.8112753718891452
516,2.141732283464567,0.8040019885549412
517,2.1338582677165356,0.790440953131511
518,2.1181102362204722,0.8320387394478741
519,2.031496062992126,0.835112461526635
520,2.062992125984252,0.8333145854659008
521,2.0,0.7867957924694432
522,2.1181102362204722,0.7726903446426078
523,2.0866141732283463,0.8263864929139035
524,2.1023622047244093,0.824569591134473
525,2.1102362204724407,0.7890957901162905
526,2.0236220472440944,0.8209998446448615
527,2.047244094488189,0.8151177509302044
528,2.1811023622047245,0.8009649223899492
529,1.984251968503937,0.8635865777545644
530,1.9763779527559056,0.7711521675660437
531,2.015748031496063,0.8355613260909055
532,2.078740157480315,0.8414490450633778
533,2.2440944881889764,0.8330145622030833
534,2.078740157480315,0.7517841130144527
535,2.078740157480315,0.7828144098060377
536,2.0866141732283463,0.8263864929139036
537,2.0708661417322833,0.8374290053984365
538,2.047244094488189,0.8053222535162549
539,1.9921259842519685,0.8309113660840812
540,2.1102362204724407,0.8283503060126894
541,1.937007874015748,0.7943054417905887
542,1.9921259842519685,0.8017447540637024
543,2.1496062992125986,0.7671710572428524
544,2.078740157480315,0.8414490450633778
545,2.1181102362204722,0.7828942358817874
546,2.15748031496063,0.7707468739197344
547,1.952755905511811,0.764886833797285
548,2.094488188976378,0.7911521723284513
549,2.0551181102362204,0.819476087123858
550,2.078740157480315,0.8126607212232069
551,2.094488188976378,0.7708279496969449
552,2.094488188976378,0.7810561720561535
553,1.889763779527559,0.7687172004275831
554,2.1023622047244093,0.8050894229075677
555,2.047244094488189,0.795406132824913
556,2.1496062992125986,0.7875896538281516
557,1.9763779527559056,0.8209998446448615
558,2.031496062992126,0.8158840552744266
559,2.0078740157480315,0.7611192989122028
560,2.0393700787401574,0.7908361538727323
561,2.1496062992125986,0.7976029580500335
562,2.078740157480315,0.8508287203139573
563,2.1496062992125986,0.7671710572428524
564,1.9133858267716535,0.8167261596138116
565,2.0236220472440944,0.8014329124517254
566,2.0236220472440944,0.8112753718891452
567,2.0708661417322833,0.8182550380758941
568,1.8976377952755905,0.8245695911344731
569,2.1023622047244093,0.7851260708520693
570,2.1102362204724407,0.7890957901162904
571,1.937007874015748,0.7740640174508248
572,2.0551181102362204,0.8097333150456472
573,1.9921259842519685,0.8017447540637024
574,1.9291338582677164,0.8182550380758943
575,2.2125984251968505,0.7728520799336818
576,2.1023622047244093,0.8050894229075678
577,2.015748031496063,0.7557635891432357
578,2.031496062992126,0.7961914090876715
579,2.0078740157480315,0.8115834316579427
580,1.984251968503937,0.8260083012813957
581,2.1102362204724407,0.7890957901162905
582,1.984251968503937,0.796662203299949
583,2.078740157480315,0.8223688124509821
584,2.0078740157480315,0.8404086590229364
585,2.0551181102362204,0.8097333150456472
586,1.968503937007874,0.8060978698508189
587,2.15748031496063,0.7392101839382325
588,2.1338582677165356,0.7803357511446183
589,2.2125984251968505,0.7728520799336818
590,2.078740157480315,0.8028352458294334
591,2.1181102362204722,0.772690344642608
592,2.078740157480315,0.7828144098060377
593,2.173228346456693,0.7977596426518889
594,2.1023622047244093,0.8050894229075677
595,1.9763779527559056,0.7914680646038973
596,1.968503937007874,0.8445625135359083
597,2.0393700787401574,0.7705035954012054
598,2.1181102362204722,0.7828942358817875
599,2.078740157480315,0.7622679112057279
600,2.015748031496063,0.796662203299949
601,2.0,0.7867957924694432
602,2.094488188976378,0.801120949453354
603,2.0708661417322833,0.7682292808605408
604,1.9921259842519685,0.8309113660840813
605,2.1181102362204722,0.8320387394478741
606,2.062992125984252,0.7209785182285471
607,2.0,0.7663560447348134
608,2.094488188976378,0.8206953194694576
609,2.031496062992126,0.835112461526635
610,2.173228346456693,0.7569203286687483
611,2.062992125984252,0.7842500360121933
612,2.0393700787401574,0.7807360670541615
613,2.078740157480315,0.7928880224047977
614,2.078740157480315,0.8692845006424066
615,1.984251968503937,0.8260083012813957
616,2.0866141732283463,0.7870340349555907
617,2.094488188976378,0.7604621701051144
618,1.968503937007874,0.825554242629798
619,2.0236220472440944,0.7813761459212991
620,2.0551181102362204,0.8194760871238582
621,1.952755905511811,0.8151177509302046
622,2.0866141732283463,0.7768845192854996
623,2.173228346456693,0.8270668020559869
624,2.1338582677165356,0.8391435990058739
625,2.078740157480315,0.8126607212232068
626,1.9763779527559056,0.7914680646038975
627,2.1181102362204722,0.8320387394478741
628,2.1653543307086616,0.8238872199707287
629,2.0551181102362204,0.7998718807545351
630,2.0,0.8451542547285166
631,2.078740157480315,0.7517841130144527
632,1.984251968503937,0.7764822177105524
633,2.1653543307086616,0.7639057899983486
634,2.1023622047244093,0.8050894229075677
635,2.062992125984252,0.7943054417905888
636,2.141732283464567,0.7530299583915773
637,2.0866141732283463,0.7970543193857578
638,1.921259842519685,0.8414490450633778
639,2.1653543307086616,0.8141972336959149
640,2.1181102362204722,0.7929668343946951
641,2.031496062992126,0.7552673012999758
642,2.0866141732283463,0.8263864929139035
643,2.1102362204724407,0.7583225688057853
644,1.9291338582677164,0.7578279567939465
645,2.0078740157480315,0.7917838308500943
646,2.1102362204724407,0.7583225688057852
647,2.031496062992126,0.825554242629798
648,2.094488188976378,0.7708279496969449
649,2.0708661417322833,0.8468532074424885
650,2.094488188976378,0.8492113135245684
651,2.094488188976378,0.7911521723284513
652,2.0236220472440944,0.7813761459212991
653,2.062992125984252,0.8333145854659008
654,2.078740157480315,0.7928880224047977
655,2.0393700787401574,0.7389565230154861
656,2.078740157480315,0.7517841130144527
657,2.0393700787401574,0.8106589011527893
658,2.062992125984252,0.7842500360121935
659,2.141732283464567,0.7840109475347065
660,2.0236220472440944,0.7914680646038973
661,2.1496062992125986,0.8074921018580797
662,2.031496062992126,0.7861601262033048
663,2.094488188976378,0.8206953194694576
664,2.1338582677165356,0.7904409531315111
665,2.0708661417322833,0.7472818720037787
666,1.984251968503937,0.7966622032999489
667,2.078740157480315,0.7928880224047976
668,2.15748031496063,0.7809761581060326
669,2.062992125984252,0.8333145854659008
670,2.15748031496063,0.7809761581060327
671,1.9921259842519685,0.8115834316579426
672,1.921259842519685,0.8508287203139572
673,2.0551181102362204,0.7898873399091679
674,2.1023622047244093,0.8245695911344731
675,2.1496062992125986,0.7671710572428524
676,2.0236220472440944,0.8209998446448614
677,2.047244094488189,0.795406132824913
678,2.125984251968504,0.8356361134104638
679,2.0708661417322833,0.7986208584745023
680,2.1102362204724407,0.8378766289522175
681,2.031496062992126,0.7961914090876715
682,2.141732283464567,0.7840109475347066
683,2.078740157480315,0.8126607212232069
684,2.094488188976378,0.8398135740419459
685,2.015748031496063,0.7866369240594502
686,2.015748031496063,0.7764822177105523
687,2.062992125984252,0.7943054417905888
688,2.2598425196850394,0.8185604710981312
689,2.031496062992126,0.8631522872680828
690,2.047244094488189,0.8151177509302044
691,1.952755905511811,0.795406132824913
692,2.0708661417322833,0.7578279567939464
693,2.0236220472440944,0.8112753718891451
694,2.031496062992126,0.8722986225422684
695,2.0708661417322833,0.7886204788854618
696,2.0078740157480315,0.8863700093785943
697,2.1968503937007875,0.7770453815958034
698,2.0708661417322833,0.7886204788854618
699,1.937007874015748,0.7842500360121933
700,2.1496062992125986,0.8458933491021448
701,2.0708661417322833,0.7986208584745023
702,2.047244094488189,0.795406132824913
703,2.015748031496063,0.7661929382000865
704,2.1811023622047245,0.7808961359573408
705,2.047244094488189,0.8343638173048653
706,2.1338582677165356,0.8004185881527662
707,2.0,0.8357108940373449
708,2.094488188976378,0.8109671950985806
709,2.0078740157480315,0.8115834316579424
710,1.968503937007874,0.7657034101308184
711,2.0236220472440944,0.7813761459212991
712,2.0708661417322833,0.8561736802942768
713,2.1811023622047245,0.7283087915081257
714,2.0866141732283463,0.8263864929139036
715,2.078740157480315,0.8126607212232069
716,2.1023622047244093,0.7951703987225784
717,2.1023622047244093,0.7851260708520694
718,2.0236220472440944,0.8209998446448615
719,2.1023622047244093,0.8148877191065382
720,2.1102362204724407,0.8283503060126894
721,2.0551181102362204,0.8291043801843317
722,1.9921259842519685,0.781695988810634
723,2.031496062992126,0.8060978698508189
724,2.062992125984252,0.8140437129566043
725,1.9448818897637796,0.8480330801253432
726,2.125984251968504,0.8066403575427515
727,1.9921259842519685,0.781695988810634
728,2.0866141732283463,0.8263864929139036
729,1.9606299212598426,0.820390681255744
730,2.1023622047244093,0.7851260708520693
731,2.031496062992126,0.7759991805143741
732,2.015748031496063,0.8065628816402011
733,2.0236220472440944,0.8401111692228109
734,2.078740157480315,0.8508287203139573
735,2.094488188976378,0.8109671950985806
736,2.094488188976378,0.8492113135245684
737,2.125984251968504,0.786716362274655
738,2.1968503937007875,0.7972111118175658
739,1.9763779527559056,0.8306104747593197
740,2.078740157480315,0.8126607212232068
741,2.141732283464567,0.7530299583915773
742,1.952755905511811,0.795406132824913
743,2.125984251968504,0.8164200403528283
744,2.0708661417322833,0.7682292808605408
745,1.9921259842519685,0.8309113660840813
746,2.0866141732283463,0.7970543193857578
747,1.9291338582677164,0.8278975318296332
748,1.9763779527559056,0.781376145921299
749,2.062992125984252,0.842784797100198
750,2.125984251968504,0.776562694698664
751,2.125984251968504,0.8260839534591686
752,2.1023622047244093,0.7951703987225786
753,1.952755905511811,0.7648868337972851
754,1.968503937007874,0.8158840552744266
755,2.1496062992125986,0.756755188418355
756,1.984251968503937,0.8543469795140757
757,2.1102362204724407,0.8378766289522177
758,2.0866141732283463,0.7870340349555907
759,2.0866141732283463,0.8359351957798863
760,1.8976377952755905,0.8050894229075676
761,2.0236220472440944,0.7914680646038974
762,2.047244094488189,0.8343638173048653
763,1.984251968503937,0.7866369240594502
764,2.0551181102362204,0.7898873399091679
765,2.1181102362204722,0.812737615836732
766,2.141732283464567,0.7738217817955583
767,2.1496062992125986,0.8644545041824206
768,2.0708661417322833,0.8561736802942768
769,2.078740157480315,0.8126607212232069
770,2.141732283464567,0.7530299583915774
771,2.1023622047244093,0.7749515670405427
772,1.937007874015748,0.7943054417905887
773,2.0866141732283463,0.7870340349555904
774,2.1023622047244093,0.7851260708520693
775,2.062992125984252,0.8042351339820702
776,2.062992125984252,0.7842500360121935
777,2.0551181102362204,0.809733315045647
778,2.1496062992125986,0.7976029580500336
779,2.1338582677165356,0.7904409531315111
780,2.0708661417322833,0.7682292808605407
781,2.0708661417322833,0.8084975519218143
782,1.9763779527559056,0.8112753718891451
783,2.0393700787401574,0.8008088649267264
784,1.9921259842519685,0.781695988810634
785,2.141732283464567,0.7840109475347066
786,2.15748031496063,0.7707468739197345
787,2.173228346456693,0.7977596426518889
788,2.1181102362204722,0.8029130814247328
789,2.1338582677165356,0.800418588152766
790,2.062992125984252,0.753278880207111
791,1.9763779527559056,0.8014329124517254
792,2.0708661417322833,0.8182550380758941
793,2.0236220472440944,0.781376145921299
794,2.1181102362204722,0.7412363463058627
795,2.062992125984252,0.8333145854659008
796,2.1102362204724407,0.7990902213469194
797,2.0078740157480315,0.8404086590229364
798,2.1968503937007875,0.8168791762258546
799,2.0,0.8261595987094035
800,2.0,0.8067178260046389
801,1.9606299212598426,0.8008088649267264
802,2.188976377952756,0.7317329231804058
803,2.15748031496063,0.7603799890739019
804,2.0,0.816496580927726
805,2.094488188976378,0.7911521723284513
806,2.047244094488189,0.8247969227358519
807,2.062992125984252,0.80423513398207
808,2.0866141732283463,0.8453760508889362
809,2.094488188976378,0.7499531293940735
810,2.0393700787401574,0.8300083648760894
811,2.062992125984252,0.7740640174508246
812,1.937007874015748,0.753278880207111
813,2.141732283464567,0.8703621710020554
814,1.937007874015748,0.8427847971001979
815,1.9606299212598426,0.7705035954012053
816,1.9921259842519685,0.7917838308500942
817,2.1102362204724407,0.7477834596239671
818,2.1811023622047245,0.8301589332881897
819,2.0,0.8067178260046389
820,2.1338582677165356,0.8004185881527662
821,1.9291338582677164,0.8561736802942767
822,1.9133858267716535,0.7768845192854997
823,2.0,0.816496580927726
824,2.1811023622047245,0.8009649223899493
825,2.0078740157480315,0.781695988810634
826,2.1181102362204722,0.8415233091335159
827,2.031496062992126,0.7861601262033048
828,2.0551181102362204,0.7898873399091679
829,2.0236220472440944,0.8401111692228109
830,1.9763779527559056,0.8014329124517255
831,2.1496062992125986,0.8074921018580797
832,2.0551181102362204,0.8291043801843319
833,2.078740157480315,0.8126607212232069
834,2.1496062992125986,0.8269156706153361
835,2.0866141732283463,0.8359351957798865
836,2.0551181102362204,0.7898873399091679
837,1.968503937007874,0.8158840552744266
838,1.9133858267716535,0.8263864929139038
839,2.015748031496063,0.7451882894957823
840,2.031496062992126,0.8060978698508189
841,2.094488188976378,0.7810561720561535
842,2.0551181102362204,0.7695297122286764
843,1.984251968503937,0.8543469795140757
844,2.267716535433071,0.7812161753707596
845,2.1181102362204722,0.8029130814247329
846,2.125984251968504,0.8066403575427517
847,2.1181102362204722,0.8224447994054017
848,2.078740157480315,0.8319636287513142
849,2.1181102362204722,0.7929668343946952
850,2.1181102362204722,0.7929668343946953
851,2.1653543307086616,0.7742254657824275
852,2.1023622047244093,0.8050894229075677
853,2.1496062992125986,0.8458933491021448
854,2.0551181102362204,0.809733315045647
855,2.0551181102362204,0.8291043801843317
856,2.173228346456693,0.8460410904968793
857,2.062992125984252,0.7532788802071109
858,1.9921259842519685,0.8017447540637023
859,1.9921259842519685,0.7917838308500943
860,2.2283464566929134,0.8279730113877818
861,2.031496062992126,0.8158840552744266
862,2.0551181102362204,0.8386221372667555
863,2.0551181102362204,0.7049382120190779
864,1.952755905511811,0.8247969227358518
865,2.078740157480315,0.8028352458294336
866,2.173228346456693,0.8174145087959359
867,2.15748031496063,0.7707468739197344
868,2.094488188976378,0.7911521723284513
869,2.1102362204724407,0.8187131448793896
870,2.1811023622047245,0.780896135957341
871,2.173228346456693,0.7673339558660374
872,2.047244094488189,0.795406132824913
873,1.937007874015748,0.7532788802071109
874,1.952755905511811,0.7853648198528295
875,2.0866141732283463,0.8547126319936946
876,2.094488188976378,0.7392947182382329
877,1.9763779527559056,0.8014329124517254
878,2.0393700787401574,0.7908361538727323
879,2.1181102362204722,0.8320387394478741
880,2.141732283464567,0.8138133775462997
881,2.1102362204724407,0.8283503060126894
882,2.0078740157480315,0.771476249180504
883,2.0393700787401574,0.7908361538727324
884,2.0551181102362204,0.7998718807545351
885,1.984251968503937,0.8163434926014668
886,2.0708661417322833,0.818255038075894
887,2.1181102362204722,0.7726903446426078
888,2.0708661417322833,0.8374290053984365
889,1.968503937007874,0.8445625135359083
890,2.0708661417322833,0.8278975318296333
891,2.1181102362204722,0.8509021657558753
892,2.0078740157480315,0.8213042569076934
893,2.0236220472440944,0.7711521675660435
894,2.1102362204724407,0.7890957901162904
895,2.0393700787401574,0.820390681255744
896,2.0866141732283463,0.7870340349555907
897,2.078740157480315,0.7928880224047977
898,2.0,0.7968190728895957
899,2.0393700787401574,0.8106589011527893
900,2.0393700787401574,0.8582149692141982
901,2.094488188976378,0.801120949453354
902,2.0551181102362204,0.7998718807545351
903,1.9763779527559056,0.8112753718891451
904,2.094488188976378,0.8206953194694576
905,2.015748031496063,0.8450063582789236
906,2.031496062992126,0.8445625135359083
907,2.1968503937007875,0.8168791762258546
908,2.0,0.7663560447348134
909,2.188976377952756,0.784090651794307
910,2.0708661417322833,0.7578279567939463
911,2.0393700787401574,0.820390681255744
912,2.094488188976378,0.7392947182382329
913,2.125984251968504,0.786716362274655
914,2.031496062992126,0.835112461526635
915,2.204724409448819,0.7800954629938422
916,1.9606299212598426,0.8300083648760894
917,2.0,0.816496580927726
918,2.1023622047244093,0.7951703987225784
919,1.8818897637795275,0.8224447994054018
920,2.0393700787401574,0.8106589011527893
921,2.1181102362204722,0.7304507548164001
922,2.1338582677165356,0.7597222207941557
923,2.0078740157480315,0.8213042569076932
924,2.0551181102362204,0.809733315045647
925,2.062992125984252,0.8042351339820702
926,2.078740157480315,0.7828144098060376
927,2.1496062992125986,0.7976029580500336
928,2.094488188976378,0.7911521723284513
929,2.0078740157480315,0.8017447540637024
930,1.9921259842519685,0.8309113660840813
931,2.062992125984252,0.753278880207111
932,1.9448818897637796,0.8194760871238579
933,2.1181102362204722,0.7929668343946952
934,2.0393700787401574,0.7705035954012054
935,2.1338582677165356,0.7904409531315111
936,2.1102362204724407,0.8283503060126894
937,2.062992125984252,0.8333145854659008
938,1.9921259842519685,0.7714762491805038
939,2.1102362204724407,0.7789731382443407
940,2.1338582677165356,0.7904409531315109
941,2.1023622047244093,0.8148877191065381
942,2.047244094488189,0.8247969227358518
943,2.047244094488189,0.8151177509302044
944,2.047244094488189,0.8151177509302044
945,2.094488188976378,0.7604621701051144
946,2.031496062992126,0.7657034101308184
947,2.0,0.8067178260046389
948,2.1102362204724407,0.7890957901162904
949,2.062992125984252,0.7943054417905888
950,1.9921259842519685,0.7611192989122028
951,1.9921259842519685,0.8404086590229364
952,2.015748031496063,0.776482217710552
953,1.952755905511811,0.7853648198528296
954,2.078740157480315,0.8028352458294336
955,2.125984251968504,0.8260839534591685
956,1.9921259842519685,0.8309113660840813
957,1.9606299212598426,0.8008088649267264
958,2.1102362204724407,0.847295852236601
959,2.1102362204724407,0.7789731382443407
960,1.905511811023622,0.7810561720561535
961,2.0078740157480315,0.8017447540637024
962,2.1181102362204722,0.8320387394478741
963,1.9921259842519685,0.8404086590229362
964,2.094488188976378,0.7810561720561535
965,2.047244094488189,0.7751934496559237
966,2.0078740157480315,0.8017447540637024
967,1.984251968503937,0.8450063582789236
968,2.0393700787401574,0.8674133670034968
969,2.1023622047244093,0.8245695911344731
970,2.125984251968504,0.8066403575427515
971,2.0708661417322833,0.8182550380758941
972,2.283464566929134,0.7548534788475072
973,1.968503937007874,0.7657034101308184
974,2.0236220472440944,0.8209998446448615
975,1.9921259842519685,0.781695988810634
976,1.952755905511811,0.843822253499256
977,2.0708661417322833,0.7886204788854618
978,1.952755905511811,0.764886833797285
979,1.937007874015748,0.7532788802071108
980,2.15748031496063,0.7910731795498283
981,2.015748031496063,0.7866369240594503
982,1.9921259842519685,0.8497998176239778
983,2.1102362204724407,0.7990902213469194
984,2.1653543307086616,0.7534447823961519
985,2.078740157480315,0.8414490450633778
986,2.0393700787401574,0.7908361538727323
987,2.2755905511811023,0.773337082855552
988,2.1496062992125986,0.7671710572428524
989,2.0236220472440944,0.8112753718891452
990,2.15748031496063,0.7809761581060327
991,1.8976377952755905,0.8050894229075678
992,2.078740157480315,0.8223688124509821
993,2.0393700787401574,0.7705035954012054
994,2.0708661417322833,0.8374290053984365
995,2.047244094488189,0.8151177509302046
996,2.125984251968504,0.776562694698664
997,2.0551181102362204,0.7898873399091679
998,2.1102362204724407,0.7990902213469194
999,2.0236220472440944,0.781376145921299
