Idx,Mean,Std,Problems_nonattribue,Problems_pasassez,Problems_tropnombreux,TMnonouverts,NbEnvie1,NbEnvie2,NbEnvie3,30,190,63,120,134,73,145,50,154,174,161,200,162,24,51,67,157,104,4,217,186,228,89,2,39,60,70,122,167,183,191,192,198,203,212,57,35,105,113,116,159,216,8,22,45,72,80,87,79,92,93,97,99,102,123,175,138,148,151,163,182,221,224,14,40,12,15,34,56,66,98,128,170,201,222,78,188,195,211,208,28,55,189,197,205,207,5,21,150,42,43,68,137,136,147,176,143,193,185,194,215,226,227,26,37,52,130,146,152,54,178,7,9,118,11,219,85,91,168,1,20,61,173,177,218,31,41,109,126,44,75,76,96,106,223,230,231,107,108,158,160,210,49,64,83,110,119,127,149,165,153,181,139,213,6,10,16,135,144,155,71,88,115,166,171,180,187,202,214,25,53,65,81,84,141,156,169,18,27,46,62,69,77,86,90,95,100,101,103,111,112,114,121,131,140,184,225,33,142,164,220,23,47,94,124,179,206,59,82,132,199,209,125,172,13,117,129,58,30_TM,190_TM,63_TM,120_TM,134_TM,73_TM,145_TM,50_TM,154_TM,174_TM,161_TM,200_TM,162_TM,24_TM,51_TM,67_TM,157_TM,104_TM,4_TM,217_TM,186_TM,228_TM,89_TM,2_TM,39_TM,60_TM,70_TM,122_TM,167_TM,183_TM,191_TM,192_TM,198_TM,203_TM,212_TM,57_TM,35_TM,105_TM,113_TM,116_TM,159_TM,216_TM,8_TM,22_TM,45_TM,72_TM,80_TM,87_TM,79_TM,92_TM,93_TM,97_TM,99_TM,102_TM,123_TM,175_TM,138_TM,148_TM,151_TM,163_TM,182_TM,221_TM,224_TM,14_TM,40_TM,12_TM,15_TM,34_TM,56_TM,66_TM,98_TM,128_TM,170_TM,201_TM,222_TM,78_TM,188_TM,195_TM,211_TM,208_TM,28_TM,55_TM,189_TM,197_TM,205_TM,207_TM,5_TM,21_TM,150_TM,42_TM,43_TM,68_TM,137_TM,136_TM,147_TM,176_TM,143_TM,193_TM,185_TM,194_TM,215_TM,226_TM,227_TM,26_TM,37_TM,52_TM,130_TM,146_TM,152_TM,54_TM,178_TM,7_TM,9_TM,118_TM,11_TM,219_TM,85_TM,91_TM,168_TM,1_TM,20_TM,61_TM,173_TM,177_TM,218_TM,31_TM,41_TM,109_TM,126_TM,44_TM,75_TM,76_TM,96_TM,106_TM,223_TM,230_TM,231_TM,107_TM,108_TM,158_TM,160_TM,210_TM,49_TM,64_TM,83_TM,110_TM,119_TM,127_TM,149_TM,165_TM,153_TM,181_TM,139_TM,213_TM,6_TM,10_TM,16_TM,135_TM,144_TM,155_TM,71_TM,88_TM,115_TM,166_TM,171_TM,180_TM,187_TM,202_TM,214_TM,25_TM,53_TM,65_TM,81_TM,84_TM,141_TM,156_TM,169_TM,18_TM,27_TM,46_TM,62_TM,69_TM,77_TM,86_TM,90_TM,95_TM,100_TM,101_TM,103_TM,111_TM,112_TM,114_TM,121_TM,131_TM,140_TM,184_TM,225_TM,33_TM,142_TM,164_TM,220_TM,23_TM,47_TM,94_TM,124_TM,179_TM,206_TM,59_TM,82_TM,132_TM,199_TM,209_TM,125_TM,172_TM,13_TM,117_TM,129_TM,58_TM,196,229,133,204,196_TM,229_TM,133_TM,204_TM
13771,2.13302752293578,0.7773943297577222,4,0,1,"[5, 14, 26, 17]",53,83,82,1.0,1.0,1.0,1.0,2.0,2.0,2.0,2.0,2.0,2.0,1.0,3.0,3.0,3.0,3.0,2.0,2.0,3.0,3.0,2.0,3.0,2.0,2.0,1.0,3.0,2.0,3.0,2.0,3.0,2.0,2.0,2.0,1.0,2.0,2.0,3.0,3.0,2.0,3.0,2.0,1.0,2.0,1.0,2.0,2.0,3.0,1.0,2.0,2.0,3.0,3.0,2.0,3.0,3.0,1.0,1.0,3.0,3.0,1.0,3.0,1.0,3.0,2.0,1.0,2.0,1.0,2.0,3.0,2.0,1.0,2.0,2.0,3.0,2.0,1.0,1.0,2.0,2.0,3.0,3.0,2.0,3.0,1.0,3.0,1.0,1.0,2.0,2.0,2.0,1.0,1.0,1.0,3.0,3.0,2.0,3.0,3.0,1.0,1.0,2.0,3.0,1.0,1.0,2.0,3.0,2.0,3.0,1.0,1.0,2.0,3.0,3.0,3.0,3.0,3.0,1.0,3.0,3.0,3.0,1.0,2.0,3.0,2.0,3.0,3.0,2.0,3.0,2.0,2.0,1.0,3.0,1.0,1.0,3.0,1.0,1.0,2.0,3.0,3.0,3.0,1.0,1.0,3.0,2.0,3.0,3.0,3.0,2.0,2.0,2.0,2.0,3.0,3.0,2.0,1.0,2.0,3.0,3.0,1.0,3.0,3.0,3.0,3.0,3.0,3.0,3.0,3.0,1.0,3.0,1.0,2.0,1.0,2.0,2.0,2.0,2.0,3.0,2.0,3.0,2.0,2.0,3.0,3.0,2.0,3.0,2.0,1.0,1.0,2.0,3.0,1.0,3.0,2.0,2.0,2.0,2.0,2.0,3.0,2.0,2.0,1.0,3.0,2.0,2.0,3.0,1.0,2.0,2.0,1.0,2.0,1.0,3.0,2.0,3.0,3.0,2.0,1.0,2.0,20,20,20,20,20,20,20,20,20,20,20,20,20,27,27,27,27,27,27,27,27,27,27,7,7,7,7,7,7,7,7,7,7,7,7,2,2,2,2,2,2,2,6,6,6,6,6,6,6,6,6,6,6,6,6,6,6,6,6,6,6,6,6,19,19,15,15,15,15,15,15,15,15,15,15,3,3,3,3,3,32,32,32,32,32,32,13,13,13,13,13,13,13,13,13,13,13,13,13,13,13,13,13,1,1,1,1,1,1,1,1,1,28,28,28,28,28,28,28,18,18,18,18,18,18,10,10,10,10,8,8,8,8,8,8,8,8,25,25,25,25,25,31,31,31,31,31,31,31,31,31,31,31,31,11,11,11,11,11,11,24,24,24,24,24,24,24,24,24,12,12,12,12,12,12,12,12,16,16,16,16,16,16,16,16,16,16,16,16,16,16,16,16,16,16,16,16,29,29,29,29,21,21,21,21,21,21,30,30,30,30,30,9,9,9,4,4,23,,,,,,,,
13771,2.072072072072072,0.7635557651847168,0,0,1,"[17, 26, 14, 5]",57,92,73,2.0,2.0,2.0,2.0,3.0,3.0,1.0,1.0,3.0,1.0,3.0,1.0,1.0,2.0,1.0,2.0,2.0,2.0,2.0,1.0,1.0,2.0,2.0,2.0,1.0,1.0,3.0,2.0,3.0,2.0,3.0,1.0,2.0,1.0,2.0,3.0,3.0,2.0,2.0,2.0,2.0,3.0,3.0,2.0,2.0,1.0,2.0,3.0,3.0,1.0,1.0,2.0,1.0,3.0,2.0,2.0,1.0,1.0,2.0,3.0,3.0,1.0,3.0,2.0,2.0,2.0,2.0,3.0,3.0,1.0,2.0,1.0,3.0,2.0,1.0,1.0,2.0,2.0,3.0,3.0,2.0,3.0,1.0,3.0,1.0,1.0,2.0,2.0,2.0,1.0,2.0,2.0,3.0,3.0,2.0,2.0,2.0,1.0,1.0,2.0,3.0,1.0,3.0,2.0,3.0,2.0,3.0,1.0,1.0,2.0,3.0,3.0,3.0,3.0,3.0,1.0,3.0,3.0,2.0,1.0,2.0,3.0,2.0,3.0,3.0,2.0,3.0,2.0,3.0,1.0,3.0,2.0,1.0,2.0,1.0,1.0,1.0,2.0,2.0,2.0,1.0,1.0,3.0,1.0,3.0,3.0,3.0,2.0,1.0,1.0,2.0,3.0,3.0,2.0,1.0,1.0,3.0,3.0,1.0,3.0,3.0,2.0,2.0,3.0,2.0,3.0,3.0,1.0,3.0,2.0,2.0,1.0,1.0,3.0,2.0,3.0,2.0,2.0,3.0,2.0,2.0,3.0,3.0,2.0,3.0,2.0,2.0,1.0,2.0,3.0,3.0,3.0,2.0,2.0,2.0,2.0,2.0,3.0,2.0,1.0,1.0,3.0,1.0,2.0,3.0,2.0,2.0,2.0,1.0,2.0,2.0,3.0,2.0,3.0,3.0,2.0,1.0,2.0,7,7,27,6,13,13,6,7,6,6,27,6,8,6,7,27,27,6,13,25,7,27,27,2,8,30,7,7,7,7,19,16,20,12,7,2,2,2,20,2,20,20,20,6,6,20,20,27,27,20,20,6,20,6,20,20,20,7,20,6,20,20,20,25,19,20,15,15,8,15,15,16,15,15,15,3,3,3,3,3,32,32,32,32,32,32,13,13,13,13,2,6,13,13,13,6,6,13,13,13,13,13,30,1,1,1,1,1,1,1,1,1,28,28,28,28,28,28,31,18,18,18,18,18,18,10,10,10,31,8,8,15,8,15,8,8,15,28,28,12,25,25,31,10,31,31,31,31,13,13,31,31,31,31,11,30,11,11,11,11,24,2,21,24,30,24,24,24,24,21,12,12,9,9,12,9,9,16,16,16,16,16,16,16,16,16,4,16,16,16,7,16,16,16,16,16,16,29,29,11,29,21,9,21,21,9,21,30,30,30,6,30,9,9,9,4,4,23,1.0,2.0,3.0,2.0,6.0,6.0,27.0,27.0
13771,2.054054054054054,0.7825915624551698,2,0,1,"[14, 17, 5]",62,86,74,1.0,1.0,1.0,2.0,2.0,2.0,1.0,3.0,3.0,1.0,1.0,1.0,1.0,2.0,1.0,2.0,2.0,2.0,2.0,1.0,1.0,2.0,2.0,3.0,1.0,1.0,3.0,1.0,3.0,3.0,3.0,1.0,1.0,3.0,3.0,3.0,3.0,1.0,3.0,2.0,1.0,2.0,2.0,1.0,1.0,3.0,2.0,1.0,1.0,3.0,3.0,2.0,2.0,1.0,3.0,3.0,2.0,2.0,3.0,3.0,2.0,3.0,1.0,3.0,2.0,1.0,2.0,3.0,3.0,1.0,2.0,1.0,3.0,2.0,1.0,1.0,2.0,2.0,3.0,3.0,2.0,3.0,2.0,3.0,1.0,3.0,2.0,2.0,2.0,1.0,2.0,2.0,3.0,3.0,3.0,2.0,2.0,1.0,1.0,2.0,3.0,1.0,1.0,2.0,3.0,2.0,3.0,1.0,2.0,3.0,3.0,3.0,2.0,2.0,1.0,2.0,3.0,3.0,3.0,1.0,2.0,3.0,2.0,3.0,3.0,2.0,2.0,2.0,2.0,1.0,3.0,2.0,1.0,2.0,1.0,2.0,2.0,3.0,3.0,3.0,2.0,2.0,3.0,2.0,3.0,3.0,3.0,2.0,1.0,1.0,2.0,3.0,3.0,2.0,1.0,2.0,1.0,3.0,1.0,2.0,3.0,1.0,1.0,3.0,3.0,3.0,3.0,1.0,3.0,2.0,2.0,1.0,2.0,2.0,2.0,2.0,3.0,2.0,3.0,2.0,2.0,3.0,3.0,2.0,3.0,2.0,3.0,1.0,2.0,1.0,1.0,3.0,2.0,2.0,2.0,2.0,2.0,2.0,1.0,3.0,1.0,1.0,2.0,2.0,3.0,3.0,1.0,2.0,1.0,2.0,1.0,3.0,2.0,3.0,3.0,2.0,2.0,2.0,20,20,20,6,20,20,6,13,6,6,20,6,8,6,7,27,27,6,13,25,7,27,27,13,8,30,7,12,7,3,19,16,7,27,27,2,2,20,2,2,2,2,7,7,7,6,20,7,7,6,6,6,7,27,27,27,7,2,7,6,7,6,7,3,19,15,15,15,8,15,15,16,15,15,15,3,3,3,3,3,32,32,25,32,32,3,13,13,13,13,2,6,13,13,3,6,6,13,13,13,13,13,13,1,1,1,1,1,11,21,1,1,11,11,32,30,28,28,28,18,18,18,18,18,18,10,4,10,10,8,8,15,8,15,8,30,8,25,25,25,31,19,31,31,31,31,31,31,13,13,31,31,31,31,11,11,21,11,11,21,24,26,26,24,24,24,24,24,24,21,12,12,12,12,12,12,12,16,16,16,16,16,16,16,16,16,23,16,16,27,16,16,16,16,16,16,16,26,4,21,29,23,21,21,21,10,23,30,30,30,30,30,9,9,9,4,23,23,1.0,2.0,1.0,1.0,6.0,6.0,20.0,20.0
13771,2.126126126126126,0.7858144706037581,1,0,1,"[17, 14, 5, 26]",56,82,84,2.0,2.0,2.0,2.0,2.0,2.0,3.0,1.0,3.0,3.0,3.0,3.0,3.0,1.0,1.0,2.0,2.0,2.0,1.0,3.0,1.0,2.0,2.0,1.0,1.0,1.0,3.0,1.0,3.0,3.0,1.0,3.0,2.0,1.0,2.0,1.0,3.0,1.0,3.0,2.0,1.0,2.0,1.0,2.0,2.0,3.0,1.0,2.0,2.0,3.0,3.0,2.0,3.0,3.0,1.0,1.0,3.0,2.0,1.0,3.0,1.0,3.0,1.0,3.0,2.0,1.0,2.0,3.0,3.0,1.0,2.0,2.0,3.0,2.0,1.0,3.0,2.0,2.0,3.0,3.0,2.0,3.0,2.0,3.0,2.0,3.0,2.0,2.0,2.0,1.0,1.0,1.0,3.0,3.0,3.0,3.0,3.0,1.0,1.0,1.0,3.0,2.0,2.0,2.0,3.0,2.0,3.0,2.0,2.0,3.0,3.0,3.0,3.0,3.0,3.0,1.0,3.0,3.0,3.0,1.0,2.0,3.0,2.0,3.0,3.0,2.0,2.0,2.0,2.0,1.0,3.0,2.0,2.0,3.0,1.0,1.0,3.0,3.0,3.0,2.0,1.0,1.0,3.0,2.0,3.0,3.0,3.0,2.0,1.0,1.0,1.0,3.0,3.0,2.0,1.0,2.0,3.0,1.0,1.0,3.0,3.0,3.0,3.0,3.0,2.0,2.0,3.0,1.0,3.0,1.0,1.0,1.0,1.0,3.0,3.0,3.0,1.0,3.0,1.0,2.0,2.0,3.0,3.0,2.0,2.0,2.0,3.0,1.0,2.0,2.0,2.0,3.0,2.0,2.0,2.0,3.0,2.0,1.0,3.0,2.0,2.0,2.0,2.0,2.0,1.0,2.0,2.0,2.0,1.0,2.0,1.0,3.0,2.0,3.0,3.0,2.0,2.0,2.0,7,7,27,6,20,20,7,7,6,27,27,20,20,7,7,27,27,6,20,20,7,27,27,7,8,30,7,12,7,3,20,27,20,12,7,9,2,20,2,2,2,2,6,6,6,6,6,6,6,6,6,6,6,6,6,6,6,2,6,6,6,6,7,3,19,15,15,15,8,15,15,15,15,15,15,20,3,3,3,3,32,32,25,32,8,3,13,13,13,13,13,13,13,13,3,13,13,13,13,20,13,2,12,1,1,1,1,30,11,21,1,1,28,28,28,28,28,28,28,18,18,18,18,18,18,10,4,10,10,8,8,15,16,8,8,8,31,25,25,12,25,25,31,31,31,31,31,31,13,13,19,31,31,31,11,11,11,13,11,11,24,24,24,24,30,13,24,24,24,12,23,12,9,9,23,9,13,9,10,16,16,16,16,16,23,16,23,16,16,23,23,16,16,16,16,4,16,4,20,29,31,4,21,21,4,9,21,30,30,30,30,30,9,9,9,4,23,23,1.0,2.0,3.0,2.0,6.0,6.0,27.0,27.0
13771,2.103603603603604,0.7976694478549708,0,0,1,"[17, 26, 29, 14, 5]",60,79,83,3.0,3.0,2.0,2.0,3.0,3.0,3.0,1.0,1.0,3.0,3.0,1.0,1.0,3.0,3.0,1.0,1.0,1.0,2.0,1.0,1.0,1.0,1.0,1.0,1.0,1.0,3.0,1.0,3.0,3.0,2.0,3.0,2.0,2.0,2.0,3.0,3.0,2.0,2.0,2.0,2.0,3.0,3.0,2.0,2.0,1.0,2.0,2.0,2.0,3.0,3.0,2.0,1.0,3.0,2.0,2.0,3.0,3.0,2.0,2.0,3.0,1.0,3.0,3.0,2.0,1.0,2.0,3.0,3.0,2.0,2.0,2.0,3.0,2.0,2.0,1.0,2.0,2.0,3.0,3.0,2.0,3.0,1.0,3.0,1.0,3.0,2.0,2.0,2.0,1.0,2.0,2.0,3.0,3.0,3.0,2.0,2.0,1.0,1.0,2.0,3.0,2.0,2.0,2.0,3.0,1.0,3.0,1.0,2.0,3.0,3.0,3.0,3.0,3.0,3.0,1.0,3.0,3.0,3.0,1.0,2.0,3.0,2.0,3.0,3.0,2.0,2.0,2.0,2.0,1.0,3.0,2.0,1.0,2.0,1.0,1.0,1.0,3.0,3.0,3.0,2.0,1.0,3.0,2.0,3.0,3.0,3.0,2.0,1.0,1.0,1.0,2.0,2.0,1.0,1.0,1.0,3.0,2.0,1.0,1.0,3.0,3.0,3.0,3.0,3.0,2.0,3.0,1.0,3.0,1.0,2.0,1.0,2.0,3.0,3.0,3.0,3.0,2.0,3.0,1.0,2.0,3.0,3.0,2.0,3.0,2.0,1.0,1.0,2.0,3.0,1.0,3.0,2.0,2.0,2.0,2.0,2.0,1.0,1.0,1.0,2.0,1.0,1.0,2.0,1.0,3.0,1.0,3.0,3.0,1.0,1.0,2.0,2.0,3.0,3.0,2.0,2.0,2.0,27,27,27,6,13,13,7,7,7,27,27,6,8,27,27,20,21,7,13,25,7,13,7,7,8,30,7,12,7,3,7,27,20,7,7,2,2,2,20,2,20,20,20,6,6,20,20,6,6,6,6,6,20,6,20,20,6,6,20,20,20,20,20,3,19,15,15,15,8,2,15,15,15,15,2,3,3,3,3,3,32,32,32,32,32,3,13,13,13,13,2,6,13,13,3,6,6,13,13,13,13,2,12,1,1,11,1,1,11,21,1,1,28,28,28,28,28,28,28,18,18,18,18,18,18,10,4,10,10,8,8,15,8,15,8,8,15,25,25,25,31,25,31,31,31,31,31,31,13,13,19,16,16,4,11,30,11,12,11,4,24,24,24,24,24,13,24,24,24,12,12,12,12,9,23,9,12,16,16,6,16,16,16,16,16,16,16,16,16,16,16,16,16,16,16,16,16,4,4,11,31,23,9,21,4,10,23,6,6,23,30,4,9,9,9,4,23,23,1.0,2.0,3.0,2.0,6.0,6.0,27.0,27.0
13771,2.063063063063063,0.7761055962029545,2,0,1,"[5, 14, 17]",60,88,74,2.0,2.0,2.0,2.0,3.0,3.0,3.0,1.0,3.0,1.0,3.0,1.0,1.0,1.0,1.0,2.0,2.0,2.0,2.0,1.0,1.0,2.0,2.0,1.0,1.0,1.0,3.0,1.0,3.0,3.0,3.0,1.0,2.0,2.0,1.0,3.0,3.0,2.0,3.0,2.0,1.0,2.0,3.0,2.0,2.0,1.0,2.0,3.0,3.0,1.0,1.0,2.0,1.0,3.0,2.0,2.0,3.0,2.0,2.0,2.0,1.0,1.0,3.0,3.0,2.0,1.0,2.0,3.0,3.0,1.0,2.0,2.0,3.0,2.0,1.0,1.0,2.0,2.0,3.0,3.0,2.0,3.0,1.0,3.0,1.0,3.0,2.0,2.0,2.0,1.0,2.0,2.0,3.0,3.0,3.0,2.0,2.0,1.0,1.0,2.0,3.0,1.0,3.0,2.0,3.0,2.0,3.0,1.0,1.0,2.0,3.0,3.0,3.0,3.0,1.0,2.0,3.0,3.0,3.0,1.0,2.0,3.0,2.0,3.0,3.0,2.0,2.0,2.0,2.0,1.0,3.0,2.0,2.0,3.0,1.0,1.0,3.0,2.0,2.0,3.0,1.0,1.0,3.0,1.0,3.0,3.0,3.0,3.0,2.0,2.0,2.0,2.0,2.0,2.0,1.0,2.0,3.0,3.0,1.0,2.0,3.0,1.0,1.0,3.0,2.0,2.0,3.0,1.0,3.0,1.0,2.0,1.0,2.0,3.0,1.0,3.0,2.0,3.0,3.0,1.0,2.0,3.0,3.0,2.0,3.0,2.0,1.0,1.0,2.0,3.0,1.0,3.0,2.0,2.0,1.0,2.0,2.0,3.0,2.0,1.0,2.0,1.0,1.0,2.0,3.0,2.0,1.0,2.0,1.0,2.0,2.0,3.0,2.0,3.0,3.0,2.0,2.0,2.0,7,7,27,6,13,13,7,7,6,6,27,6,8,7,7,27,27,6,13,25,7,27,27,7,8,30,7,12,7,3,19,16,20,7,13,2,2,2,2,2,2,2,20,6,6,20,20,27,27,20,20,6,20,6,20,20,6,2,20,20,6,20,20,3,19,15,15,15,8,15,15,15,15,15,15,3,3,3,3,3,32,32,32,32,32,3,13,13,13,13,2,6,13,13,3,6,6,13,13,13,13,13,30,1,1,1,1,1,1,1,1,1,28,28,32,30,28,28,28,18,18,18,18,18,18,10,4,10,10,8,8,15,16,8,8,8,31,28,28,25,25,25,31,10,31,31,31,7,31,31,31,16,16,31,11,11,11,11,11,21,24,26,26,24,30,13,24,24,24,12,12,12,12,9,31,9,9,9,16,6,16,16,16,16,16,16,16,16,16,16,16,16,16,16,23,16,16,29,29,11,31,23,9,21,21,9,23,30,30,30,6,30,9,9,9,4,23,23,1.0,2.0,3.0,2.0,6.0,6.0,27.0,27.0
13771,2.063063063063063,0.804729001115173,0,0,2,"[5, 14, 17]",65,78,79,2.0,2.0,1.0,1.0,2.0,2.0,3.0,1.0,2.0,2.0,3.0,3.0,3.0,1.0,1.0,2.0,2.0,1.0,2.0,1.0,1.0,2.0,2.0,1.0,1.0,1.0,3.0,1.0,3.0,2.0,1.0,1.0,3.0,3.0,3.0,2.0,2.0,2.0,3.0,2.0,1.0,2.0,1.0,2.0,2.0,3.0,1.0,2.0,2.0,3.0,3.0,2.0,3.0,3.0,1.0,1.0,3.0,2.0,1.0,3.0,1.0,3.0,2.0,3.0,2.0,1.0,2.0,3.0,3.0,1.0,2.0,2.0,2.0,2.0,1.0,3.0,2.0,2.0,3.0,3.0,2.0,3.0,1.0,3.0,1.0,3.0,3.0,2.0,2.0,2.0,1.0,1.0,3.0,3.0,2.0,3.0,3.0,1.0,1.0,1.0,3.0,1.0,1.0,2.0,3.0,2.0,3.0,1.0,3.0,3.0,3.0,3.0,3.0,3.0,1.0,2.0,3.0,3.0,3.0,1.0,2.0,3.0,2.0,3.0,3.0,2.0,3.0,2.0,3.0,1.0,3.0,2.0,2.0,2.0,1.0,1.0,2.0,2.0,2.0,3.0,1.0,1.0,3.0,2.0,3.0,3.0,3.0,2.0,1.0,1.0,1.0,3.0,3.0,2.0,1.0,2.0,3.0,3.0,1.0,3.0,3.0,3.0,3.0,3.0,3.0,2.0,3.0,1.0,3.0,1.0,1.0,1.0,2.0,1.0,3.0,2.0,3.0,2.0,1.0,2.0,2.0,3.0,3.0,2.0,3.0,1.0,1.0,1.0,2.0,3.0,2.0,3.0,2.0,2.0,2.0,2.0,2.0,3.0,3.0,2.0,2.0,1.0,2.0,2.0,3.0,1.0,1.0,2.0,1.0,1.0,1.0,3.0,2.0,1.0,1.0,2.0,2.0,2.0,7,7,20,20,20,20,7,7,20,20,27,20,20,7,7,27,27,7,13,25,7,27,27,7,8,30,7,12,7,7,20,16,27,27,27,21,21,2,2,2,2,2,6,6,6,6,6,6,6,6,6,6,6,6,6,6,6,2,6,6,6,6,6,3,19,15,15,15,8,15,15,15,8,15,15,20,3,3,3,3,32,32,32,32,32,3,16,13,13,2,13,13,13,13,13,13,13,13,13,20,13,13,13,1,1,1,1,1,21,21,1,1,28,28,32,30,28,28,28,18,18,18,18,18,18,10,10,10,31,8,8,15,16,15,8,8,8,28,28,25,25,25,31,31,31,31,31,31,13,13,19,31,31,31,11,11,11,11,11,11,24,24,24,24,24,13,24,24,24,12,23,12,12,26,23,12,12,16,10,16,16,16,16,16,16,21,16,16,16,16,23,16,16,16,16,16,16,29,20,29,31,23,21,21,21,21,23,30,30,23,30,30,9,12,12,4,23,23,1.0,2.0,3.0,1.0,6.0,6.0,27.0,20.0
13771,2.0405405405405403,0.7746992852145429,3,0,1,"[14, 17, 5]",62,89,71,2.0,2.0,1.0,2.0,1.0,1.0,1.0,1.0,3.0,1.0,2.0,1.0,1.0,2.0,1.0,2.0,2.0,2.0,2.0,1.0,1.0,1.0,3.0,1.0,1.0,1.0,3.0,1.0,3.0,3.0,3.0,1.0,3.0,2.0,1.0,1.0,1.0,2.0,3.0,2.0,1.0,2.0,2.0,3.0,3.0,1.0,2.0,3.0,3.0,2.0,2.0,2.0,1.0,3.0,3.0,3.0,3.0,2.0,1.0,2.0,3.0,1.0,3.0,2.0,2.0,1.0,2.0,3.0,2.0,2.0,2.0,2.0,3.0,2.0,2.0,1.0,2.0,2.0,3.0,3.0,2.0,3.0,1.0,3.0,2.0,1.0,3.0,2.0,2.0,1.0,1.0,2.0,3.0,3.0,3.0,2.0,2.0,1.0,1.0,2.0,3.0,1.0,2.0,2.0,3.0,2.0,3.0,1.0,1.0,2.0,3.0,3.0,3.0,3.0,3.0,1.0,3.0,3.0,3.0,1.0,2.0,3.0,2.0,3.0,3.0,2.0,2.0,2.0,2.0,1.0,3.0,3.0,1.0,2.0,1.0,1.0,1.0,3.0,3.0,2.0,2.0,1.0,1.0,1.0,2.0,3.0,3.0,2.0,2.0,2.0,2.0,2.0,2.0,1.0,1.0,2.0,3.0,3.0,1.0,1.0,3.0,3.0,3.0,3.0,3.0,3.0,3.0,1.0,3.0,2.0,2.0,1.0,2.0,1.0,2.0,2.0,2.0,2.0,3.0,2.0,2.0,3.0,3.0,2.0,3.0,2.0,2.0,1.0,1.0,3.0,1.0,3.0,2.0,3.0,2.0,3.0,2.0,2.0,2.0,2.0,2.0,1.0,2.0,2.0,3.0,1.0,1.0,2.0,2.0,3.0,1.0,3.0,2.0,3.0,3.0,2.0,2.0,2.0,7,7,20,6,30,32,6,7,6,6,13,6,8,6,7,27,27,6,13,25,7,13,13,7,8,30,7,12,7,3,19,16,27,7,13,9,32,2,2,2,2,2,7,27,27,20,20,27,27,27,27,6,20,6,27,27,6,2,6,20,20,20,20,25,19,15,15,15,15,2,15,15,15,15,2,3,3,3,3,3,32,32,32,32,8,32,16,13,13,13,13,6,13,13,3,6,6,13,13,13,13,13,12,1,1,1,1,1,1,1,1,1,28,28,28,28,28,28,28,18,18,18,18,18,18,10,4,10,10,8,8,6,8,15,8,8,15,25,25,12,31,25,7,10,16,31,31,31,31,31,31,16,16,4,11,11,11,11,11,4,24,24,24,24,24,24,24,24,24,21,12,12,12,26,12,12,9,16,16,16,16,16,16,16,16,16,4,16,11,16,16,16,16,7,16,4,16,26,29,29,31,23,21,21,21,21,23,30,4,4,30,30,9,9,9,4,23,23,1.0,2.0,2.0,1.0,6.0,6.0,13.0,20.0
13771,2.0225225225225225,0.787019658540595,2,0,0,"[14, 5, 17]",66,85,71,3.0,3.0,2.0,2.0,2.0,2.0,1.0,3.0,3.0,1.0,3.0,1.0,1.0,2.0,1.0,2.0,2.0,3.0,3.0,3.0,1.0,1.0,3.0,3.0,1.0,1.0,1.0,1.0,1.0,3.0,1.0,1.0,1.0,1.0,1.0,3.0,3.0,1.0,3.0,2.0,1.0,2.0,2.0,1.0,1.0,2.0,2.0,1.0,1.0,1.0,1.0,2.0,2.0,3.0,2.0,2.0,2.0,2.0,3.0,1.0,2.0,2.0,2.0,3.0,2.0,1.0,2.0,2.0,3.0,1.0,2.0,2.0,3.0,2.0,1.0,1.0,2.0,2.0,3.0,3.0,2.0,3.0,1.0,2.0,1.0,3.0,2.0,2.0,2.0,1.0,1.0,2.0,3.0,3.0,3.0,2.0,2.0,1.0,1.0,1.0,3.0,1.0,2.0,2.0,3.0,2.0,3.0,1.0,1.0,2.0,3.0,3.0,3.0,3.0,1.0,2.0,3.0,3.0,3.0,1.0,2.0,3.0,2.0,3.0,3.0,2.0,3.0,1.0,2.0,1.0,3.0,2.0,1.0,2.0,2.0,1.0,2.0,2.0,2.0,3.0,1.0,1.0,3.0,2.0,3.0,3.0,3.0,2.0,3.0,3.0,1.0,3.0,3.0,2.0,1.0,2.0,3.0,3.0,1.0,2.0,3.0,1.0,1.0,3.0,2.0,1.0,3.0,1.0,3.0,2.0,2.0,1.0,2.0,1.0,1.0,2.0,3.0,2.0,3.0,2.0,2.0,3.0,3.0,2.0,3.0,1.0,1.0,1.0,2.0,3.0,1.0,3.0,2.0,2.0,2.0,2.0,2.0,2.0,2.0,2.0,1.0,3.0,2.0,2.0,3.0,3.0,2.0,3.0,1.0,2.0,1.0,3.0,2.0,3.0,3.0,2.0,2.0,2.0,27,27,27,6,20,20,6,13,6,6,27,6,8,6,7,27,27,27,27,20,7,13,13,13,8,30,13,12,13,3,20,16,7,12,13,2,2,20,2,2,2,2,7,7,7,7,20,7,7,20,20,6,7,6,20,20,7,2,7,7,7,7,6,3,19,15,15,6,8,15,15,15,15,15,15,3,3,3,3,3,32,32,32,6,32,3,13,13,13,13,13,6,13,13,3,6,6,13,13,20,13,13,12,1,1,1,1,1,1,1,1,1,28,28,32,30,28,28,28,18,18,18,18,18,18,10,10,11,10,8,8,15,8,15,9,8,8,28,28,25,25,25,31,31,31,31,31,31,20,20,19,31,31,31,11,11,11,11,11,21,24,26,26,24,30,30,24,24,24,21,12,12,12,26,31,12,12,16,16,16,16,16,16,16,16,21,16,16,16,16,16,16,16,16,16,16,16,26,29,29,29,21,21,21,21,10,21,6,30,30,30,30,9,9,9,4,23,23,1.0,2.0,3.0,2.0,6.0,6.0,27.0,27.0
13772,2.13302752293578,0.7773943297577222,4,0,1,"[5, 14, 26, 17]",53,83,82,1.0,1.0,1.0,1.0,2.0,2.0,2.0,2.0,2.0,2.0,1.0,3.0,3.0,3.0,3.0,2.0,2.0,3.0,3.0,2.0,3.0,2.0,2.0,1.0,3.0,2.0,3.0,2.0,3.0,2.0,2.0,2.0,1.0,2.0,2.0,3.0,3.0,2.0,3.0,2.0,1.0,2.0,1.0,2.0,2.0,3.0,1.0,2.0,2.0,3.0,3.0,2.0,3.0,3.0,1.0,1.0,3.0,3.0,1.0,3.0,1.0,3.0,2.0,1.0,2.0,1.0,2.0,3.0,2.0,1.0,2.0,2.0,3.0,2.0,1.0,1.0,2.0,2.0,3.0,3.0,2.0,3.0,1.0,3.0,1.0,1.0,2.0,2.0,2.0,1.0,1.0,1.0,3.0,3.0,2.0,3.0,3.0,1.0,1.0,2.0,3.0,1.0,1.0,2.0,3.0,2.0,3.0,1.0,1.0,2.0,3.0,3.0,3.0,3.0,3.0,1.0,3.0,3.0,3.0,1.0,2.0,3.0,2.0,3.0,3.0,2.0,3.0,2.0,2.0,1.0,3.0,1.0,1.0,3.0,1.0,1.0,2.0,3.0,3.0,3.0,1.0,1.0,3.0,2.0,3.0,3.0,3.0,2.0,2.0,2.0,2.0,3.0,3.0,2.0,1.0,2.0,3.0,3.0,1.0,3.0,3.0,3.0,3.0,3.0,3.0,3.0,3.0,1.0,3.0,1.0,2.0,1.0,2.0,2.0,2.0,2.0,3.0,2.0,3.0,2.0,2.0,3.0,3.0,2.0,3.0,2.0,1.0,1.0,2.0,3.0,1.0,3.0,2.0,2.0,2.0,2.0,2.0,3.0,2.0,2.0,1.0,3.0,2.0,2.0,3.0,1.0,2.0,2.0,1.0,2.0,1.0,3.0,2.0,3.0,3.0,2.0,1.0,2.0,20,20,20,20,20,20,20,20,20,20,20,20,20,27,27,27,27,27,27,27,27,27,27,7,7,7,7,7,7,7,7,7,7,7,7,2,2,2,2,2,2,2,6,6,6,6,6,6,6,6,6,6,6,6,6,6,6,6,6,6,6,6,6,19,19,15,15,15,15,15,15,15,15,15,15,3,3,3,3,3,32,32,32,32,32,32,13,13,13,13,13,13,13,13,13,13,13,13,13,13,13,13,13,1,1,1,1,1,1,1,1,1,28,28,28,28,28,28,28,18,18,18,18,18,18,10,10,10,10,8,8,8,8,8,8,8,8,25,25,25,25,25,31,31,31,31,31,31,31,31,31,31,31,31,11,11,11,11,11,11,24,24,24,24,24,24,24,24,24,12,12,12,12,12,12,12,12,16,16,16,16,16,16,16,16,16,16,16,16,16,16,16,16,16,16,16,16,29,29,29,29,21,21,21,21,21,21,30,30,30,30,30,9,9,9,4,4,23,,,,,,,,
13772,2.0720720720720722,0.7635557651847168,0,0,1,"[17, 26, 14, 5]",57,92,73,2.0,2.0,2.0,2.0,3.0,3.0,1.0,1.0,3.0,1.0,3.0,1.0,1.0,2.0,1.0,2.0,2.0,2.0,2.0,1.0,1.0,2.0,2.0,2.0,1.0,1.0,3.0,2.0,3.0,2.0,3.0,1.0,2.0,1.0,2.0,3.0,3.0,2.0,2.0,2.0,2.0,3.0,3.0,2.0,2.0,1.0,2.0,3.0,3.0,1.0,1.0,2.0,1.0,3.0,2.0,2.0,1.0,1.0,2.0,3.0,3.0,1.0,3.0,2.0,2.0,2.0,2.0,3.0,3.0,1.0,2.0,1.0,3.0,2.0,1.0,1.0,2.0,2.0,3.0,3.0,2.0,3.0,1.0,3.0,1.0,1.0,2.0,2.0,2.0,1.0,2.0,2.0,3.0,3.0,2.0,2.0,2.0,1.0,1.0,2.0,3.0,1.0,3.0,2.0,3.0,2.0,3.0,1.0,1.0,2.0,3.0,3.0,3.0,3.0,3.0,1.0,3.0,3.0,2.0,1.0,2.0,3.0,2.0,3.0,3.0,2.0,3.0,2.0,3.0,1.0,3.0,2.0,1.0,2.0,1.0,1.0,1.0,2.0,2.0,2.0,1.0,1.0,3.0,1.0,3.0,3.0,3.0,2.0,1.0,1.0,2.0,3.0,3.0,2.0,1.0,1.0,3.0,3.0,1.0,3.0,3.0,2.0,2.0,3.0,2.0,3.0,3.0,1.0,3.0,2.0,2.0,1.0,1.0,3.0,2.0,3.0,2.0,2.0,3.0,2.0,2.0,3.0,3.0,2.0,3.0,2.0,2.0,1.0,2.0,3.0,3.0,3.0,2.0,2.0,2.0,2.0,2.0,3.0,2.0,1.0,1.0,3.0,1.0,2.0,3.0,2.0,2.0,2.0,1.0,2.0,2.0,3.0,2.0,3.0,3.0,2.0,1.0,2.0,7,7,27,6,13,13,6,7,6,6,27,6,8,6,7,27,27,6,13,25,7,27,27,2,8,30,7,7,7,7,19,16,20,12,7,2,2,2,20,2,20,20,20,6,6,20,20,27,27,20,20,6,20,6,20,20,20,7,20,6,20,20,20,25,19,20,15,15,8,15,15,16,15,15,15,3,3,3,3,3,32,32,32,32,32,32,13,13,13,13,2,6,13,13,13,6,6,13,13,13,13,13,30,1,1,1,1,1,1,1,1,1,28,28,28,28,28,28,31,18,18,18,18,18,18,10,10,10,31,8,8,15,8,15,8,8,15,28,28,12,25,25,31,10,31,31,31,31,13,13,31,31,31,31,11,30,11,11,11,11,24,2,21,24,30,24,24,24,24,21,12,12,9,9,12,9,9,16,16,16,16,16,16,16,16,16,4,16,16,16,7,16,16,16,16,16,16,29,29,11,29,21,9,21,21,9,21,30,30,30,6,30,9,9,9,4,4,23,1.0,2.0,3.0,2.0,6,6,27,27
13772,2.018018018018018,0.8125929892570567,3,0,0,"[14, 5, 29]",71,76,75,1.0,1.0,1.0,2.0,2.0,2.0,1.0,3.0,3.0,1.0,1.0,1.0,1.0,2.0,1.0,2.0,2.0,2.0,1.0,2.0,3.0,1.0,3.0,3.0,1.0,1.0,1.0,1.0,1.0,3.0,1.0,1.0,1.0,1.0,1.0,3.0,3.0,1.0,3.0,2.0,1.0,2.0,2.0,1.0,1.0,2.0,2.0,1.0,1.0,2.0,2.0,2.0,2.0,1.0,3.0,3.0,2.0,2.0,3.0,1.0,2.0,3.0,1.0,3.0,2.0,1.0,2.0,3.0,3.0,1.0,2.0,1.0,3.0,2.0,1.0,1.0,2.0,2.0,3.0,3.0,2.0,3.0,1.0,3.0,1.0,3.0,3.0,2.0,2.0,1.0,2.0,2.0,3.0,3.0,3.0,2.0,2.0,1.0,1.0,1.0,3.0,1.0,1.0,2.0,3.0,2.0,3.0,1.0,2.0,3.0,3.0,3.0,3.0,3.0,2.0,2.0,3.0,3.0,3.0,3.0,1.0,1.0,2.0,3.0,3.0,1.0,3.0,2.0,2.0,1.0,3.0,2.0,1.0,2.0,1.0,2.0,2.0,2.0,2.0,3.0,1.0,1.0,2.0,2.0,3.0,3.0,3.0,2.0,2.0,2.0,1.0,3.0,3.0,2.0,1.0,1.0,3.0,3.0,1.0,2.0,3.0,3.0,3.0,3.0,3.0,3.0,3.0,1.0,3.0,1.0,2.0,1.0,1.0,3.0,1.0,3.0,2.0,3.0,3.0,2.0,2.0,3.0,3.0,2.0,3.0,2.0,1.0,1.0,2.0,1.0,1.0,3.0,2.0,2.0,3.0,2.0,2.0,2.0,1.0,3.0,2.0,3.0,1.0,2.0,3.0,3.0,2.0,2.0,1.0,1.0,1.0,3.0,2.0,3.0,3.0,2.0,2.0,2.0,20,20,20,6,20,20,6,13,6,6,20,6,8,6,7,27,27,6,20,27,27,13,13,13,8,30,13,12,13,3,20,16,7,12,13,2,2,20,2,2,2,2,7,7,7,7,20,7,7,27,27,6,7,27,27,27,7,2,7,7,7,6,7,3,19,15,15,15,8,15,15,16,15,15,15,3,3,3,3,3,32,32,32,32,32,3,16,13,13,13,2,6,13,13,3,6,6,13,13,20,13,13,13,1,1,1,1,1,11,21,1,1,28,28,24,30,28,28,28,17,17,6,18,18,18,11,10,10,10,8,8,15,8,15,8,30,8,28,28,25,25,25,6,31,31,31,31,31,31,31,19,31,31,31,11,30,11,11,11,21,24,24,24,24,24,24,24,24,24,12,12,12,9,9,31,9,9,9,16,16,16,16,16,16,16,16,16,16,16,27,16,16,16,16,6,16,16,26,4,21,31,21,9,21,21,10,21,30,30,23,30,30,9,9,9,4,23,23,1.0,2.0,3.0,2.0,6,6,27,27
13772,2.0585585585585586,0.7908948444176505,2,0,0,"[5, 14, 17]",63,83,76,3.0,3.0,2.0,2.0,2.0,2.0,1.0,3.0,3.0,1.0,3.0,1.0,1.0,2.0,1.0,2.0,2.0,2.0,2.0,2.0,3.0,1.0,3.0,3.0,1.0,1.0,1.0,1.0,3.0,1.0,1.0,1.0,1.0,1.0,1.0,3.0,3.0,1.0,3.0,2.0,1.0,2.0,2.0,1.0,1.0,3.0,2.0,1.0,1.0,1.0,1.0,2.0,2.0,3.0,2.0,2.0,2.0,2.0,3.0,1.0,2.0,2.0,3.0,3.0,2.0,1.0,2.0,3.0,2.0,1.0,2.0,2.0,2.0,2.0,1.0,1.0,2.0,2.0,3.0,3.0,3.0,3.0,1.0,3.0,2.0,3.0,3.0,2.0,2.0,1.0,2.0,2.0,3.0,3.0,1.0,2.0,2.0,1.0,1.0,1.0,3.0,1.0,1.0,2.0,3.0,2.0,3.0,1.0,1.0,2.0,3.0,3.0,3.0,3.0,3.0,1.0,2.0,2.0,3.0,1.0,2.0,3.0,2.0,3.0,3.0,2.0,3.0,2.0,2.0,1.0,3.0,1.0,2.0,2.0,2.0,3.0,2.0,3.0,3.0,3.0,1.0,2.0,3.0,2.0,2.0,3.0,3.0,2.0,2.0,2.0,3.0,2.0,2.0,1.0,1.0,2.0,3.0,3.0,1.0,3.0,3.0,3.0,3.0,3.0,1.0,1.0,3.0,1.0,3.0,1.0,2.0,1.0,1.0,3.0,1.0,3.0,3.0,3.0,3.0,2.0,2.0,3.0,3.0,2.0,3.0,2.0,3.0,1.0,2.0,3.0,1.0,3.0,3.0,2.0,3.0,3.0,2.0,2.0,2.0,2.0,2.0,1.0,1.0,2.0,1.0,1.0,1.0,2.0,2.0,3.0,1.0,2.0,2.0,3.0,3.0,2.0,2.0,2.0,27,27,27,6,20,20,6,13,6,6,27,6,8,6,7,27,27,6,13,27,27,13,13,13,8,30,13,12,7,30,20,16,7,12,13,2,2,20,2,2,2,2,7,7,7,6,20,7,7,20,20,6,7,6,20,20,7,2,7,7,7,7,20,3,19,15,15,15,15,15,15,15,8,15,15,3,3,3,3,3,28,32,32,32,8,3,16,13,13,13,2,6,13,13,20,6,6,13,13,20,13,13,13,1,1,1,1,1,1,1,1,1,28,28,28,28,25,25,28,18,18,18,18,18,18,10,10,10,10,8,8,8,16,15,9,6,8,25,25,25,25,19,31,31,16,31,31,31,31,31,28,16,16,4,11,11,11,11,11,11,24,24,24,24,4,30,24,24,24,12,12,12,9,9,31,9,12,9,16,16,16,16,16,16,16,16,23,16,16,16,16,16,23,16,6,4,16,26,29,29,31,23,9,21,4,21,23,30,4,4,30,4,9,9,9,4,23,23,1.0,2.0,3.0,2.0,6,6,27,27
13772,2.009009009009009,0.7490022986329111,1,0,1,"[28, 17, 14, 5]",61,98,63,1.0,1.0,2.0,2.0,2.0,2.0,1.0,3.0,3.0,1.0,3.0,1.0,1.0,2.0,1.0,1.0,1.0,2.0,2.0,2.0,3.0,2.0,2.0,2.0,1.0,1.0,1.0,1.0,1.0,1.0,3.0,1.0,1.0,1.0,1.0,3.0,3.0,2.0,1.0,1.0,2.0,1.0,2.0,1.0,1.0,2.0,2.0,1.0,1.0,1.0,1.0,2.0,2.0,3.0,2.0,2.0,2.0,3.0,3.0,1.0,2.0,2.0,1.0,3.0,2.0,1.0,2.0,3.0,3.0,2.0,2.0,2.0,2.0,2.0,2.0,1.0,2.0,2.0,3.0,3.0,2.0,3.0,1.0,3.0,2.0,3.0,3.0,2.0,2.0,1.0,2.0,2.0,3.0,3.0,1.0,2.0,2.0,1.0,1.0,2.0,3.0,1.0,3.0,2.0,3.0,2.0,3.0,1.0,1.0,2.0,3.0,3.0,2.0,2.0,1.0,2.0,2.0,2.0,2.0,1.0,2.0,3.0,2.0,3.0,3.0,1.0,3.0,2.0,2.0,2.0,2.0,1.0,2.0,3.0,2.0,2.0,2.0,3.0,3.0,3.0,2.0,1.0,3.0,1.0,3.0,3.0,3.0,2.0,2.0,2.0,2.0,2.0,2.0,2.0,1.0,2.0,3.0,2.0,1.0,2.0,3.0,1.0,1.0,3.0,3.0,2.0,3.0,1.0,3.0,2.0,1.0,1.0,1.0,1.0,3.0,3.0,1.0,3.0,3.0,2.0,2.0,3.0,3.0,2.0,2.0,2.0,3.0,1.0,2.0,3.0,1.0,3.0,3.0,2.0,2.0,2.0,2.0,2.0,2.0,3.0,1.0,3.0,2.0,2.0,3.0,2.0,3.0,2.0,3.0,2.0,2.0,2.0,2.0,3.0,3.0,1.0,2.0,2.0,20,20,27,6,20,20,6,13,6,6,27,6,8,6,7,20,21,6,13,27,27,27,27,2,8,30,13,12,13,30,19,16,7,12,13,2,2,2,7,27,20,7,7,7,7,7,20,7,7,20,20,6,7,6,20,20,7,6,7,7,7,7,7,3,19,15,15,15,8,2,15,15,8,15,2,3,3,3,3,3,32,32,32,32,8,3,16,13,13,13,2,6,13,13,20,6,6,13,13,13,13,13,30,1,1,1,1,1,1,1,1,1,11,11,32,30,25,25,31,18,18,18,18,18,18,11,10,10,10,30,23,8,16,8,9,30,8,25,25,25,31,25,31,10,31,31,31,31,31,31,31,16,16,31,11,11,11,12,11,21,24,26,26,24,24,13,24,24,24,21,23,12,9,26,23,9,13,9,16,16,16,16,16,16,23,16,23,16,16,16,16,16,23,16,16,16,16,26,29,21,29,21,21,21,21,9,2,30,6,30,6,4,9,9,9,27,23,23,1.0,2.0,3.0,2.0,6,6,27,27
13772,2.0675675675675675,0.7958787695220654,3,0,0,"[14, 17, 5]",63,81,78,3.0,3.0,2.0,2.0,2.0,2.0,1.0,3.0,3.0,1.0,3.0,1.0,1.0,3.0,3.0,2.0,2.0,2.0,1.0,3.0,3.0,1.0,3.0,3.0,1.0,1.0,3.0,1.0,1.0,3.0,1.0,1.0,1.0,1.0,1.0,3.0,3.0,1.0,3.0,2.0,1.0,2.0,2.0,1.0,1.0,2.0,2.0,2.0,2.0,3.0,3.0,2.0,2.0,3.0,2.0,2.0,2.0,2.0,3.0,1.0,2.0,2.0,1.0,3.0,2.0,1.0,2.0,3.0,3.0,1.0,2.0,2.0,2.0,2.0,1.0,1.0,2.0,2.0,3.0,3.0,2.0,3.0,1.0,3.0,2.0,3.0,2.0,2.0,2.0,1.0,2.0,2.0,3.0,3.0,3.0,2.0,2.0,1.0,1.0,1.0,3.0,1.0,3.0,2.0,3.0,2.0,3.0,2.0,2.0,3.0,3.0,3.0,3.0,3.0,1.0,2.0,2.0,2.0,3.0,1.0,2.0,3.0,2.0,3.0,3.0,1.0,3.0,2.0,2.0,1.0,2.0,3.0,3.0,3.0,1.0,3.0,1.0,3.0,3.0,2.0,1.0,1.0,3.0,2.0,3.0,3.0,3.0,2.0,2.0,2.0,1.0,3.0,3.0,2.0,1.0,2.0,1.0,1.0,1.0,3.0,3.0,1.0,1.0,3.0,1.0,3.0,3.0,1.0,3.0,2.0,1.0,1.0,1.0,1.0,1.0,1.0,2.0,2.0,3.0,2.0,3.0,3.0,3.0,2.0,3.0,1.0,2.0,1.0,2.0,2.0,2.0,3.0,3.0,2.0,1.0,3.0,2.0,3.0,2.0,2.0,1.0,2.0,2.0,2.0,1.0,3.0,2.0,2.0,1.0,3.0,1.0,3.0,2.0,3.0,3.0,2.0,1.0,2.0,27,27,27,6,20,20,6,13,6,6,27,6,8,27,27,27,27,6,20,20,27,13,13,13,8,30,7,12,13,3,20,16,7,12,13,2,2,20,2,2,2,2,7,7,7,7,20,6,6,6,6,6,7,6,20,20,7,2,7,7,7,7,7,3,19,15,15,15,8,15,15,15,8,15,15,3,3,3,3,3,32,32,32,32,8,3,13,13,13,13,2,6,13,13,3,6,6,13,13,20,13,13,30,1,1,1,1,30,11,21,1,1,28,28,32,30,25,25,28,18,18,18,18,18,18,11,10,10,10,8,23,6,23,8,8,6,15,25,25,12,25,25,31,31,31,31,31,31,31,31,19,31,31,31,11,11,21,13,11,11,24,26,26,24,4,24,24,24,24,21,23,12,9,26,31,21,9,16,16,16,20,16,16,16,16,21,4,16,16,23,23,16,23,16,23,4,16,29,29,29,29,4,21,21,4,10,21,30,30,4,30,30,9,9,9,4,4,23,1.0,2.0,3.0,2.0,6,6,27,27
13772,2.099099099099099,0.7896955705886475,1,0,1,"[17, 14, 5]",59,82,81,1.0,1.0,2.0,1.0,2.0,2.0,2.0,2.0,2.0,2.0,2.0,3.0,3.0,1.0,1.0,2.0,2.0,1.0,2.0,1.0,1.0,1.0,1.0,1.0,3.0,2.0,3.0,3.0,3.0,1.0,1.0,1.0,3.0,2.0,2.0,3.0,3.0,2.0,3.0,2.0,1.0,2.0,1.0,2.0,2.0,3.0,1.0,2.0,2.0,3.0,3.0,3.0,3.0,3.0,1.0,1.0,3.0,3.0,1.0,3.0,1.0,3.0,2.0,3.0,2.0,1.0,2.0,3.0,2.0,1.0,2.0,2.0,2.0,2.0,1.0,2.0,2.0,2.0,3.0,3.0,2.0,3.0,2.0,3.0,1.0,3.0,3.0,3.0,3.0,1.0,1.0,1.0,1.0,1.0,2.0,3.0,3.0,2.0,2.0,1.0,3.0,1.0,1.0,2.0,3.0,1.0,3.0,1.0,2.0,3.0,3.0,3.0,3.0,3.0,1.0,2.0,3.0,3.0,3.0,1.0,2.0,3.0,2.0,3.0,3.0,2.0,3.0,2.0,3.0,1.0,3.0,1.0,1.0,2.0,1.0,1.0,2.0,3.0,3.0,3.0,2.0,2.0,3.0,1.0,2.0,3.0,3.0,2.0,2.0,2.0,2.0,3.0,3.0,1.0,1.0,1.0,3.0,3.0,1.0,2.0,3.0,3.0,3.0,3.0,3.0,2.0,3.0,1.0,3.0,2.0,2.0,1.0,1.0,1.0,2.0,3.0,2.0,3.0,3.0,2.0,2.0,3.0,3.0,2.0,3.0,3.0,1.0,1.0,2.0,3.0,1.0,3.0,2.0,2.0,2.0,2.0,3.0,2.0,1.0,2.0,2.0,3.0,2.0,2.0,3.0,2.0,2.0,2.0,1.0,2.0,1.0,3.0,2.0,3.0,3.0,2.0,1.0,2.0,20,20,27,20,20,20,20,20,20,20,13,20,20,7,7,27,27,7,13,25,7,13,7,7,7,7,7,27,7,30,20,16,27,7,7,2,2,2,2,2,2,2,6,6,6,6,6,6,6,6,6,27,6,6,6,6,6,6,6,6,6,6,6,3,19,15,15,15,15,15,15,15,8,15,15,13,3,3,3,3,32,32,25,32,32,3,16,27,27,13,13,13,6,6,13,13,13,6,6,20,13,13,13,1,1,11,1,1,11,21,1,1,28,28,32,30,28,28,28,18,18,18,18,18,18,10,10,10,31,8,8,8,8,15,8,8,8,25,25,25,31,19,31,10,16,31,31,31,31,31,31,31,31,4,11,30,11,11,11,21,24,24,24,24,24,13,24,24,24,21,12,12,9,26,12,9,9,9,16,16,16,16,16,16,16,27,16,16,16,16,16,16,16,16,16,16,27,26,4,29,31,21,21,21,21,9,21,30,30,30,30,30,9,9,9,4,4,23,2.0,2.0,2.0,1.0,13,6,13,20
13772,2.1036036036036037,0.7628747639732995,1,1,0,"[14, 17, 5]",54,91,77,1.0,1.0,2.0,3.0,2.0,2.0,2.0,2.0,2.0,2.0,1.0,3.0,3.0,3.0,3.0,2.0,2.0,1.0,2.0,2.0,3.0,2.0,2.0,1.0,1.0,1.0,3.0,1.0,3.0,2.0,2.0,2.0,1.0,2.0,2.0,3.0,3.0,3.0,3.0,2.0,1.0,2.0,1.0,2.0,2.0,3.0,1.0,2.0,2.0,3.0,3.0,2.0,3.0,3.0,1.0,1.0,3.0,2.0,1.0,3.0,2.0,3.0,2.0,1.0,2.0,3.0,2.0,3.0,3.0,1.0,2.0,2.0,3.0,2.0,1.0,2.0,2.0,2.0,3.0,3.0,3.0,3.0,1.0,3.0,2.0,2.0,3.0,2.0,2.0,1.0,1.0,1.0,3.0,3.0,2.0,3.0,3.0,1.0,1.0,2.0,3.0,1.0,3.0,2.0,3.0,1.0,3.0,1.0,2.0,3.0,3.0,3.0,3.0,3.0,3.0,1.0,2.0,2.0,1.0,1.0,2.0,3.0,2.0,3.0,3.0,1.0,3.0,2.0,2.0,1.0,3.0,2.0,3.0,2.0,1.0,1.0,2.0,3.0,3.0,3.0,2.0,1.0,3.0,1.0,2.0,3.0,3.0,2.0,2.0,2.0,3.0,2.0,2.0,1.0,1.0,1.0,3.0,2.0,1.0,1.0,3.0,1.0,1.0,3.0,2.0,3.0,3.0,2.0,3.0,2.0,2.0,2.0,2.0,2.0,1.0,2.0,3.0,3.0,3.0,2.0,2.0,3.0,3.0,2.0,3.0,2.0,2.0,1.0,2.0,3.0,1.0,3.0,2.0,2.0,2.0,3.0,2.0,3.0,2.0,3.0,1.0,3.0,2.0,2.0,1.0,1.0,2.0,2.0,2.0,3.0,1.0,3.0,2.0,1.0,1.0,2.0,2.0,2.0,20,20,27,13,20,20,20,20,20,20,20,20,20,27,27,27,27,7,13,27,27,27,27,7,8,30,7,12,7,7,7,7,7,7,7,2,2,13,2,2,2,2,6,6,6,6,6,6,6,6,6,6,6,6,6,6,6,2,6,6,7,6,6,19,19,6,15,15,8,15,15,15,15,15,15,13,3,3,3,3,28,32,32,32,8,28,16,13,13,13,13,13,13,13,13,13,13,13,13,13,13,13,30,1,1,11,1,1,11,21,1,1,28,28,28,28,25,25,30,18,18,18,18,18,18,11,10,10,10,8,8,15,23,15,8,8,8,25,25,25,31,25,31,10,16,31,31,31,31,31,28,16,16,4,11,30,11,12,11,4,24,26,26,24,30,24,24,28,24,21,12,7,12,12,31,12,12,9,16,16,16,16,16,16,16,16,4,16,16,16,16,16,16,16,16,4,16,29,29,21,29,21,21,21,4,21,21,30,4,4,30,30,9,12,12,4,23,23,2.0,1.0,1.0,2.0,13,20,20,27
13772,2.0720720720720722,0.8039687946906964,2,0,1,"[5, 17, 14]",64,78,80,2.0,2.0,2.0,2.0,3.0,3.0,1.0,1.0,3.0,1.0,3.0,1.0,1.0,2.0,1.0,2.0,2.0,2.0,2.0,1.0,1.0,1.0,1.0,1.0,1.0,1.0,3.0,1.0,3.0,2.0,3.0,1.0,2.0,1.0,2.0,3.0,3.0,3.0,3.0,2.0,1.0,2.0,3.0,3.0,3.0,1.0,2.0,3.0,3.0,1.0,1.0,2.0,3.0,3.0,2.0,2.0,1.0,2.0,2.0,2.0,3.0,1.0,3.0,3.0,2.0,1.0,2.0,3.0,1.0,1.0,2.0,2.0,2.0,2.0,1.0,1.0,2.0,2.0,3.0,3.0,3.0,3.0,1.0,3.0,2.0,3.0,3.0,2.0,2.0,1.0,1.0,2.0,3.0,3.0,2.0,2.0,2.0,1.0,1.0,2.0,3.0,1.0,3.0,2.0,3.0,2.0,3.0,1.0,1.0,2.0,3.0,3.0,3.0,3.0,3.0,1.0,2.0,2.0,3.0,1.0,2.0,3.0,2.0,3.0,3.0,2.0,3.0,1.0,2.0,1.0,3.0,2.0,2.0,3.0,2.0,1.0,1.0,1.0,1.0,3.0,2.0,1.0,3.0,2.0,3.0,3.0,3.0,2.0,2.0,2.0,3.0,2.0,2.0,2.0,1.0,1.0,3.0,2.0,1.0,3.0,3.0,1.0,2.0,3.0,1.0,3.0,3.0,1.0,3.0,2.0,1.0,1.0,1.0,3.0,3.0,3.0,1.0,3.0,3.0,2.0,2.0,3.0,3.0,2.0,3.0,1.0,1.0,1.0,1.0,3.0,1.0,3.0,2.0,3.0,3.0,2.0,2.0,2.0,2.0,3.0,2.0,3.0,1.0,2.0,3.0,3.0,2.0,2.0,1.0,1.0,1.0,3.0,2.0,3.0,3.0,2.0,2.0,2.0,7,7,27,6,13,13,6,7,6,6,27,6,8,6,7,27,27,6,13,25,7,13,7,7,8,30,7,12,7,7,19,16,20,12,7,2,2,13,2,2,2,2,20,27,27,20,20,27,27,20,20,6,6,6,20,20,20,2,20,20,20,20,20,3,19,15,15,15,6,15,15,15,8,15,15,3,3,3,3,3,28,32,32,32,8,3,16,13,13,13,13,6,13,13,13,6,6,13,13,13,13,13,30,1,1,1,1,1,1,1,1,1,28,28,28,28,25,25,28,18,18,18,18,18,18,10,10,11,10,8,8,15,16,8,9,8,15,30,30,25,31,25,31,31,31,31,31,31,31,31,28,16,16,31,11,30,11,12,11,11,24,26,21,24,4,24,24,24,24,21,23,12,9,9,23,9,13,9,16,16,16,16,16,16,16,21,16,16,11,16,16,16,16,7,6,16,16,26,29,21,31,21,9,21,21,10,21,30,30,23,30,30,9,9,9,4,23,23,1.0,2.0,3.0,2.0,6,6,27,27
13772,2.09009009009009,0.7850359481010101,1,0,0,"[17, 14, 5]",59,84,79,1.0,1.0,1.0,1.0,2.0,2.0,2.0,2.0,2.0,2.0,3.0,3.0,3.0,2.0,1.0,2.0,2.0,2.0,2.0,2.0,3.0,2.0,2.0,2.0,1.0,1.0,3.0,1.0,3.0,3.0,3.0,1.0,1.0,1.0,1.0,3.0,3.0,2.0,1.0,2.0,1.0,1.0,2.0,1.0,1.0,3.0,1.0,1.0,1.0,3.0,3.0,2.0,2.0,3.0,3.0,3.0,2.0,3.0,3.0,3.0,1.0,2.0,2.0,3.0,2.0,3.0,2.0,3.0,2.0,1.0,2.0,1.0,3.0,2.0,1.0,1.0,2.0,2.0,3.0,3.0,2.0,3.0,1.0,3.0,1.0,3.0,2.0,2.0,2.0,1.0,2.0,2.0,3.0,3.0,3.0,2.0,2.0,1.0,1.0,2.0,3.0,1.0,3.0,2.0,3.0,2.0,3.0,1.0,2.0,3.0,3.0,3.0,3.0,3.0,1.0,2.0,3.0,3.0,2.0,1.0,2.0,3.0,3.0,2.0,3.0,2.0,3.0,2.0,2.0,1.0,3.0,2.0,1.0,2.0,1.0,1.0,3.0,2.0,2.0,3.0,1.0,1.0,3.0,2.0,2.0,3.0,3.0,2.0,1.0,1.0,2.0,3.0,3.0,2.0,1.0,2.0,3.0,3.0,1.0,1.0,3.0,3.0,3.0,3.0,3.0,2.0,3.0,1.0,3.0,2.0,2.0,1.0,2.0,2.0,3.0,3.0,3.0,3.0,3.0,2.0,2.0,3.0,3.0,2.0,3.0,2.0,3.0,1.0,2.0,2.0,1.0,3.0,3.0,2.0,2.0,2.0,2.0,2.0,1.0,3.0,1.0,1.0,1.0,2.0,1.0,2.0,1.0,2.0,1.0,2.0,1.0,3.0,2.0,3.0,3.0,2.0,2.0,2.0,20,20,20,20,20,20,20,20,20,20,27,20,20,6,7,27,27,6,13,27,27,27,27,2,8,30,7,12,7,3,19,16,7,12,13,2,2,2,7,2,2,7,7,7,7,6,6,7,7,6,6,6,7,6,27,27,7,6,7,6,6,7,6,3,19,6,15,15,15,15,15,16,15,15,15,3,3,3,3,3,32,32,32,32,32,3,13,13,13,13,2,6,13,13,3,6,6,13,13,13,13,13,30,1,1,1,1,1,11,21,1,1,28,28,32,30,28,28,31,18,18,18,12,16,18,10,10,10,10,8,8,15,8,15,8,8,31,28,28,25,25,25,31,31,16,31,31,31,13,13,31,31,31,31,11,11,11,11,11,4,24,24,24,24,24,13,24,24,24,21,12,12,12,12,23,9,12,9,16,16,16,16,16,16,16,16,23,16,16,23,16,16,23,16,16,16,16,26,4,21,29,23,9,21,4,9,23,30,30,30,30,30,9,9,9,4,23,23,1.0,2.0,3.0,1.0,6,6,27,20
13772,2.027027027027027,0.812342119259643,1,0,1,"[17, 26, 5, 14]",70,76,76,1.0,1.0,2.0,2.0,2.0,2.0,1.0,2.0,3.0,1.0,3.0,1.0,1.0,3.0,3.0,2.0,2.0,2.0,1.0,2.0,3.0,1.0,3.0,2.0,1.0,1.0,1.0,1.0,1.0,1.0,1.0,1.0,1.0,1.0,1.0,3.0,3.0,2.0,1.0,2.0,2.0,1.0,2.0,1.0,1.0,2.0,2.0,1.0,1.0,3.0,3.0,2.0,2.0,3.0,2.0,2.0,2.0,1.0,3.0,1.0,2.0,3.0,1.0,2.0,2.0,1.0,2.0,3.0,2.0,2.0,2.0,2.0,3.0,2.0,2.0,1.0,2.0,2.0,3.0,3.0,2.0,3.0,1.0,3.0,1.0,1.0,2.0,2.0,2.0,1.0,2.0,2.0,3.0,3.0,1.0,2.0,2.0,1.0,1.0,1.0,3.0,1.0,2.0,2.0,3.0,2.0,3.0,1.0,1.0,2.0,3.0,3.0,3.0,3.0,3.0,1.0,3.0,3.0,3.0,1.0,2.0,3.0,2.0,3.0,3.0,2.0,1.0,2.0,2.0,1.0,3.0,3.0,1.0,2.0,1.0,1.0,1.0,3.0,3.0,3.0,1.0,2.0,3.0,2.0,3.0,3.0,3.0,2.0,1.0,1.0,2.0,3.0,3.0,2.0,1.0,1.0,3.0,3.0,1.0,3.0,3.0,3.0,3.0,3.0,3.0,1.0,3.0,1.0,3.0,1.0,2.0,1.0,1.0,3.0,2.0,3.0,2.0,3.0,3.0,2.0,2.0,3.0,3.0,2.0,3.0,1.0,2.0,1.0,2.0,3.0,1.0,3.0,2.0,2.0,3.0,3.0,2.0,3.0,2.0,1.0,1.0,3.0,1.0,2.0,3.0,3.0,2.0,2.0,1.0,3.0,1.0,3.0,2.0,3.0,3.0,2.0,1.0,2.0,20,20,27,6,20,20,6,20,6,6,27,6,8,27,27,27,27,6,20,27,27,13,13,2,8,30,13,12,13,30,20,16,7,12,13,2,2,2,7,2,20,7,7,7,7,7,20,7,7,6,6,6,7,6,20,20,7,7,7,7,7,6,7,25,19,15,15,15,15,2,15,15,15,15,2,3,3,3,3,3,32,32,32,32,32,32,13,13,13,13,2,6,13,13,20,6,6,13,13,20,13,13,12,1,1,1,1,1,1,1,1,1,28,28,28,28,28,28,28,18,18,18,18,18,18,10,31,10,10,8,8,6,8,15,8,8,15,25,25,25,25,19,31,31,31,31,31,31,13,13,31,31,31,31,11,30,11,11,11,11,24,24,24,24,24,30,24,24,24,12,12,12,9,9,12,9,9,9,16,16,16,16,16,16,16,21,4,16,16,16,16,16,16,16,6,4,16,29,29,11,29,21,9,21,21,10,21,30,30,4,30,30,9,9,9,4,4,23,1.0,2.0,3.0,2.0,6,6,27,27
13772,2.135135135135135,0.7785179851160001,1,0,0,"[5, 14]",54,84,84,2.0,2.0,2.0,1.0,2.0,2.0,3.0,1.0,2.0,2.0,3.0,3.0,3.0,3.0,3.0,2.0,2.0,1.0,2.0,2.0,3.0,1.0,3.0,1.0,1.0,1.0,3.0,1.0,3.0,2.0,1.0,2.0,2.0,2.0,2.0,3.0,3.0,1.0,3.0,2.0,1.0,2.0,1.0,2.0,2.0,3.0,1.0,2.0,2.0,3.0,3.0,2.0,3.0,3.0,1.0,1.0,3.0,2.0,1.0,3.0,1.0,3.0,2.0,3.0,2.0,1.0,2.0,3.0,3.0,1.0,2.0,2.0,3.0,2.0,1.0,1.0,2.0,2.0,3.0,3.0,2.0,3.0,1.0,3.0,1.0,3.0,3.0,2.0,2.0,1.0,1.0,1.0,3.0,3.0,2.0,3.0,3.0,1.0,1.0,1.0,3.0,1.0,3.0,2.0,3.0,2.0,3.0,1.0,1.0,2.0,3.0,3.0,3.0,3.0,1.0,2.0,3.0,3.0,3.0,3.0,1.0,3.0,3.0,3.0,3.0,2.0,3.0,2.0,3.0,1.0,3.0,1.0,2.0,2.0,1.0,1.0,2.0,2.0,2.0,3.0,1.0,1.0,3.0,2.0,2.0,3.0,3.0,2.0,2.0,2.0,2.0,3.0,3.0,2.0,1.0,2.0,3.0,3.0,1.0,3.0,3.0,1.0,2.0,3.0,2.0,3.0,3.0,1.0,2.0,2.0,2.0,1.0,2.0,2.0,3.0,2.0,3.0,3.0,3.0,2.0,2.0,3.0,3.0,2.0,3.0,2.0,3.0,1.0,2.0,3.0,2.0,3.0,2.0,2.0,2.0,2.0,2.0,3.0,2.0,2.0,1.0,1.0,2.0,2.0,3.0,3.0,1.0,2.0,1.0,1.0,1.0,3.0,2.0,3.0,3.0,2.0,2.0,2.0,7,7,27,20,20,20,7,7,20,20,27,20,20,27,27,27,27,7,13,27,27,13,13,7,8,30,7,12,7,7,20,7,20,7,7,2,2,20,2,2,2,2,6,6,6,6,6,6,6,6,6,6,6,6,6,6,6,2,6,6,6,6,6,3,19,15,15,15,8,15,15,15,15,15,15,3,3,3,3,3,32,32,32,32,32,3,16,13,13,13,13,13,13,13,13,13,13,13,13,20,13,13,30,1,1,1,1,1,1,1,1,1,28,28,32,30,28,28,28,17,17,18,12,18,18,10,10,10,31,8,8,8,16,15,8,8,8,28,28,25,25,25,31,31,16,31,31,31,31,31,31,31,31,31,11,11,11,11,11,11,24,26,21,24,30,24,24,24,19,21,12,12,12,12,23,12,12,9,16,16,16,16,16,16,16,16,23,16,16,16,23,16,16,16,16,16,16,29,29,29,29,23,21,21,21,10,23,30,30,23,30,30,9,9,9,4,23,23,1.0,1.0,3.0,2.0,6,20,27,27
13772,2.126126126126126,0.7683456650123669,4,0,0,"[14, 5, 17]",53,88,81,2.0,2.0,2.0,1.0,2.0,2.0,3.0,1.0,2.0,2.0,3.0,3.0,3.0,1.0,1.0,2.0,2.0,3.0,3.0,1.0,1.0,1.0,3.0,1.0,1.0,1.0,3.0,1.0,3.0,2.0,2.0,1.0,2.0,3.0,3.0,3.0,3.0,2.0,2.0,2.0,2.0,2.0,3.0,2.0,2.0,3.0,1.0,2.0,2.0,3.0,3.0,2.0,3.0,3.0,1.0,1.0,3.0,3.0,1.0,3.0,1.0,3.0,2.0,3.0,2.0,1.0,2.0,3.0,2.0,2.0,2.0,2.0,3.0,2.0,2.0,1.0,2.0,2.0,3.0,3.0,2.0,3.0,1.0,3.0,1.0,3.0,2.0,2.0,2.0,1.0,2.0,1.0,3.0,3.0,2.0,3.0,3.0,1.0,1.0,2.0,3.0,1.0,2.0,2.0,3.0,2.0,3.0,1.0,1.0,2.0,3.0,3.0,3.0,3.0,1.0,2.0,3.0,3.0,3.0,1.0,2.0,3.0,2.0,2.0,3.0,1.0,3.0,2.0,2.0,1.0,3.0,2.0,1.0,2.0,1.0,1.0,2.0,2.0,2.0,3.0,1.0,1.0,3.0,2.0,2.0,3.0,3.0,2.0,2.0,2.0,1.0,2.0,2.0,2.0,1.0,2.0,3.0,3.0,1.0,2.0,3.0,3.0,3.0,3.0,3.0,3.0,3.0,1.0,3.0,2.0,2.0,1.0,1.0,1.0,1.0,1.0,2.0,3.0,3.0,2.0,2.0,3.0,3.0,2.0,3.0,2.0,3.0,1.0,2.0,3.0,1.0,3.0,3.0,3.0,2.0,2.0,2.0,3.0,2.0,2.0,1.0,3.0,2.0,2.0,3.0,3.0,2.0,2.0,1.0,2.0,1.0,3.0,2.0,3.0,3.0,2.0,2.0,2.0,7,7,27,20,20,20,7,7,20,20,27,20,20,7,7,27,27,27,27,25,7,13,13,7,8,30,7,12,7,7,7,16,20,27,27,2,2,2,20,2,20,2,20,6,6,6,6,6,6,6,6,6,6,6,6,6,6,6,6,6,6,6,6,3,19,15,15,15,15,2,15,15,15,15,2,3,3,3,3,3,32,32,32,32,32,3,13,13,13,13,2,13,13,13,13,13,13,13,13,13,13,13,12,1,1,1,1,1,1,1,1,1,28,28,32,30,28,28,28,18,18,18,18,16,18,11,10,10,10,8,8,15,8,15,8,8,8,28,28,25,25,25,31,31,16,31,31,31,31,31,19,16,16,31,11,11,11,11,11,21,24,24,24,24,24,24,24,24,24,21,12,12,9,26,31,21,9,9,16,16,16,16,16,16,16,16,23,16,16,16,16,16,23,7,16,16,16,29,29,29,29,21,21,21,21,10,21,30,30,30,30,30,9,9,9,4,23,23,1.0,1.0,3.0,2.0,6,20,27,27
13772,2.0855855855855854,0.8166089076336228,2,0,1,"[14, 5, 17, 26]",65,73,84,1.0,1.0,1.0,2.0,2.0,2.0,2.0,2.0,1.0,1.0,3.0,3.0,3.0,1.0,1.0,2.0,2.0,1.0,2.0,1.0,1.0,1.0,1.0,1.0,1.0,1.0,3.0,1.0,3.0,3.0,2.0,1.0,3.0,1.0,1.0,3.0,3.0,1.0,3.0,2.0,1.0,2.0,1.0,3.0,3.0,3.0,1.0,3.0,3.0,2.0,2.0,3.0,3.0,3.0,3.0,3.0,3.0,2.0,3.0,3.0,1.0,3.0,2.0,3.0,2.0,1.0,2.0,3.0,3.0,1.0,2.0,2.0,3.0,2.0,1.0,1.0,2.0,2.0,3.0,3.0,2.0,3.0,1.0,3.0,1.0,3.0,3.0,2.0,2.0,1.0,2.0,2.0,3.0,3.0,3.0,2.0,2.0,1.0,1.0,2.0,3.0,1.0,3.0,2.0,3.0,2.0,3.0,1.0,1.0,2.0,3.0,3.0,3.0,3.0,1.0,2.0,3.0,3.0,3.0,1.0,2.0,3.0,2.0,3.0,3.0,1.0,3.0,1.0,2.0,1.0,3.0,2.0,1.0,3.0,2.0,1.0,2.0,3.0,3.0,3.0,2.0,1.0,3.0,1.0,3.0,3.0,3.0,2.0,2.0,2.0,1.0,3.0,3.0,2.0,1.0,1.0,1.0,1.0,1.0,3.0,3.0,3.0,2.0,3.0,2.0,2.0,3.0,1.0,3.0,1.0,1.0,1.0,2.0,2.0,3.0,2.0,3.0,2.0,3.0,2.0,2.0,3.0,3.0,2.0,2.0,3.0,1.0,1.0,1.0,2.0,3.0,3.0,3.0,2.0,1.0,2.0,2.0,3.0,2.0,2.0,2.0,2.0,1.0,2.0,1.0,3.0,2.0,2.0,2.0,3.0,1.0,3.0,2.0,3.0,3.0,2.0,2.0,2.0,20,20,20,6,20,20,20,20,7,6,27,20,20,7,7,27,27,7,13,25,7,13,7,7,8,30,7,12,7,3,7,16,27,12,13,2,2,20,2,2,2,2,6,27,27,6,6,27,27,27,27,27,6,6,27,27,6,2,7,6,6,6,6,3,19,15,15,15,8,15,15,15,15,15,15,3,3,3,3,3,32,32,32,32,32,3,16,13,13,13,2,6,13,13,3,6,6,13,13,13,13,13,30,1,1,1,1,1,1,1,1,1,28,28,32,30,28,28,28,18,18,18,18,18,18,11,10,11,10,8,8,15,8,8,9,8,8,25,25,25,31,25,31,10,31,31,31,31,31,31,19,31,31,31,11,30,21,13,11,11,24,24,21,24,30,13,24,24,24,12,23,12,12,12,23,12,12,16,16,16,16,16,16,16,23,27,16,16,11,23,7,16,23,16,23,16,16,29,29,29,31,4,9,21,4,10,21,30,4,4,30,30,9,9,9,4,23,23,1.0,2.0,1.0,1.0,6,6,20,20
13772,2.09009009009009,0.8021413597850569,0,0,1,"[17, 14, 5]",62,78,82,1.0,1.0,1.0,2.0,2.0,2.0,2.0,2.0,1.0,1.0,2.0,3.0,3.0,1.0,1.0,2.0,2.0,3.0,3.0,1.0,1.0,1.0,3.0,1.0,1.0,1.0,3.0,2.0,3.0,2.0,2.0,1.0,3.0,1.0,2.0,3.0,3.0,1.0,3.0,1.0,1.0,2.0,1.0,3.0,3.0,3.0,1.0,3.0,3.0,2.0,2.0,2.0,3.0,3.0,3.0,3.0,3.0,2.0,3.0,3.0,1.0,3.0,2.0,1.0,2.0,1.0,2.0,3.0,3.0,1.0,2.0,2.0,3.0,2.0,1.0,1.0,2.0,2.0,3.0,3.0,2.0,3.0,2.0,3.0,1.0,1.0,3.0,2.0,2.0,1.0,2.0,2.0,3.0,3.0,2.0,2.0,2.0,1.0,1.0,2.0,3.0,1.0,3.0,2.0,3.0,2.0,3.0,1.0,1.0,2.0,2.0,2.0,3.0,3.0,1.0,2.0,3.0,3.0,3.0,1.0,2.0,3.0,2.0,3.0,3.0,2.0,3.0,2.0,3.0,1.0,3.0,2.0,3.0,3.0,1.0,1.0,2.0,2.0,2.0,3.0,2.0,1.0,3.0,2.0,3.0,3.0,3.0,2.0,1.0,1.0,2.0,2.0,2.0,2.0,1.0,2.0,1.0,3.0,1.0,3.0,3.0,3.0,3.0,3.0,3.0,3.0,3.0,1.0,3.0,1.0,2.0,1.0,2.0,3.0,2.0,3.0,2.0,3.0,3.0,2.0,2.0,3.0,3.0,2.0,3.0,2.0,3.0,1.0,1.0,3.0,1.0,3.0,2.0,2.0,2.0,2.0,2.0,2.0,1.0,3.0,1.0,1.0,1.0,2.0,3.0,3.0,1.0,2.0,1.0,2.0,1.0,3.0,2.0,3.0,3.0,1.0,2.0,2.0,20,20,20,6,20,20,20,20,7,6,13,20,20,7,7,27,27,27,27,25,7,13,13,7,8,30,7,7,7,7,7,16,27,12,7,2,2,20,2,27,2,2,6,27,27,6,6,27,27,27,27,6,6,6,27,27,6,2,7,6,6,6,6,19,19,15,15,15,8,15,15,15,15,15,15,3,3,3,3,3,32,32,25,32,32,32,16,13,13,13,2,6,13,13,13,6,6,13,13,13,13,13,30,1,1,1,1,1,1,1,9,9,28,28,32,30,28,28,28,18,18,18,18,18,18,10,10,10,31,8,8,15,23,8,8,8,8,28,28,25,31,25,31,31,31,31,31,31,13,13,31,16,16,31,11,11,21,11,11,11,24,24,24,24,24,24,24,24,24,12,12,12,12,9,12,9,9,9,16,16,16,16,16,16,16,16,23,16,11,16,16,16,16,16,16,16,16,26,4,21,29,23,9,21,21,10,23,30,30,30,30,30,9,9,9,27,23,23,1.0,1.0,2.0,1.0,6,20,13,20
13772,2.126126126126126,0.732158738532403,1,0,1,"[5, 17, 29, 14]",47,100,75,1.0,1.0,1.0,2.0,2.0,2.0,2.0,2.0,2.0,2.0,3.0,3.0,3.0,3.0,3.0,2.0,2.0,3.0,3.0,2.0,3.0,1.0,1.0,1.0,1.0,1.0,3.0,2.0,3.0,2.0,2.0,2.0,1.0,2.0,2.0,3.0,3.0,1.0,3.0,2.0,1.0,2.0,1.0,2.0,2.0,3.0,1.0,2.0,2.0,3.0,3.0,2.0,3.0,3.0,1.0,1.0,3.0,3.0,1.0,3.0,1.0,3.0,2.0,3.0,2.0,1.0,2.0,3.0,3.0,2.0,2.0,2.0,3.0,2.0,2.0,2.0,2.0,2.0,3.0,3.0,2.0,3.0,1.0,3.0,1.0,3.0,2.0,2.0,2.0,1.0,1.0,1.0,3.0,3.0,2.0,3.0,3.0,2.0,2.0,2.0,3.0,1.0,2.0,2.0,2.0,2.0,3.0,1.0,2.0,1.0,3.0,3.0,3.0,3.0,1.0,2.0,2.0,2.0,3.0,1.0,2.0,3.0,2.0,3.0,3.0,2.0,3.0,2.0,2.0,1.0,3.0,2.0,2.0,3.0,1.0,1.0,2.0,3.0,3.0,3.0,1.0,2.0,3.0,2.0,3.0,3.0,3.0,2.0,2.0,2.0,2.0,2.0,2.0,2.0,1.0,2.0,3.0,2.0,1.0,3.0,3.0,3.0,2.0,3.0,1.0,1.0,3.0,1.0,3.0,2.0,2.0,1.0,1.0,1.0,2.0,2.0,3.0,2.0,3.0,2.0,2.0,3.0,3.0,2.0,2.0,2.0,2.0,1.0,2.0,3.0,1.0,3.0,2.0,2.0,2.0,2.0,2.0,2.0,1.0,3.0,2.0,3.0,2.0,2.0,3.0,2.0,2.0,2.0,2.0,3.0,1.0,2.0,2.0,3.0,3.0,2.0,1.0,2.0,20,20,20,6,20,20,20,20,20,20,27,20,20,27,27,27,27,27,27,27,27,13,7,7,8,30,7,7,7,7,7,7,7,7,7,2,2,20,2,2,2,2,6,6,6,6,6,6,6,6,6,6,6,6,6,6,6,6,6,6,6,6,6,3,19,15,15,15,8,2,15,15,15,15,2,13,3,3,3,3,32,32,32,32,32,3,13,13,13,13,13,13,13,13,13,13,13,6,6,13,13,13,12,1,12,1,1,1,11,7,1,1,28,28,32,30,25,25,28,18,18,18,18,18,18,10,10,10,10,8,8,15,16,8,8,8,8,25,25,25,25,19,31,31,31,31,31,31,31,31,31,16,16,31,11,11,11,12,11,11,24,24,21,24,4,30,24,24,24,21,12,12,9,26,12,12,12,16,16,16,16,16,16,16,23,16,4,16,16,16,16,16,16,16,16,16,16,26,4,21,31,21,21,21,21,9,21,30,4,4,30,4,9,9,9,4,4,23,2.0,1.0,3.0,1.0,13,20,27,20
13772,2.0585585585585586,0.813457896850872,2,0,2,"[14, 17, 5, 29]",67,75,80,2.0,2.0,2.0,2.0,3.0,3.0,3.0,1.0,3.0,1.0,2.0,1.0,1.0,2.0,1.0,2.0,2.0,2.0,2.0,1.0,1.0,1.0,1.0,1.0,3.0,1.0,3.0,1.0,3.0,3.0,3.0,1.0,3.0,1.0,1.0,1.0,3.0,1.0,3.0,2.0,1.0,2.0,3.0,3.0,3.0,1.0,2.0,3.0,3.0,3.0,3.0,2.0,1.0,3.0,3.0,3.0,3.0,2.0,2.0,2.0,3.0,1.0,3.0,1.0,1.0,1.0,1.0,3.0,3.0,1.0,2.0,2.0,2.0,2.0,1.0,1.0,2.0,2.0,3.0,3.0,2.0,3.0,1.0,3.0,1.0,1.0,3.0,2.0,2.0,1.0,2.0,2.0,3.0,3.0,3.0,2.0,2.0,1.0,1.0,2.0,3.0,1.0,3.0,2.0,3.0,2.0,3.0,1.0,1.0,2.0,3.0,3.0,2.0,2.0,3.0,1.0,3.0,3.0,3.0,1.0,2.0,3.0,3.0,3.0,3.0,1.0,1.0,2.0,2.0,2.0,3.0,1.0,1.0,2.0,1.0,2.0,2.0,2.0,2.0,3.0,1.0,1.0,2.0,1.0,3.0,3.0,3.0,2.0,2.0,2.0,2.0,3.0,3.0,2.0,1.0,1.0,3.0,2.0,1.0,2.0,3.0,1.0,1.0,3.0,3.0,3.0,3.0,1.0,3.0,1.0,2.0,1.0,2.0,1.0,3.0,3.0,2.0,3.0,3.0,2.0,2.0,3.0,3.0,2.0,3.0,1.0,1.0,1.0,1.0,3.0,1.0,3.0,2.0,2.0,2.0,2.0,2.0,2.0,1.0,3.0,2.0,3.0,1.0,3.0,3.0,3.0,2.0,2.0,1.0,3.0,1.0,2.0,2.0,3.0,3.0,2.0,1.0,2.0,7,7,27,6,13,13,7,7,6,6,13,6,8,6,7,27,27,6,13,25,7,13,7,7,7,30,7,12,7,3,19,16,27,12,13,9,2,20,2,2,2,2,20,27,27,20,20,27,27,6,6,6,20,6,27,27,6,2,20,20,20,20,20,19,20,15,6,15,8,15,15,15,8,15,15,3,3,3,3,3,32,32,32,32,32,32,16,13,13,13,2,6,13,13,3,6,6,13,13,13,13,13,30,1,1,1,1,1,1,1,1,1,11,11,28,28,28,28,28,18,18,18,12,18,18,11,31,10,10,30,8,8,8,15,8,30,8,28,28,25,25,25,6,10,31,31,31,31,31,31,31,31,31,31,11,30,11,12,11,21,24,26,26,24,24,24,24,24,24,12,12,12,12,26,23,9,9,9,16,16,16,16,16,16,16,21,16,16,11,16,16,16,16,16,16,16,16,26,4,21,31,21,9,7,21,10,21,30,30,4,30,4,9,9,9,4,4,23,1.0,2.0,2.0,2.0,6,6,13,27
13772,2.0675675675675675,0.7901729190628471,1,0,1,"[17, 14, 5]",62,83,77,2.0,2.0,1.0,1.0,2.0,2.0,3.0,1.0,1.0,1.0,2.0,3.0,3.0,1.0,1.0,2.0,2.0,3.0,3.0,1.0,1.0,1.0,3.0,1.0,1.0,1.0,3.0,1.0,3.0,1.0,3.0,1.0,3.0,2.0,1.0,3.0,3.0,1.0,3.0,2.0,1.0,2.0,1.0,3.0,3.0,3.0,1.0,3.0,3.0,2.0,2.0,2.0,3.0,3.0,3.0,3.0,3.0,2.0,1.0,3.0,1.0,3.0,2.0,2.0,2.0,1.0,2.0,3.0,2.0,1.0,2.0,2.0,3.0,2.0,1.0,1.0,2.0,2.0,3.0,3.0,2.0,3.0,1.0,3.0,1.0,1.0,3.0,2.0,2.0,1.0,2.0,2.0,3.0,3.0,1.0,2.0,2.0,1.0,1.0,2.0,3.0,1.0,3.0,1.0,3.0,2.0,3.0,1.0,3.0,3.0,3.0,3.0,2.0,2.0,2.0,2.0,3.0,3.0,3.0,1.0,2.0,3.0,2.0,3.0,3.0,2.0,3.0,2.0,2.0,1.0,3.0,1.0,1.0,3.0,1.0,2.0,2.0,2.0,2.0,2.0,1.0,1.0,3.0,2.0,3.0,3.0,3.0,2.0,2.0,2.0,2.0,2.0,2.0,2.0,1.0,1.0,3.0,3.0,1.0,3.0,3.0,1.0,1.0,3.0,3.0,2.0,3.0,1.0,3.0,2.0,1.0,1.0,1.0,1.0,3.0,3.0,2.0,3.0,3.0,2.0,2.0,3.0,3.0,2.0,3.0,2.0,1.0,1.0,2.0,3.0,2.0,3.0,3.0,2.0,2.0,2.0,2.0,2.0,2.0,3.0,2.0,2.0,2.0,2.0,3.0,2.0,1.0,2.0,2.0,1.0,1.0,2.0,2.0,3.0,3.0,2.0,2.0,2.0,7,7,20,20,20,20,7,7,7,6,13,20,20,7,7,27,27,27,27,25,7,13,13,7,8,30,7,12,7,30,19,16,27,7,13,2,2,20,2,2,2,2,6,27,27,6,6,27,27,27,27,6,6,6,27,27,6,2,6,6,6,6,6,25,19,15,15,15,15,15,15,15,15,15,15,3,3,3,3,3,32,32,32,32,32,32,16,13,13,13,2,6,13,13,20,6,6,13,13,13,13,13,30,21,1,1,1,1,21,21,1,1,11,11,24,30,28,28,28,18,18,18,18,18,18,10,10,10,10,8,8,8,8,8,8,30,8,28,28,12,25,25,31,31,31,31,31,31,31,31,31,16,16,31,11,30,11,11,11,11,24,26,26,24,24,13,24,24,24,21,23,12,9,26,23,9,9,9,16,16,16,16,16,16,16,16,16,16,16,16,23,16,23,16,16,16,16,26,29,21,31,4,21,21,21,9,23,30,4,23,30,4,9,9,9,4,23,23,1.0,1.0,2.0,1.0,6,20,13,20
13772,2.126126126126126,0.7915517392855129,0,0,2,"[5, 17, 14, 26]",57,80,85,1.0,1.0,1.0,3.0,2.0,2.0,2.0,2.0,2.0,2.0,2.0,3.0,3.0,1.0,1.0,2.0,2.0,1.0,2.0,1.0,1.0,1.0,1.0,1.0,1.0,1.0,3.0,2.0,3.0,3.0,2.0,1.0,3.0,2.0,1.0,2.0,2.0,3.0,3.0,2.0,1.0,2.0,1.0,3.0,3.0,3.0,1.0,3.0,3.0,3.0,3.0,2.0,3.0,3.0,3.0,3.0,3.0,2.0,1.0,3.0,3.0,3.0,2.0,3.0,2.0,1.0,2.0,3.0,3.0,1.0,2.0,2.0,3.0,2.0,1.0,1.0,2.0,2.0,3.0,3.0,2.0,3.0,1.0,3.0,2.0,3.0,3.0,2.0,2.0,2.0,1.0,1.0,3.0,3.0,3.0,3.0,3.0,3.0,3.0,2.0,3.0,2.0,2.0,2.0,3.0,2.0,3.0,1.0,1.0,2.0,3.0,3.0,3.0,3.0,1.0,2.0,3.0,3.0,3.0,1.0,2.0,3.0,2.0,3.0,3.0,2.0,3.0,2.0,2.0,1.0,3.0,2.0,1.0,3.0,2.0,1.0,3.0,2.0,2.0,3.0,1.0,1.0,3.0,2.0,2.0,3.0,3.0,2.0,2.0,2.0,1.0,3.0,3.0,2.0,1.0,2.0,3.0,2.0,1.0,1.0,3.0,3.0,2.0,3.0,1.0,2.0,3.0,1.0,3.0,2.0,2.0,1.0,1.0,3.0,1.0,1.0,2.0,2.0,3.0,2.0,2.0,3.0,3.0,2.0,3.0,2.0,1.0,1.0,1.0,3.0,1.0,3.0,2.0,2.0,3.0,2.0,1.0,3.0,2.0,1.0,1.0,3.0,2.0,2.0,3.0,2.0,1.0,3.0,2.0,3.0,1.0,2.0,2.0,3.0,3.0,2.0,1.0,2.0,20,20,20,13,20,20,20,20,20,20,13,20,20,7,7,27,27,7,13,25,7,13,7,7,8,30,7,7,7,3,7,16,27,7,13,21,21,13,2,2,2,2,6,27,27,6,6,27,27,6,6,6,6,6,27,27,6,2,6,6,20,6,6,3,19,15,15,15,8,15,15,15,15,15,15,3,3,3,3,3,32,32,32,32,8,3,16,13,13,2,13,13,13,13,3,13,13,27,27,13,13,2,12,1,1,1,1,1,1,1,1,1,28,28,32,30,28,28,28,18,18,18,18,18,18,10,10,10,10,8,8,15,8,8,9,8,31,28,28,25,25,25,31,31,16,31,31,31,31,31,19,31,31,31,11,11,11,12,11,4,24,24,21,24,4,13,24,24,24,21,12,12,9,9,31,21,9,16,16,16,16,16,16,16,16,16,16,16,11,16,16,16,16,16,6,16,7,29,29,11,29,21,21,21,21,9,23,6,4,4,30,4,9,9,9,4,4,23,1.0,2.0,2.0,1.0,6,6,13,20
13772,2.027027027027027,0.7839967155192474,2,0,0,"[17, 14, 5]",65,86,71,3.0,3.0,2.0,2.0,2.0,2.0,1.0,3.0,3.0,1.0,3.0,1.0,1.0,2.0,1.0,2.0,2.0,2.0,1.0,2.0,3.0,1.0,3.0,3.0,1.0,1.0,3.0,1.0,3.0,3.0,1.0,1.0,1.0,1.0,1.0,3.0,3.0,1.0,3.0,2.0,1.0,2.0,2.0,1.0,1.0,2.0,2.0,1.0,1.0,1.0,1.0,2.0,2.0,3.0,2.0,2.0,2.0,2.0,3.0,1.0,2.0,3.0,2.0,3.0,2.0,1.0,2.0,3.0,2.0,1.0,2.0,1.0,2.0,2.0,1.0,1.0,2.0,2.0,3.0,3.0,1.0,3.0,1.0,3.0,1.0,3.0,2.0,2.0,2.0,1.0,1.0,2.0,3.0,3.0,3.0,2.0,2.0,1.0,1.0,1.0,3.0,1.0,1.0,2.0,3.0,2.0,3.0,1.0,1.0,2.0,3.0,3.0,3.0,3.0,1.0,2.0,3.0,3.0,3.0,1.0,2.0,3.0,2.0,3.0,3.0,2.0,3.0,2.0,3.0,2.0,3.0,2.0,1.0,2.0,1.0,3.0,2.0,3.0,3.0,3.0,1.0,1.0,3.0,2.0,2.0,3.0,3.0,2.0,2.0,2.0,1.0,2.0,2.0,1.0,1.0,2.0,1.0,2.0,1.0,2.0,3.0,1.0,2.0,3.0,2.0,3.0,3.0,1.0,3.0,2.0,2.0,1.0,2.0,1.0,2.0,1.0,3.0,3.0,3.0,2.0,2.0,3.0,3.0,2.0,3.0,2.0,2.0,1.0,1.0,3.0,1.0,3.0,3.0,2.0,2.0,2.0,2.0,3.0,2.0,2.0,1.0,2.0,1.0,2.0,3.0,3.0,2.0,2.0,2.0,2.0,1.0,3.0,2.0,3.0,3.0,2.0,1.0,2.0,27,27,27,6,20,20,6,13,6,6,27,6,8,6,7,27,27,6,20,27,27,13,13,13,8,30,7,12,7,3,20,16,7,12,13,2,2,20,2,2,2,2,7,7,7,7,20,7,7,20,20,6,7,6,20,20,7,2,7,7,7,6,6,3,19,15,15,15,15,15,15,16,8,15,15,3,3,3,3,3,20,32,32,32,32,3,13,13,13,13,13,6,13,13,3,6,6,13,13,20,13,13,13,1,1,1,1,1,1,1,1,1,28,28,32,30,28,28,28,18,18,18,18,18,18,10,10,10,31,30,8,15,8,15,8,6,8,25,25,25,25,25,31,31,16,31,31,31,31,31,19,16,16,4,11,11,21,12,11,21,24,26,21,24,30,24,24,24,24,21,12,12,12,26,12,21,12,9,16,16,16,16,16,16,16,16,4,16,11,16,16,16,23,16,16,16,16,29,29,29,29,4,9,21,21,10,21,30,4,30,30,30,9,9,9,4,4,23,1.0,2.0,3.0,2.0,6,6,27,27
13772,2.1126126126126126,0.7964419879703688,0,0,2,"[5, 29, 14, 17]",59,79,84,2.0,2.0,2.0,2.0,3.0,3.0,3.0,1.0,1.0,1.0,2.0,1.0,1.0,1.0,1.0,2.0,2.0,2.0,2.0,1.0,1.0,1.0,3.0,2.0,1.0,1.0,3.0,1.0,3.0,3.0,3.0,1.0,3.0,1.0,2.0,3.0,3.0,2.0,2.0,1.0,2.0,3.0,3.0,3.0,3.0,3.0,2.0,3.0,3.0,3.0,3.0,2.0,1.0,3.0,3.0,3.0,3.0,3.0,2.0,3.0,3.0,1.0,3.0,3.0,1.0,1.0,2.0,3.0,2.0,2.0,2.0,2.0,3.0,2.0,2.0,1.0,2.0,2.0,3.0,3.0,2.0,3.0,1.0,3.0,1.0,3.0,2.0,2.0,2.0,1.0,2.0,2.0,2.0,2.0,3.0,1.0,1.0,3.0,3.0,2.0,3.0,1.0,3.0,1.0,2.0,2.0,3.0,1.0,3.0,3.0,3.0,3.0,3.0,3.0,1.0,2.0,3.0,3.0,3.0,1.0,2.0,3.0,2.0,3.0,3.0,2.0,1.0,2.0,3.0,1.0,3.0,3.0,1.0,2.0,1.0,1.0,1.0,2.0,2.0,3.0,2.0,1.0,3.0,3.0,3.0,3.0,3.0,3.0,2.0,2.0,1.0,2.0,2.0,2.0,1.0,2.0,3.0,2.0,1.0,3.0,3.0,1.0,1.0,3.0,3.0,3.0,3.0,1.0,3.0,2.0,2.0,1.0,1.0,1.0,3.0,2.0,1.0,2.0,1.0,2.0,2.0,3.0,3.0,2.0,3.0,1.0,2.0,1.0,2.0,3.0,1.0,3.0,2.0,2.0,2.0,3.0,2.0,2.0,1.0,1.0,2.0,2.0,2.0,2.0,3.0,3.0,1.0,2.0,2.0,3.0,1.0,2.0,2.0,3.0,3.0,1.0,1.0,2.0,7,7,27,6,13,13,7,7,7,6,13,6,8,7,7,27,27,6,13,25,7,13,13,2,8,30,7,12,7,3,19,16,27,12,7,2,2,2,20,27,20,20,20,27,27,6,20,27,27,6,6,6,20,6,27,27,6,6,20,6,20,20,20,3,20,15,15,15,15,2,15,15,15,15,2,3,3,3,3,3,32,32,32,32,32,3,13,13,13,13,2,6,27,27,3,12,2,27,27,13,13,13,30,21,12,1,1,1,21,21,1,1,28,28,32,30,28,28,28,18,18,18,18,18,18,10,31,10,31,8,8,6,8,15,8,8,15,28,28,25,31,25,31,6,31,31,31,7,31,31,19,16,16,31,11,11,11,12,11,11,24,26,26,24,24,24,24,24,24,21,12,12,9,26,23,12,13,16,10,16,16,16,16,16,16,21,4,16,16,16,16,16,16,16,16,4,16,26,4,11,31,4,21,21,21,10,23,30,4,4,30,4,9,9,9,27,4,23,1.0,2.0,2.0,2.0,6,6,13,27
13772,2.0855855855855854,0.7471631836210249,5,0,0,"[14, 5]",53,97,72,1.0,1.0,1.0,2.0,2.0,2.0,2.0,2.0,2.0,2.0,3.0,3.0,3.0,3.0,3.0,2.0,2.0,1.0,2.0,2.0,3.0,2.0,2.0,2.0,1.0,2.0,3.0,1.0,3.0,2.0,3.0,2.0,1.0,2.0,2.0,3.0,3.0,2.0,1.0,2.0,2.0,1.0,1.0,2.0,2.0,3.0,1.0,2.0,2.0,3.0,3.0,2.0,3.0,3.0,1.0,1.0,3.0,1.0,1.0,3.0,1.0,3.0,2.0,2.0,2.0,1.0,2.0,3.0,2.0,2.0,2.0,2.0,2.0,2.0,2.0,1.0,2.0,2.0,3.0,3.0,3.0,3.0,1.0,3.0,1.0,2.0,2.0,2.0,2.0,1.0,2.0,2.0,3.0,3.0,1.0,3.0,3.0,1.0,1.0,2.0,3.0,1.0,1.0,2.0,3.0,2.0,3.0,1.0,1.0,2.0,3.0,3.0,2.0,2.0,3.0,1.0,3.0,3.0,2.0,3.0,1.0,3.0,2.0,3.0,3.0,1.0,3.0,2.0,3.0,1.0,3.0,2.0,1.0,2.0,1.0,1.0,1.0,3.0,3.0,3.0,2.0,1.0,3.0,1.0,2.0,3.0,3.0,2.0,2.0,2.0,3.0,2.0,2.0,2.0,1.0,1.0,1.0,2.0,1.0,3.0,3.0,3.0,3.0,3.0,3.0,2.0,3.0,2.0,3.0,2.0,2.0,1.0,2.0,1.0,2.0,2.0,3.0,3.0,1.0,2.0,2.0,3.0,3.0,2.0,2.0,2.0,3.0,1.0,1.0,2.0,2.0,3.0,3.0,2.0,1.0,2.0,2.0,2.0,1.0,2.0,2.0,3.0,2.0,2.0,3.0,1.0,2.0,2.0,1.0,2.0,1.0,3.0,2.0,3.0,3.0,2.0,2.0,2.0,20,20,20,6,20,20,20,20,20,20,27,20,20,27,27,27,27,7,13,27,27,27,27,2,8,7,7,12,7,7,19,7,7,7,7,2,2,2,7,2,20,7,6,6,6,6,6,6,6,6,6,6,6,6,6,6,6,7,6,6,6,6,6,25,19,15,15,15,15,2,15,15,8,15,2,3,3,3,3,3,28,32,32,32,32,28,13,13,13,13,2,6,13,13,20,13,13,13,13,13,13,13,13,1,1,1,1,1,1,1,1,1,11,11,28,28,28,28,31,17,17,18,18,18,18,11,10,10,31,8,8,15,8,15,8,8,15,25,25,25,31,25,31,10,16,31,31,31,31,31,28,16,16,31,11,30,21,12,11,11,24,24,24,24,24,13,24,28,24,21,12,12,12,26,12,12,12,9,10,16,16,16,16,16,23,16,23,16,11,23,23,16,23,16,23,16,16,26,4,29,31,21,21,21,21,21,21,30,30,30,30,30,9,9,9,4,23,23,1.0,2.0,3.0,2.0,6,6,27,27
13772,2.0945945945945947,0.775803520146114,3,0,0,"[5, 14, 17]",57,87,78,1.0,1.0,1.0,1.0,2.0,2.0,2.0,2.0,2.0,2.0,3.0,3.0,3.0,3.0,3.0,2.0,2.0,3.0,3.0,2.0,3.0,1.0,1.0,1.0,1.0,1.0,3.0,1.0,3.0,2.0,3.0,2.0,1.0,2.0,2.0,3.0,3.0,2.0,1.0,2.0,1.0,1.0,1.0,2.0,2.0,3.0,1.0,2.0,2.0,3.0,3.0,2.0,3.0,3.0,1.0,1.0,3.0,3.0,1.0,3.0,2.0,3.0,2.0,3.0,2.0,1.0,2.0,3.0,3.0,2.0,2.0,2.0,3.0,2.0,2.0,1.0,2.0,2.0,3.0,3.0,2.0,3.0,1.0,3.0,2.0,3.0,2.0,2.0,2.0,1.0,2.0,2.0,3.0,3.0,2.0,3.0,3.0,1.0,1.0,2.0,3.0,1.0,1.0,2.0,1.0,2.0,3.0,2.0,3.0,3.0,3.0,3.0,3.0,3.0,1.0,2.0,3.0,3.0,3.0,1.0,2.0,3.0,2.0,3.0,3.0,1.0,3.0,2.0,2.0,1.0,3.0,2.0,1.0,2.0,1.0,1.0,1.0,3.0,3.0,3.0,1.0,1.0,3.0,2.0,2.0,3.0,3.0,2.0,2.0,2.0,2.0,2.0,2.0,1.0,1.0,2.0,3.0,2.0,1.0,3.0,3.0,3.0,3.0,3.0,2.0,1.0,3.0,1.0,3.0,2.0,1.0,1.0,1.0,1.0,3.0,1.0,2.0,2.0,3.0,2.0,2.0,3.0,3.0,2.0,2.0,2.0,2.0,1.0,2.0,2.0,2.0,3.0,3.0,2.0,1.0,3.0,2.0,2.0,2.0,2.0,2.0,2.0,1.0,2.0,3.0,3.0,2.0,2.0,1.0,3.0,1.0,2.0,2.0,3.0,3.0,2.0,1.0,2.0,20,20,20,20,20,20,20,20,20,20,27,20,20,27,27,27,27,27,27,27,27,13,7,7,8,30,7,12,7,7,19,7,7,7,7,2,2,2,7,2,2,7,6,6,6,6,6,6,6,6,6,6,6,6,6,6,6,6,6,6,7,6,6,3,19,15,15,15,8,2,15,15,15,15,2,3,3,3,3,3,32,32,32,32,8,3,13,13,13,13,2,6,13,13,13,13,13,13,13,13,13,13,13,1,21,1,1,30,21,21,1,1,28,28,32,30,28,28,28,18,18,18,18,18,18,11,10,10,10,8,8,15,8,15,8,8,15,25,25,25,25,25,31,31,16,31,31,31,31,31,31,16,16,4,11,11,11,12,11,11,24,24,24,24,30,30,24,24,24,21,23,12,9,26,23,21,9,16,16,16,16,16,16,16,23,16,4,16,16,23,23,16,23,16,23,4,16,26,29,29,31,4,9,21,21,10,21,30,30,4,30,4,9,9,9,4,4,23,1.0,1.0,3.0,1.0,6,20,27,20
